reading_id,timestamp,machine_id,line_id,machine_type,air_temp_k,process_temp_k,rpm,torque_nm,tool_wear_min,failure
1,2026-09-01 00:05:00,7,LINE_A,M,300.0,310.0,1396,35.7,122,0
2,2026-09-01 00:15:00,5,LINE_A,L,297.6,307.5,1545,39.0,41,0
3,2026-09-01 00:24:00,11,LINE_B,H,299.7,309.5,1409,40.6,94,0
4,2026-09-01 00:29:00,14,LINE_B,M,298.1,307.2,1469,49.2,109,0
5,2026-09-01 00:41:00,6,LINE_A,L,299.4,310.6,1772,33.5,198,0
6,2026-09-01 00:58:00,16,LINE_B,H,294.9,304.5,1513,34.4,29,0
7,2026-09-01 01:24:00,13,LINE_B,M,297.7,309.2,1211,57.7,22,0
8,2026-09-01 01:28:00,4,LINE_A,M,302.9,312.9,1464,48.1,24,0
9,2026-09-01 01:38:00,19,LINE_B,L,301.7,312.3,1550,28.4,205,0
10,2026-09-01 01:41:00,1,LINE_A,L,302.6,313.2,1547,41.8,103,0
11,2026-09-01 01:46:00,14,LINE_B,L,302.8,312.0,1640,31.3,98,0
12,2026-09-01 01:49:00,9,LINE_A,H,301.3,311.7,1625,31.5,24,0
13,2026-09-01 02:09:00,14,LINE_B,M,299.1,311.0,1515,55.7,51,0
14,2026-09-01 02:25:00,16,LINE_B,H,297.9,308.2,1325,47.4,35,0
15,2026-09-01 02:25:00,14,LINE_B,L,302.3,313.2,1461,40.6,179,0
16,2026-09-01 02:29:00,14,LINE_B,L,300.1,310.8,1428,44.0,197,0
17,2026-09-01 02:33:00,17,LINE_B,M,305.0,315.3,1489,48.5,67,0
18,2026-09-01 02:39:00,15,LINE_B,L,299.3,309.5,1664,30.7,80,0
19,2026-09-01 02:46:00,17,LINE_B,H,303.9,314.5,1613,33.6,43,0
20,2026-09-01 03:02:00,9,LINE_A,M,299.7,310.4,1688,40.8,25,0
21,2026-09-01 03:09:00,5,LINE_A,M,302.7,311.3,1471,29.9,10,0
22,2026-09-01 03:17:00,5,LINE_A,L,303.4,313.6,1812,39.8,55,0
23,2026-09-01 03:33:00,13,LINE_B,H,298.0,307.8,1661,23.5,2,0
24,2026-09-01 03:40:00,11,LINE_B,H,299.0,308.6,1560,37.4,3,0
25,2026-09-01 04:01:00,2,LINE_A,M,297.9,309.2,1649,24.0,34,0
26,2026-09-01 04:08:00,5,LINE_A,L,297.5,306.8,1418,35.2,216,0
27,2026-09-01 04:16:00,20,LINE_B,L,301.3,309.9,1160,61.8,44,0
28,2026-09-01 04:38:00,15,LINE_B,L,299.6,310.4,1431,51.6,167,0
29,2026-09-01 04:42:00,16,LINE_B,L,300.1,308.7,1675,45.2,35,0
30,2026-09-01 04:48:00,4,LINE_A,M,301.1,309.2,1554,28.0,67,0
31,2026-09-01 05:06:00,2,LINE_A,M,296.3,307.2,1515,32.3,87,0
32,2026-09-01 05:20:00,6,LINE_A,H,302.6,312.7,1387,47.3,54,0
33,2026-09-01 05:24:00,18,LINE_B,L,299.3,309.8,1188,56.3,191,0
34,2026-09-01 05:44:00,11,LINE_B,L,301.1,310.6,1796,25.9,60,0
35,2026-09-01 05:47:00,16,LINE_B,L,301.2,309.9,1503,36.5,178,0
36,2026-09-01 05:53:00,10,LINE_A,L,302.7,311.6,1463,33.3,96,0
37,2026-09-01 05:58:00,10,LINE_A,L,299.8,309.5,1419,56.9,106,0
38,2026-09-01 06:02:00,13,LINE_B,L,295.8,304.5,1766,29.4,76,0
39,2026-09-01 06:07:00,20,LINE_B,L,300.1,310.4,1699,35.5,239,0
40,2026-09-01 06:08:00,9,LINE_A,M,300.4,309.9,1366,45.9,118,0
41,2026-09-01 06:21:00,12,LINE_B,L,297.9,308.1,1750,42.6,111,0
42,2026-09-01 06:21:00,19,LINE_B,H,300.3,310.5,1514,33.2,71,0
43,2026-09-01 06:29:00,8,LINE_A,M,299.3,309.7,1430,52.6,131,0
44,2026-09-01 06:38:00,17,LINE_B,L,297.3,307.8,1487,31.4,68,0
45,2026-09-01 06:46:00,11,LINE_B,H,301.3,311.0,1399,53.6,31,0
46,2026-09-01 06:59:00,18,LINE_B,H,298.9,309.1,1302,33.4,73,0
47,2026-09-01 07:03:00,10,LINE_A,L,299.2,309.4,1680,35.0,68,0
48,2026-09-01 07:11:00,13,LINE_B,L,299.1,306.6,1500,54.2,22,0
49,2026-09-01 07:27:00,7,LINE_A,M,302.5,313.1,1651,42.2,85,0
50,2026-09-01 07:28:00,13,LINE_B,L,299.9,310.1,1592,41.8,48,0
51,2026-09-01 07:33:00,7,LINE_A,L,300.2,310.7,1639,28.7,140,0
52,2026-09-01 07:34:00,13,LINE_B,L,299.1,307.8,1172,45.2,25,0
53,2026-09-01 07:35:00,16,LINE_B,M,300.9,310.6,1384,55.4,68,0
54,2026-09-01 07:39:00,9,LINE_A,M,302.7,311.6,1642,40.7,34,0
55,2026-09-01 07:57:00,9,LINE_A,M,301.3,312.0,1311,,76,0
56,2026-09-01 07:57:00,7,LINE_A,M,301.4,310.0,1607,38.6,32,0
57,2026-09-01 08:00:00,15,LINE_B,L,301.2,310.3,1290,45.3,60,0
58,2026-09-01 08:02:00,12,LINE_B,M,297.2,307.8,1543,46.0,130,0
59,2026-09-01 08:04:00,11,LINE_B,L,298.2,307.6,1830,33.4,235,1
60,2026-09-01 08:10:00,1,LINE_A,L,299.6,308.7,1679,34.5,78,0
61,2026-09-01 08:19:00,3,LINE_A,M,298.5,309.5,1207,38.7,92,0
62,2026-09-01 08:19:00,1,LINE_A,L,297.9,308.8,1693,43.1,85,0
63,2026-09-01 08:42:00,18,LINE_B,M,296.3,307.0,1868,33.7,24,0
64,2026-09-01 08:57:00,18,LINE_B,M,297.3,308.2,2043,20.0,14,0
65,2026-09-01 09:02:00,2,LINE_A,M,299.5,309.3,1626,46.9,128,0
66,2026-09-01 09:03:00,1,LINE_A,M,299.9,309.7,1294,49.3,9,0
67,2026-09-01 09:04:00,16,LINE_B,M,298.4,307.8,1618,39.8,71,0
68,2026-09-01 09:13:00,11,LINE_B,L,300.2,310.3,1827,38.5,52,0
69,2026-09-01 09:21:00,7,LINE_A,L,299.1,308.6,1506,46.4,182,0
70,2026-09-01 09:24:00,13,LINE_B,L,302.2,311.7,1728,36.7,32,0
71,2026-09-01 09:27:00,5,LINE_A,L,299.7,310.3,1389,43.0,138,0
72,2026-09-01 09:42:00,4,LINE_A,L,301.4,312.6,1607,53.9,82,1
73,2026-09-01 10:01:00,8,LINE_A,H,300.4,310.8,1150,45.8,50,0
74,2026-09-01 10:08:00,18,LINE_B,L,297.2,309.0,1369,51.1,44,0
75,2026-09-01 10:24:00,16,LINE_B,L,299.8,309.1,1539,,28,0
76,2026-09-01 10:32:00,4,LINE_A,L,297.5,305.7,1475,45.6,42,0
77,2026-09-01 10:48:00,12,LINE_B,L,299.8,310.5,1306,56.9,138,0
78,2026-09-01 10:49:00,18,LINE_B,M,298.5,307.7,1450,40.2,93,0
79,2026-09-01 11:01:00,20,LINE_B,M,300.8,310.5,1599,43.0,130,0
80,2026-09-01 11:03:00,16,LINE_B,M,297.3,305.5,1524,42.6,136,0
81,2026-09-01 11:06:00,3,LINE_A,M,300.0,309.1,1551,34.5,108,0
82,2026-09-01 11:25:00,5,LINE_A,L,301.1,309.6,1672,46.1,2,0
83,2026-09-01 11:52:00,5,LINE_A,H,301.8,311.4,1478,47.5,67,0
84,2026-09-01 11:53:00,4,LINE_A,L,298.5,308.1,1785,29.2,169,0
85,2026-09-01 12:01:00,4,LINE_A,L,300.0,310.1,1362,54.2,169,0
86,2026-09-01 12:01:00,7,LINE_A,L,300.4,311.6,1887,22.9,158,0
87,2026-09-01 12:13:00,12,LINE_B,M,303.1,313.8,1740,33.8,99,0
88,2026-09-01 12:25:00,8,LINE_A,L,297.0,305.4,1476,38.5,140,0
89,2026-09-01 12:32:00,9,LINE_A,L,298.2,308.8,1488,47.6,148,0
90,2026-09-01 12:41:00,5,LINE_A,M,305.6,315.7,1577,35.0,100,0
91,2026-09-01 12:47:00,4,LINE_A,L,299.5,309.4,1648,42.8,10,0
92,2026-09-01 12:57:00,20,LINE_B,M,296.2,306.2,1737,38.8,73,0
93,2026-09-01 13:10:00,12,LINE_B,L,298.8,309.0,1299,44.2,30,0
94,2026-09-01 13:10:00,5,LINE_A,L,294.5,303.8,1619,52.3,222,1
95,2026-09-01 13:10:00,17,LINE_B,L,300.5,310.3,1159,45.5,237,1
96,2026-09-01 13:12:00,17,LINE_B,M,301.6,312.8,1508,29.7,22,0
97,2026-09-01 13:18:00,20,LINE_B,L,298.2,307.5,1802,39.0,213,0
98,2026-09-01 13:23:00,4,LINE_A,L,299.1,308.0,1285,30.5,113,0
99,2026-09-01 13:24:00,13,LINE_B,L,301.8,311.8,1252,,161,0
100,2026-09-01 13:24:00,20,LINE_B,H,296.5,305.4,1580,39.6,62,0
101,2026-09-01 13:25:00,17,LINE_B,H,297.4,305.6,1790,21.1,11,0
102,2026-09-01 13:25:00,5,LINE_A,M,299.5,309.2,1599,30.7,131,0
103,2026-09-01 13:33:00,18,LINE_B,L,298.5,309.9,1197,37.2,153,0
104,2026-09-01 13:37:00,9,LINE_A,H,299.4,309.4,1237,52.2,46,0
105,2026-09-01 13:37:00,10,LINE_A,M,297.5,307.7,1558,28.9,88,0
106,2026-09-01 13:46:00,12,LINE_B,M,300.4,308.3,1328,50.4,140,1
107,2026-09-01 13:46:00,16,LINE_B,L,299.7,310.1,1565,36.8,155,0
108,2026-09-01 14:19:00,3,LINE_A,L,301.1,311.2,1575,35.1,157,0
109,2026-09-01 14:20:00,11,LINE_B,L,300.4,309.7,1452,46.7,210,0
110,2026-09-01 14:39:00,17,LINE_B,H,300.4,310.6,1867,35.2,67,0
111,2026-09-01 14:55:00,11,LINE_B,L,297.1,307.3,1646,46.0,34,0
112,2026-09-01 15:04:00,6,LINE_A,L,301.0,309.9,1758,28.4,196,0
113,2026-09-01 15:05:00,2,LINE_A,L,299.3,309.7,1706,34.8,215,0
114,2026-09-01 15:15:00,11,LINE_B,M,299.7,310.9,1513,35.7,106,0
115,2026-09-01 15:16:00,15,LINE_B,L,302.1,311.9,1505,42.4,36,0
116,2026-09-01 15:29:00,11,LINE_B,H,298.6,307.7,1486,35.4,50,0
117,2026-09-01 15:53:00,20,LINE_B,M,302.7,312.5,1663,32.9,7,0
118,2026-09-01 16:04:00,13,LINE_B,M,302.9,313.7,1423,40.2,111,0
119,2026-09-01 16:09:00,11,LINE_B,L,301.5,310.3,1851,33.0,229,0
120,2026-09-01 16:13:00,2,LINE_A,M,298.0,308.6,1406,44.1,5,0
121,2026-09-01 16:21:00,12,LINE_B,M,295.6,304.9,1579,42.9,16,0
122,2026-09-01 16:21:00,4,LINE_A,M,302.2,312.4,1499,40.4,134,0
123,2026-09-01 16:23:00,15,LINE_B,L,300.2,309.7,1459,37.8,191,0
124,2026-09-01 16:31:00,4,LINE_A,L,298.5,307.9,1931,29.8,197,0
125,2026-09-01 16:32:00,19,LINE_B,L,302.3,313.9,1461,,50,0
126,2026-09-01 16:34:00,7,LINE_A,L,298.3,306.9,1485,46.2,153,0
127,2026-09-01 16:39:00,9,LINE_A,L,299.2,309.6,1420,41.3,198,0
128,2026-09-01 16:47:00,3,LINE_A,L,301.0,312.8,1547,41.4,16,0
129,2026-09-01 16:51:00,5,LINE_A,L,297.8,308.5,1522,42.3,68,0
130,2026-09-01 16:54:00,19,LINE_B,M,299.8,308.4,1339,58.9,42,0
131,2026-09-01 16:57:00,6,LINE_A,L,302.2,310.9,1464,45.3,129,0
132,2026-09-01 16:59:00,11,LINE_B,H,300.4,309.7,1650,37.3,24,0
133,2026-09-01 17:10:00,20,LINE_B,M,302.5,312.7,1725,28.9,49,0
134,2026-09-01 17:35:00,13,LINE_B,L,302.3,312.5,1544,46.3,61,0
135,2026-09-01 17:48:00,1,LINE_A,M,300.0,308.7,1551,37.5,9,0
136,2026-09-01 17:49:00,8,LINE_A,L,295.3,304.5,1475,29.7,161,0
137,2026-09-01 17:54:00,8,LINE_A,H,297.8,307.0,1450,41.2,61,0
138,2026-09-01 18:23:00,6,LINE_A,L,301.5,311.3,1374,46.5,210,0
139,2026-09-01 18:32:00,5,LINE_A,M,296.9,308.9,1260,41.9,83,0
140,2026-09-01 18:39:00,11,LINE_B,L,299.3,308.4,1414,42.8,163,0
141,2026-09-01 18:40:00,8,LINE_A,L,300.7,309.7,1703,34.5,86,0
142,2026-09-01 18:43:00,6,LINE_A,L,302.9,311.8,1464,41.8,93,0
143,2026-09-01 18:51:00,9,LINE_A,H,298.8,309.5,1478,51.7,39,0
144,2026-09-01 18:54:00,7,LINE_A,M,298.7,308.7,1474,31.5,139,0
145,2026-09-01 19:04:00,5,LINE_A,L,299.9,309.0,1764,49.5,113,1
146,2026-09-01 19:08:00,10,LINE_A,L,300.7,310.3,1373,44.8,207,0
147,2026-09-01 19:18:00,19,LINE_B,L,299.7,308.9,1590,43.1,76,0
148,2026-09-01 19:30:00,11,LINE_B,M,302.1,312.4,1528,41.4,98,0
149,2026-09-01 19:51:00,12,LINE_B,L,298.4,311.1,1552,25.8,65,0
150,2026-09-01 19:59:00,20,LINE_B,L,300.2,310.8,1584,30.2,95,0
151,2026-09-01 20:17:00,13,LINE_B,H,300.9,310.8,1550,35.5,82,0
152,2026-09-01 20:17:00,5,LINE_A,H,299.2,308.5,1683,43.7,66,0
153,2026-09-01 20:22:00,8,LINE_A,L,301.7,310.3,1535,29.1,116,0
154,2026-09-01 20:24:00,10,LINE_A,M,300.3,311.0,1854,23.7,58,0
155,2026-09-01 20:37:00,10,LINE_A,L,301.6,312.3,1548,41.1,191,0
156,2026-09-01 20:54:00,3,LINE_A,M,300.4,309.9,1233,53.0,22,0
157,2026-09-01 21:11:00,3,LINE_A,L,300.8,312.0,1655,40.1,203,0
158,2026-09-01 21:17:00,7,LINE_A,M,298.7,308.8,1611,30.0,89,0
159,2026-09-01 21:28:00,19,LINE_B,M,298.7,309.5,1546,27.0,47,0
160,2026-09-01 21:28:00,15,LINE_B,M,302.4,312.7,1493,45.7,100,0
161,2026-09-01 21:30:00,17,LINE_B,L,301.3,311.1,1159,62.9,237,1
162,2026-09-01 21:32:00,4,LINE_A,H,298.0,307.0,1190,47.8,33,0
163,2026-09-01 21:34:00,9,LINE_A,L,300.4,310.2,1837,21.9,94,0
164,2026-09-01 21:55:00,12,LINE_B,L,295.3,306.1,1435,39.7,223,0
165,2026-09-01 22:02:00,9,LINE_A,M,298.9,308.3,1714,37.9,49,0
166,2026-09-01 22:07:00,9,LINE_A,L,301.9,312.4,1251,46.8,205,0
167,2026-09-01 22:09:00,8,LINE_A,H,299.7,308.7,1352,56.9,86,0
168,2026-09-01 22:09:00,2,LINE_A,H,300.2,311.0,1662,43.7,56,0
169,2026-09-01 22:12:00,18,LINE_B,L,294.0,304.3,1522,42.0,19,0
170,2026-09-01 22:19:00,19,LINE_B,H,299.2,308.0,1637,21.5,6,0
171,2026-09-01 22:20:00,2,LINE_A,L,300.7,310.5,1538,34.5,67,0
172,2026-09-01 22:24:00,9,LINE_A,M,300.9,311.9,1503,36.7,2,0
173,2026-09-01 22:30:00,11,LINE_B,L,301.9,310.7,1418,37.7,183,0
174,2026-09-01 22:53:00,16,LINE_B,H,299.6,308.5,1325,48.0,61,0
175,2026-09-01 23:31:00,20,LINE_B,L,299.7,309.6,1792,34.1,109,0
176,2026-09-01 23:38:00,9,LINE_A,L,297.3,309.5,1822,18.1,195,1
177,2026-09-01 23:51:00,15,LINE_B,L,299.6,308.9,1353,52.0,32,0
178,2026-09-01 23:54:00,19,LINE_B,H,297.5,308.0,1341,46.1,48,0
179,2026-09-02 00:14:00,17,LINE_B,H,296.3,306.6,1477,44.7,32,0
180,2026-09-02 00:19:00,6,LINE_A,M,297.8,307.2,1601,44.1,3,0
181,2026-09-02 00:22:00,17,LINE_B,H,303.0,313.2,1507,34.8,46,0
182,2026-09-02 00:47:00,9,LINE_A,H,299.5,309.0,1630,47.4,14,0
183,2026-09-02 00:55:00,1,LINE_A,M,300.4,310.1,1531,39.1,6,0
184,2026-09-02 00:57:00,16,LINE_B,L,299.0,307.3,1519,52.7,50,0
185,2026-09-02 01:13:00,17,LINE_B,M,296.4,306.4,1974,19.8,28,0
186,2026-09-02 01:23:00,7,LINE_A,M,301.9,312.8,1445,54.3,90,0
187,2026-09-02 01:34:00,10,LINE_A,L,295.7,305.7,1835,23.9,190,0
188,2026-09-02 01:36:00,8,LINE_A,L,298.9,310.0,1800,52.6,116,1
189,2026-09-02 01:39:00,3,LINE_A,M,299.9,310.5,1631,29.7,92,0
190,2026-09-02 01:46:00,20,LINE_B,L,300.5,310.4,1193,58.9,24,0
191,2026-09-02 02:19:00,1,LINE_A,H,298.5,307.9,1546,36.9,75,0
192,2026-09-02 02:27:00,12,LINE_B,L,296.3,305.8,1447,48.5,120,0
193,2026-09-02 02:42:00,1,LINE_A,L,298.4,306.9,1544,39.6,102,0
194,2026-09-02 02:45:00,14,LINE_B,H,298.5,308.2,1349,37.0,83,0
195,2026-09-02 03:02:00,19,LINE_B,L,298.5,308.6,1676,13.5,75,1
196,2026-09-02 03:03:00,13,LINE_B,L,301.9,313.7,1717,54.7,105,1
197,2026-09-02 03:07:00,13,LINE_B,M,297.6,308.1,1751,34.3,133,0
198,2026-09-02 03:08:00,17,LINE_B,H,300.6,309.7,1471,18.5,14,1
199,2026-09-02 03:18:00,20,LINE_B,L,300.3,308.9,1349,48.1,125,1
200,2026-09-02 03:18:00,18,LINE_B,L,301.9,311.7,1603,43.6,138,0
201,2026-09-02 03:32:00,5,LINE_A,M,299.7,310.5,1856,24.8,101,0
202,2026-09-02 03:33:00,12,LINE_B,H,301.6,311.4,1552,34.0,89,0
203,2026-09-02 03:38:00,17,LINE_B,M,299.7,310.2,1621,37.4,49,0
204,2026-09-02 03:54:00,6,LINE_A,L,300.9,310.7,1498,50.9,27,0
205,2026-09-02 03:59:00,14,LINE_B,L,297.0,307.7,1449,43.5,95,0
206,2026-09-02 04:09:00,1,LINE_A,L,294.7,303.1,1658,48.2,37,0
207,2026-09-02 04:29:00,18,LINE_B,L,300.8,312.4,1521,49.6,174,0
208,2026-09-02 04:33:00,13,LINE_B,M,300.9,309.7,1613,36.0,82,0
209,2026-09-02 04:51:00,15,LINE_B,L,301.0,311.7,1631,24.7,181,0
210,2026-09-02 05:02:00,17,LINE_B,M,299.0,308.7,1603,36.3,49,0
211,2026-09-02 05:05:00,5,LINE_A,M,303.0,312.9,1640,41.2,137,0
212,2026-09-02 05:31:00,10,LINE_A,M,299.1,308.8,1386,45.1,128,0
213,2026-09-02 05:45:00,18,LINE_B,L,300.8,311.1,1375,50.0,219,0
214,2026-09-02 05:49:00,4,LINE_A,H,301.2,311.6,1532,47.1,68,0
215,2026-09-02 05:51:00,17,LINE_B,M,303.4,314.5,1537,44.3,26,0
216,2026-09-02 06:03:00,6,LINE_A,M,299.4,310.8,1446,40.6,21,0
217,2026-09-02 06:09:00,12,LINE_B,L,298.7,309.0,1583,42.9,229,0
218,2026-09-02 06:28:00,11,LINE_B,L,297.0,308.7,1703,53.0,208,1
219,2026-09-02 06:35:00,14,LINE_B,H,303.1,313.2,1754,21.7,84,0
220,2026-09-02 06:41:00,17,LINE_B,L,300.8,311.9,1794,36.3,154,0
221,2026-09-02 06:43:00,7,LINE_A,L,300.9,311.3,1303,61.8,205,1
222,2026-09-02 06:48:00,4,LINE_A,L,306.2,315.7,1331,36.9,118,0
223,2026-09-02 06:52:00,9,LINE_A,M,300.7,310.8,1488,49.6,23,0
224,2026-09-02 06:59:00,13,LINE_B,H,297.4,307.9,1554,48.6,24,0
225,2026-09-02 06:59:00,16,LINE_B,L,299.6,309.6,1497,29.5,204,0
226,2026-09-02 07:11:00,16,LINE_B,H,298.1,308.5,1441,48.7,62,0
227,2026-09-02 07:19:00,7,LINE_A,L,299.2,310.1,1485,39.5,239,0
228,2026-09-02 07:20:00,19,LINE_B,M,299.2,309.2,1627,36.9,129,0
229,2026-09-02 07:31:00,2,LINE_A,M,298.8,305.9,1301,44.6,109,1
230,2026-09-02 07:57:00,3,LINE_A,L,297.2,308.9,1962,37.8,9,0
231,2026-09-02 08:01:00,1,LINE_A,L,303.2,312.9,1544,39.0,44,0
232,2026-09-02 08:08:00,19,LINE_B,L,300.6,309.8,1729,30.6,90,0
233,2026-09-02 08:09:00,4,LINE_A,H,299.5,308.4,1436,39.6,3,0
234,2026-09-02 08:13:00,13,LINE_B,M,301.5,311.2,1643,34.2,134,0
235,2026-09-02 08:24:00,17,LINE_B,H,300.9,310.4,1558,30.8,22,0
236,2026-09-02 08:30:00,16,LINE_B,H,300.6,309.8,1694,31.6,36,0
237,2026-09-02 08:41:00,19,LINE_B,L,301.4,310.7,1504,42.0,161,0
238,2026-09-02 08:47:00,2,LINE_A,M,300.3,310.8,1819,34.9,5,0
239,2026-09-02 09:04:00,9,LINE_A,L,301.3,313.4,1271,57.7,152,0
240,2026-09-02 09:39:00,11,LINE_B,L,301.5,312.3,1711,36.8,24,0
241,2026-09-02 09:50:00,14,LINE_B,H,300.3,311.4,1561,35.6,86,0
242,2026-09-02 09:54:00,13,LINE_B,M,299.6,309.2,1357,37.4,99,0
243,2026-09-02 09:57:00,12,LINE_B,L,303.1,313.2,1891,31.8,80,0
244,2026-09-02 09:58:00,7,LINE_A,M,299.0,309.5,1873,29.1,101,0
245,2026-09-02 10:21:00,3,LINE_A,M,300.8,310.1,1167,50.5,45,0
246,2026-09-02 10:24:00,9,LINE_A,H,300.8,310.4,1572,41.1,11,0
247,2026-09-02 10:26:00,6,LINE_A,M,298.8,309.6,1667,40.3,1,0
248,2026-09-02 10:29:00,12,LINE_B,L,298.4,309.5,1620,39.8,52,0
249,2026-09-02 10:30:00,16,LINE_B,L,299.3,309.4,1813,30.5,169,0
250,2026-09-02 10:42:00,12,LINE_B,L,299.0,307.8,1775,26.5,135,0
251,2026-09-02 10:48:00,12,LINE_B,M,297.1,306.8,1588,33.7,39,0
252,2026-09-02 11:02:00,1,LINE_A,H,298.7,307.3,1950,34.5,66,0
253,2026-09-02 11:04:00,13,LINE_B,L,300.5,310.6,1709,31.6,93,0
254,2026-09-02 11:15:00,9,LINE_A,L,302.5,312.8,1477,31.1,37,0
255,2026-09-02 11:27:00,3,LINE_A,L,301.1,310.8,1441,52.3,162,0
256,2026-09-02 11:28:00,5,LINE_A,M,294.8,305.0,1764,25.7,65,0
257,2026-09-02 11:35:00,16,LINE_B,H,301.3,311.7,1397,44.6,64,0
258,2026-09-02 11:42:00,19,LINE_B,L,298.9,309.1,1466,46.1,134,0
259,2026-09-02 12:01:00,11,LINE_B,L,300.9,309.7,1497,41.3,24,0
260,2026-09-02 12:05:00,20,LINE_B,M,300.0,309.7,1604,18.3,7,1
261,2026-09-02 12:18:00,4,LINE_A,L,299.6,310.0,1505,44.2,24,0
262,2026-09-02 12:22:00,6,LINE_A,H,299.8,311.4,1303,57.7,21,0
263,2026-09-02 12:24:00,19,LINE_B,L,300.0,309.7,1749,40.0,53,0
264,2026-09-02 12:26:00,4,LINE_A,L,302.7,313.2,1467,25.2,220,0
265,2026-09-02 12:29:00,14,LINE_B,H,300.0,310.8,1904,46.1,75,1
266,2026-09-02 12:40:00,5,LINE_A,L,302.2,312.0,1595,27.8,211,0
267,2026-09-02 12:42:00,7,LINE_A,L,301.9,313.0,1768,24.5,113,0
268,2026-09-02 12:51:00,10,LINE_A,L,301.3,312.5,1654,42.8,77,0
269,2026-09-02 12:54:00,8,LINE_A,L,296.4,307.8,1777,36.5,96,0
270,2026-09-02 12:55:00,18,LINE_B,L,302.2,312.7,1643,37.6,208,0
271,2026-09-02 13:06:00,20,LINE_B,L,299.1,311.4,1582,34.2,85,0
272,2026-09-02 13:13:00,11,LINE_B,L,301.4,310.8,1737,44.7,151,0
273,2026-09-02 13:28:00,11,LINE_B,L,298.1,310.2,1987,26.3,34,0
274,2026-09-02 13:42:00,2,LINE_A,M,297.6,308.4,1491,28.9,141,0
275,2026-09-02 13:43:00,5,LINE_A,M,304.0,315.3,1683,45.6,92,0
276,2026-09-02 13:49:00,1,LINE_A,L,298.1,307.8,1539,41.8,231,1
277,2026-09-02 13:51:00,18,LINE_B,L,302.3,313.1,1631,46.2,70,0
278,2026-09-02 14:10:00,5,LINE_A,M,300.2,311.7,1548,44.4,89,0
279,2026-09-02 14:17:00,7,LINE_A,H,299.2,308.1,1152,70.8,26,0
280,2026-09-02 14:21:00,17,LINE_B,H,299.9,309.7,1504,38.6,45,0
281,2026-09-02 14:21:00,15,LINE_B,L,297.4,305.3,1720,34.7,77,0
282,2026-09-02 14:29:00,13,LINE_B,L,300.0,309.8,1402,49.9,34,0
283,2026-09-02 14:45:00,1,LINE_A,L,297.8,307.0,1706,32.6,106,0
284,2026-09-02 14:45:00,12,LINE_B,L,299.2,309.0,1573,45.4,127,0
285,2026-09-02 15:01:00,12,LINE_B,M,301.9,314.8,1506,17.5,22,1
286,2026-09-02 15:03:00,7,LINE_A,L,300.5,312.2,1703,34.5,95,0
287,2026-09-02 15:05:00,15,LINE_B,L,297.0,305.6,1663,35.5,22,0
288,2026-09-02 15:11:00,19,LINE_B,L,301.7,312.3,1616,36.6,154,0
289,2026-09-02 15:18:00,6,LINE_A,M,300.0,310.8,1723,27.5,45,0
290,2026-09-02 15:27:00,7,LINE_A,L,298.9,308.6,1577,46.2,21,0
291,2026-09-02 15:35:00,7,LINE_A,H,301.5,311.7,1244,44.8,49,0
292,2026-09-02 15:44:00,17,LINE_B,L,299.7,309.9,1472,43.6,200,0
293,2026-09-02 15:45:00,2,LINE_A,H,297.7,306.3,1215,49.4,95,0
294,2026-09-02 15:51:00,18,LINE_B,L,303.7,312.7,1658,40.5,232,0
295,2026-09-02 15:53:00,16,LINE_B,H,300.0,310.1,1701,46.6,16,0
296,2026-09-02 15:54:00,10,LINE_A,H,299.8,309.9,1710,36.5,20,0
297,2026-09-02 15:54:00,12,LINE_B,H,299.2,308.5,1628,44.1,86,0
298,2026-09-02 15:58:00,18,LINE_B,H,302.4,311.6,1714,35.9,60,0
299,2026-09-02 16:04:00,16,LINE_B,M,299.0,308.9,1256,44.5,78,0
300,2026-09-02 16:06:00,6,LINE_A,M,296.9,307.8,1521,39.4,115,0
301,2026-09-02 16:09:00,2,LINE_A,M,298.6,308.6,1285,45.4,9,0
302,2026-09-02 16:10:00,14,LINE_B,L,302.7,314.3,1476,46.5,133,0
303,2026-09-02 16:15:00,3,LINE_A,M,301.7,311.0,1831,32.1,82,0
304,2026-09-02 16:34:00,2,LINE_A,M,299.5,309.7,1737,27.7,134,0
305,2026-09-02 16:49:00,20,LINE_B,H,302.7,312.4,1659,34.6,45,0
306,2026-09-02 16:51:00,10,LINE_A,L,301.5,312.1,1507,28.8,122,0
307,2026-09-02 16:52:00,14,LINE_B,L,299.5,308.7,1361,43.9,192,0
308,2026-09-02 17:19:00,5,LINE_A,M,299.7,311.6,1574,39.0,38,0
309,2026-09-02 17:28:00,3,LINE_A,L,300.7,309.0,1740,48.5,16,0
310,2026-09-02 17:34:00,2,LINE_A,L,298.3,310.1,1614,48.6,113,0
311,2026-09-02 17:51:00,8,LINE_A,L,300.0,310.1,1255,40.3,146,0
312,2026-09-02 18:00:00,1,LINE_A,L,300.6,311.2,1559,41.0,117,0
313,2026-09-02 18:09:00,9,LINE_A,L,296.6,308.0,1196,52.1,169,0
314,2026-09-02 18:17:00,7,LINE_A,L,299.6,310.5,1685,33.8,60,0
315,2026-09-02 18:21:00,11,LINE_B,L,299.4,308.7,1415,42.4,3,0
316,2026-09-02 18:24:00,12,LINE_B,L,302.1,312.7,1320,43.8,188,0
317,2026-09-02 18:39:00,7,LINE_A,L,296.3,308.2,1687,50.6,204,0
318,2026-09-02 18:44:00,10,LINE_A,M,299.2,308.3,1641,,89,0
319,2026-09-02 18:50:00,2,LINE_A,L,299.0,311.2,1582,41.5,75,0
320,2026-09-02 18:55:00,7,LINE_A,H,301.9,312.3,1935,7.9,35,1
321,2026-09-02 18:56:00,20,LINE_B,H,299.9,309.5,1654,43.2,46,0
322,2026-09-02 19:08:00,20,LINE_B,L,303.6,312.7,1424,53.0,101,0
323,2026-09-02 19:19:00,10,LINE_A,L,301.3,311.1,1633,28.8,53,0
324,2026-09-02 19:19:00,19,LINE_B,M,299.2,307.2,1489,37.4,53,0
325,2026-09-02 19:20:00,11,LINE_B,H,300.5,310.1,1768,36.8,28,0
326,2026-09-02 19:22:00,3,LINE_A,M,299.3,309.0,1591,38.6,64,0
327,2026-09-02 19:24:00,18,LINE_B,H,301.7,310.6,1608,41.7,36,0
328,2026-09-02 19:28:00,9,LINE_A,M,297.3,308.1,1280,45.5,76,0
329,2026-09-02 19:38:00,13,LINE_B,M,298.4,308.1,1551,54.6,116,0
330,2026-09-02 19:53:00,13,LINE_B,L,300.9,310.3,1530,34.9,79,0
331,2026-09-02 20:14:00,7,LINE_A,M,302.5,312.1,1356,67.1,8,1
332,2026-09-02 20:15:00,15,LINE_B,L,295.6,306.0,1500,,196,0
333,2026-09-02 20:24:00,11,LINE_B,M,302.7,312.8,1618,44.3,26,0
334,2026-09-02 20:39:00,8,LINE_A,H,299.7,309.0,1539,31.7,89,0
335,2026-09-02 20:47:00,6,LINE_A,L,296.2,306.4,1286,54.9,126,0
336,2026-09-02 21:00:00,15,LINE_B,M,294.0,303.9,1491,46.3,75,0
337,2026-09-02 21:09:00,5,LINE_A,L,296.9,305.8,1456,25.6,98,0
338,2026-09-02 21:34:00,3,LINE_A,M,300.0,309.7,1575,27.7,102,0
339,2026-09-02 21:35:00,18,LINE_B,L,299.9,310.4,1555,42.4,156,0
340,2026-09-02 21:41:00,7,LINE_A,H,301.3,311.8,1466,41.2,89,0
341,2026-09-02 21:42:00,13,LINE_B,L,298.9,308.7,1459,38.3,3,0
342,2026-09-02 21:46:00,15,LINE_B,H,297.8,308.5,1552,48.3,18,0
343,2026-09-02 21:48:00,17,LINE_B,H,299.2,308.2,1713,27.7,26,0
344,2026-09-02 21:53:00,13,LINE_B,M,300.1,309.1,1590,34.9,27,0
345,2026-09-02 22:13:00,15,LINE_B,M,300.5,310.2,1796,27.1,136,0
346,2026-09-02 22:14:00,17,LINE_B,M,298.4,309.9,1744,38.0,10,0
347,2026-09-02 22:19:00,19,LINE_B,H,301.8,312.0,1809,18.2,12,1
348,2026-09-02 22:36:00,1,LINE_A,L,298.8,308.5,1786,28.6,106,0
349,2026-09-02 23:00:00,15,LINE_B,M,298.3,309.8,1821,17.8,38,1
350,2026-09-02 23:16:00,4,LINE_A,L,298.9,308.6,1332,43.7,79,0
351,2026-09-03 00:06:00,18,LINE_B,M,302.1,314.4,1657,42.3,86,0
352,2026-09-03 00:18:00,1,LINE_A,L,299.7,309.2,1759,39.3,134,0
353,2026-09-03 00:35:00,5,LINE_A,M,298.6,307.6,1792,26.6,124,0
354,2026-09-03 00:53:00,4,LINE_A,M,301.9,311.7,1401,48.4,65,0
355,2026-09-03 01:00:00,13,LINE_B,L,304.3,314.0,1658,35.0,224,0
356,2026-09-03 01:01:00,1,LINE_A,M,300.4,309.6,1554,50.5,27,0
357,2026-09-03 01:12:00,1,LINE_A,M,302.5,315.1,1872,29.0,28,0
358,2026-09-03 01:19:00,11,LINE_B,M,302.1,312.4,1290,23.7,56,1
359,2026-09-03 01:21:00,20,LINE_B,L,298.8,309.3,1402,51.3,28,0
360,2026-09-03 01:23:00,11,LINE_B,M,300.1,309.6,1214,46.1,4,0
361,2026-09-03 01:39:00,9,LINE_A,H,297.4,306.9,1566,37.0,36,0
362,2026-09-03 01:47:00,14,LINE_B,L,299.6,310.6,1947,30.5,128,0
363,2026-09-03 02:03:00,12,LINE_B,L,298.7,307.1,1532,28.8,66,0
364,2026-09-03 02:07:00,8,LINE_A,L,299.2,308.1,1558,40.1,65,0
365,2026-09-03 02:14:00,12,LINE_B,M,298.5,308.3,1639,41.3,14,0
366,2026-09-03 02:22:00,1,LINE_A,L,299.4,310.8,1519,43.5,26,0
367,2026-09-03 02:29:00,5,LINE_A,M,301.1,310.7,1606,33.2,127,0
368,2026-09-03 02:50:00,14,LINE_B,M,299.8,310.2,1611,45.8,9,0
369,2026-09-03 03:08:00,7,LINE_A,L,296.3,306.3,1388,36.6,168,0
370,2026-09-03 03:13:00,2,LINE_A,H,298.5,309.8,1523,35.5,68,0
371,2026-09-03 03:14:00,3,LINE_A,M,297.0,305.4,1674,34.9,29,0
372,2026-09-03 03:16:00,18,LINE_B,L,300.5,311.2,1707,37.3,59,0
373,2026-09-03 03:18:00,7,LINE_A,L,301.0,310.8,1774,30.4,88,0
374,2026-09-03 03:38:00,1,LINE_A,L,300.5,311.4,1600,48.0,158,0
375,2026-09-03 03:41:00,15,LINE_B,L,298.4,307.6,1604,40.4,8,0
376,2026-09-03 04:01:00,11,LINE_B,L,300.5,310.5,1675,36.6,195,0
377,2026-09-03 04:22:00,10,LINE_A,H,299.1,309.0,1433,45.3,32,0
378,2026-09-03 04:42:00,18,LINE_B,L,297.7,306.7,1426,49.3,119,0
379,2026-09-03 04:43:00,7,LINE_A,L,301.5,310.2,1518,42.6,218,0
380,2026-09-03 04:47:00,12,LINE_B,M,301.6,311.1,1310,32.4,19,0
381,2026-09-03 04:50:00,15,LINE_B,M,301.9,312.0,1613,46.5,136,0
382,2026-09-03 05:00:00,13,LINE_B,H,298.8,308.0,1729,35.3,59,0
383,2026-09-03 05:31:00,5,LINE_A,M,302.4,312.0,1412,49.3,61,0
384,2026-09-03 05:43:00,14,LINE_B,L,299.0,307.1,1618,34.4,17,0
385,2026-09-03 05:52:00,15,LINE_B,L,301.3,310.9,1427,28.8,16,0
386,2026-09-03 05:53:00,3,LINE_A,H,299.0,310.0,1357,27.3,78,0
387,2026-09-03 05:54:00,4,LINE_A,M,299.6,310.3,1910,21.3,58,0
388,2026-09-03 06:02:00,14,LINE_B,H,295.2,305.1,1360,49.6,73,0
389,2026-09-03 06:03:00,3,LINE_A,L,299.4,309.6,1310,57.3,199,1
390,2026-09-03 06:06:00,18,LINE_B,H,300.2,309.4,1579,41.3,38,0
391,2026-09-03 06:09:00,3,LINE_A,M,299.2,310.8,1588,30.1,45,0
392,2026-09-03 06:12:00,20,LINE_B,L,303.5,315.6,1660,30.1,64,0
393,2026-09-03 06:17:00,14,LINE_B,M,297.7,307.8,1900,40.1,91,0
394,2026-09-03 06:32:00,9,LINE_A,M,298.9,311.5,1400,33.7,102,0
395,2026-09-03 06:33:00,6,LINE_A,L,298.2,307.5,1436,59.9,83,1
396,2026-09-03 06:50:00,7,LINE_A,L,298.9,307.6,1830,46.3,136,0
397,2026-09-03 06:55:00,15,LINE_B,H,302.1,311.4,1709,52.0,52,1
398,2026-09-03 07:20:00,16,LINE_B,L,303.0,312.7,1684,38.7,34,0
399,2026-09-03 07:24:00,5,LINE_A,L,298.6,310.9,1434,40.5,126,0
400,2026-09-03 07:24:00,11,LINE_B,L,298.6,308.3,1743,36.8,182,0
401,2026-09-03 07:37:00,20,LINE_B,L,297.7,306.8,1685,42.9,230,0
402,2026-09-03 07:55:00,6,LINE_A,H,302.6,311.7,1574,33.8,32,0
403,2026-09-03 08:01:00,14,LINE_B,M,302.2,313.4,1435,34.3,34,0
404,2026-09-03 08:03:00,4,LINE_A,L,299.8,310.8,1559,37.2,214,0
405,2026-09-03 08:10:00,17,LINE_B,H,297.2,306.7,1837,24.9,88,0
406,2026-09-03 08:17:00,4,LINE_A,H,297.4,305.5,1343,55.8,80,1
407,2026-09-03 08:23:00,6,LINE_A,L,300.3,309.2,1396,39.4,80,0
408,2026-09-03 08:49:00,10,LINE_A,H,301.1,312.8,1427,44.2,26,0
409,2026-09-03 08:56:00,8,LINE_A,L,295.9,306.6,1466,50.1,149,0
410,2026-09-03 08:59:00,4,LINE_A,H,299.4,309.4,1537,50.3,24,0
411,2026-09-03 09:03:00,13,LINE_B,M,303.2,315.1,1713,36.5,110,0
412,2026-09-03 09:09:00,1,LINE_A,M,299.6,311.5,1623,40.6,57,0
413,2026-09-03 09:12:00,20,LINE_B,L,303.0,312.9,1551,31.5,78,0
414,2026-09-03 09:21:00,2,LINE_A,H,301.3,311.3,1590,46.7,77,0
415,2026-09-03 09:22:00,7,LINE_A,L,297.8,307.2,1652,46.7,85,0
416,2026-09-03 09:24:00,19,LINE_B,L,299.4,309.1,1237,34.1,31,0
417,2026-09-03 09:31:00,4,LINE_A,L,299.7,308.3,1733,48.3,190,0
418,2026-09-03 09:31:00,2,LINE_A,M,298.1,306.6,1391,38.9,45,0
419,2026-09-03 09:31:00,15,LINE_B,L,298.1,306.3,1460,47.2,157,0
420,2026-09-03 09:38:00,2,LINE_A,H,303.0,314.1,1601,38.8,63,0
421,2026-09-03 09:39:00,18,LINE_B,M,298.0,306.5,1526,39.9,11,0
422,2026-09-03 09:39:00,10,LINE_A,L,302.2,314.1,1628,35.7,8,0
423,2026-09-03 09:49:00,18,LINE_B,L,299.1,308.4,1566,31.3,196,0
424,2026-09-03 09:55:00,5,LINE_A,L,299.9,311.7,1488,45.8,13,0
425,2026-09-03 10:09:00,3,LINE_A,M,301.1,310.8,1815,29.5,47,0
426,2026-09-03 10:09:00,20,LINE_B,H,298.8,307.2,1667,25.7,73,0
427,2026-09-03 10:21:00,16,LINE_B,L,301.1,312.4,1594,30.1,42,0
428,2026-09-03 10:28:00,19,LINE_B,H,295.9,307.3,1665,25.9,50,0
429,2026-09-03 10:32:00,7,LINE_A,L,300.9,310.0,1413,39.6,27,0
430,2026-09-03 10:51:00,9,LINE_A,H,295.1,304.7,1931,32.1,53,0
431,2026-09-03 10:53:00,12,LINE_B,H,299.5,308.6,1344,40.2,68,0
432,2026-09-03 10:55:00,9,LINE_A,M,301.7,311.6,1560,47.2,35,0
433,2026-09-03 11:12:00,5,LINE_A,M,301.2,311.4,1488,40.6,40,0
434,2026-09-03 11:25:00,8,LINE_A,H,297.4,307.1,1482,39.4,51,0
435,2026-09-03 12:05:00,13,LINE_B,L,297.7,305.8,1458,42.6,189,0
436,2026-09-03 12:06:00,1,LINE_A,L,298.6,308.0,1401,55.3,130,0
437,2026-09-03 12:13:00,7,LINE_A,L,300.4,311.1,1754,22.6,168,0
438,2026-09-03 12:19:00,6,LINE_A,M,295.9,305.7,1323,59.8,59,0
439,2026-09-03 12:21:00,2,LINE_A,M,300.0,309.6,1717,42.4,18,0
440,2026-09-03 12:22:00,3,LINE_A,M,300.6,309.7,1657,36.3,139,0
441,2026-09-03 12:23:00,10,LINE_A,H,299.4,308.8,1471,51.5,76,0
442,2026-09-03 12:25:00,3,LINE_A,L,301.1,312.5,1636,34.5,11,0
443,2026-09-03 12:28:00,7,LINE_A,M,300.4,309.3,1512,43.1,40,0
444,2026-09-03 12:42:00,12,LINE_B,L,298.9,309.6,1342,41.6,99,0
445,2026-09-03 12:48:00,18,LINE_B,L,296.1,306.2,1344,53.6,19,0
446,2026-09-03 12:52:00,2,LINE_A,M,300.3,310.5,1658,30.8,123,0
447,2026-09-03 13:04:00,9,LINE_A,H,298.1,307.4,1649,36.3,16,0
448,2026-09-03 13:10:00,3,LINE_A,M,298.8,308.5,1584,44.1,29,0
449,2026-09-03 13:15:00,9,LINE_A,L,301.0,311.0,1470,50.5,76,0
450,2026-09-03 13:17:00,10,LINE_A,M,302.8,312.3,1506,34.5,134,0
451,2026-09-03 13:18:00,16,LINE_B,L,299.9,310.3,1481,47.8,54,0
452,2026-09-03 13:25:00,9,LINE_A,H,301.1,311.6,1226,41.6,41,0
453,2026-09-03 13:26:00,19,LINE_B,M,297.1,309.3,1551,22.5,98,0
454,2026-09-03 13:30:00,3,LINE_A,L,300.5,310.8,1634,31.2,37,0
455,2026-09-03 13:31:00,2,LINE_A,L,299.9,308.0,1552,46.3,21,0
456,2026-09-03 13:32:00,1,LINE_A,L,302.5,313.6,1858,30.3,22,0
457,2026-09-03 13:50:00,8,LINE_A,H,298.9,308.7,1359,41.1,18,0
458,2026-09-03 13:55:00,4,LINE_A,L,299.5,311.5,1421,44.0,78,0
459,2026-09-03 14:09:00,2,LINE_A,M,302.1,313.6,1564,39.5,135,0
460,2026-09-03 14:11:00,5,LINE_A,M,299.8,309.3,1584,43.7,132,0
461,2026-09-03 14:21:00,20,LINE_B,M,297.8,308.5,1198,37.4,82,0
462,2026-09-03 14:25:00,17,LINE_B,L,305.1,314.5,1648,35.9,225,0
463,2026-09-03 14:27:00,1,LINE_A,H,297.8,307.8,1585,39.7,2,0
464,2026-09-03 14:29:00,19,LINE_B,L,299.9,310.5,1159,40.5,135,0
465,2026-09-03 14:47:00,5,LINE_A,M,300.7,311.8,1519,29.6,64,0
466,2026-09-03 14:50:00,9,LINE_A,M,300.5,311.4,1394,41.4,17,0
467,2026-09-03 15:15:00,7,LINE_A,M,299.6,309.7,1458,42.5,79,0
468,2026-09-03 15:17:00,9,LINE_A,H,299.6,312.1,1299,47.3,44,0
469,2026-09-03 15:23:00,16,LINE_B,L,299.5,309.2,1615,33.3,183,0
470,2026-09-03 15:25:00,15,LINE_B,M,297.8,306.2,1857,25.7,60,0
471,2026-09-03 15:36:00,12,LINE_B,L,304.3,312.9,1588,35.4,102,0
472,2026-09-03 15:39:00,13,LINE_B,L,299.6,311.0,1151,54.0,55,0
473,2026-09-03 15:40:00,15,LINE_B,L,301.2,311.1,1591,48.4,113,0
474,2026-09-03 15:58:00,4,LINE_A,L,299.3,309.5,1505,23.3,18,0
475,2026-09-03 16:01:00,8,LINE_A,L,299.3,308.7,1342,50.9,135,0
476,2026-09-03 16:04:00,3,LINE_A,L,299.1,308.6,1604,37.2,91,0
477,2026-09-03 16:05:00,15,LINE_B,L,296.9,306.1,1698,39.5,65,0
478,2026-09-03 17:00:00,9,LINE_A,M,299.7,310.1,1420,53.1,53,0
479,2026-09-03 17:32:00,13,LINE_B,M,299.2,309.1,1244,42.8,128,0
480,2026-09-03 17:50:00,12,LINE_B,L,302.3,312.8,1178,58.4,168,0
481,2026-09-03 17:52:00,6,LINE_A,L,297.6,307.9,1420,33.6,204,0
482,2026-09-03 17:53:00,3,LINE_A,L,298.8,308.4,1512,41.9,94,0
483,2026-09-03 17:58:00,20,LINE_B,M,298.2,306.7,1447,40.8,56,0
484,2026-09-03 18:09:00,6,LINE_A,L,302.9,311.3,1417,44.1,3,0
485,2026-09-03 18:22:00,3,LINE_A,L,298.3,311.3,1642,29.0,163,0
486,2026-09-03 18:35:00,7,LINE_A,L,301.1,312.6,1623,41.0,4,0
487,2026-09-03 18:49:00,19,LINE_B,L,301.9,313.3,1576,51.6,233,1
488,2026-09-03 18:54:00,6,LINE_A,L,299.7,309.0,1687,27.8,165,0
489,2026-09-03 18:56:00,20,LINE_B,M,297.2,307.3,1422,45.1,67,0
490,2026-09-03 19:07:00,10,LINE_A,M,297.3,306.5,1343,,95,0
491,2026-09-03 19:15:00,18,LINE_B,M,301.7,310.4,1446,40.4,143,0
492,2026-09-03 19:36:00,14,LINE_B,M,297.5,306.9,1434,54.1,23,0
493,2026-09-03 19:41:00,1,LINE_A,M,300.8,312.1,1171,47.6,107,0
494,2026-09-03 20:01:00,11,LINE_B,L,300.2,311.1,1442,42.0,207,0
495,2026-09-03 20:01:00,9,LINE_A,M,300.8,309.8,1739,26.1,84,0
496,2026-09-03 20:06:00,5,LINE_A,M,300.9,310.6,1684,,95,0
497,2026-09-03 20:17:00,11,LINE_B,L,298.1,308.9,1635,37.2,121,0
498,2026-09-03 20:18:00,3,LINE_A,M,298.0,307.5,1564,44.4,22,0
499,2026-09-03 20:59:00,14,LINE_B,L,301.4,311.5,1801,27.1,235,0
500,2026-09-03 21:15:00,17,LINE_B,M,298.7,309.1,1349,40.3,41,0
501,2026-09-03 21:32:00,2,LINE_A,M,294.5,304.9,1366,48.9,55,0
502,2026-09-03 21:32:00,10,LINE_A,H,301.3,311.6,1742,45.1,93,0
503,2026-09-03 21:33:00,14,LINE_B,H,297.9,307.3,1545,44.9,5,0
504,2026-09-03 21:34:00,2,LINE_A,M,300.9,310.4,1419,58.4,58,0
505,2026-09-03 21:49:00,8,LINE_A,M,302.8,311.7,1639,41.5,80,0
506,2026-09-03 21:53:00,6,LINE_A,M,300.0,308.5,1461,46.5,34,0
507,2026-09-03 21:58:00,1,LINE_A,L,302.0,311.9,1389,50.0,160,0
508,2026-09-03 22:00:00,17,LINE_B,H,300.3,311.1,1384,56.6,50,0
509,2026-09-03 22:18:00,9,LINE_A,L,303.2,311.8,1598,48.2,62,0
510,2026-09-03 22:22:00,16,LINE_B,L,297.9,308.1,1577,30.2,49,0
511,2026-09-03 22:27:00,12,LINE_B,L,300.0,310.8,1813,38.2,68,0
512,2026-09-03 22:31:00,18,LINE_B,H,301.3,309.5,1488,43.7,76,0
513,2026-09-03 22:31:00,20,LINE_B,L,299.6,309.3,1485,40.1,125,0
514,2026-09-03 22:36:00,13,LINE_B,L,302.3,314.0,1799,18.0,190,1
515,2026-09-03 22:47:00,8,LINE_A,L,299.1,309.7,1717,22.4,172,0
516,2026-09-03 22:48:00,9,LINE_A,L,304.1,312.3,1566,36.3,192,0
517,2026-09-03 23:04:00,17,LINE_B,L,304.2,314.9,1259,36.7,205,0
518,2026-09-03 23:05:00,9,LINE_A,M,300.6,309.8,1394,41.6,89,0
519,2026-09-03 23:11:00,11,LINE_B,L,301.1,311.8,1350,,86,0
520,2026-09-03 23:33:00,4,LINE_A,H,302.4,311.7,1547,,66,0
521,2026-09-03 23:33:00,20,LINE_B,H,297.6,307.6,1448,43.4,90,0
522,2026-09-03 23:40:00,14,LINE_B,L,297.4,306.8,1829,22.8,77,0
523,2026-09-03 23:50:00,7,LINE_A,L,302.5,312.5,1257,50.9,117,0
524,2026-09-03 23:52:00,12,LINE_B,M,300.5,310.0,1331,50.3,126,0
525,2026-09-04 00:29:00,9,LINE_A,L,299.5,309.3,1584,27.3,143,0
526,2026-09-04 00:30:00,4,LINE_A,L,300.0,308.8,1634,31.2,34,0
527,2026-09-04 00:50:00,18,LINE_B,H,295.2,305.7,1150,41.6,34,0
528,2026-09-04 00:57:00,18,LINE_B,H,299.6,309.8,1228,53.4,24,0
529,2026-09-04 01:02:00,17,LINE_B,M,298.5,306.9,1493,42.7,68,0
530,2026-09-04 01:09:00,8,LINE_A,L,301.8,312.8,1784,32.3,238,1
531,2026-09-04 01:17:00,6,LINE_A,M,302.0,311.8,1880,28.8,121,0
532,2026-09-04 01:18:00,1,LINE_A,M,301.2,311.3,1465,44.8,138,0
533,2026-09-04 01:19:00,15,LINE_B,L,300.8,311.6,1509,43.7,177,0
534,2026-09-04 01:23:00,7,LINE_A,M,297.0,307.3,1389,40.6,73,0
535,2026-09-04 01:31:00,18,LINE_B,L,301.2,312.3,1654,31.5,158,0
536,2026-09-04 01:44:00,18,LINE_B,L,301.3,311.0,1815,31.3,119,0
537,2026-09-04 01:47:00,3,LINE_A,M,302.5,313.5,1766,31.7,5,0
538,2026-09-04 02:11:00,19,LINE_B,L,304.2,314.4,1535,56.6,28,1
539,2026-09-04 02:32:00,3,LINE_A,L,296.6,307.1,1389,41.5,133,0
540,2026-09-04 02:40:00,10,LINE_A,H,299.2,309.6,1541,42.3,63,0
541,2026-09-04 02:40:00,10,LINE_A,H,298.5,309.8,1789,36.3,24,0
542,2026-09-04 02:41:00,20,LINE_B,M,300.3,311.1,1468,53.4,4,0
543,2026-09-04 03:04:00,14,LINE_B,H,300.0,309.6,1213,43.3,6,0
544,2026-09-04 03:15:00,18,LINE_B,H,299.5,308.9,1475,52.7,30,0
545,2026-09-04 03:16:00,12,LINE_B,L,302.1,312.0,1490,40.3,206,0
546,2026-09-04 03:17:00,17,LINE_B,L,297.8,307.0,1212,69.8,100,0
547,2026-09-04 03:26:00,18,LINE_B,L,297.9,306.9,1582,41.6,233,0
548,2026-09-04 03:29:00,18,LINE_B,L,298.0,305.8,1631,27.4,214,0
549,2026-09-04 03:39:00,9,LINE_A,M,299.3,307.7,1875,28.4,123,0
550,2026-09-04 04:04:00,8,LINE_A,L,297.5,309.5,1300,57.9,232,1
551,2026-09-04 04:09:00,20,LINE_B,L,299.9,309.2,1671,36.7,58,0
552,2026-09-04 04:12:00,16,LINE_B,L,299.7,311.6,1714,34.3,233,0
553,2026-09-04 04:13:00,19,LINE_B,L,298.4,308.8,1634,42.9,221,0
554,2026-09-04 04:14:00,12,LINE_B,H,301.7,311.7,1359,42.7,76,0
555,2026-09-04 04:22:00,19,LINE_B,L,299.9,308.4,1348,44.1,46,1
556,2026-09-04 04:32:00,15,LINE_B,L,302.1,312.1,1557,31.9,69,0
557,2026-09-04 04:51:00,15,LINE_B,L,299.6,311.5,1556,53.3,156,0
558,2026-09-04 04:52:00,4,LINE_A,L,300.0,311.5,1439,33.2,10,0
559,2026-09-04 05:11:00,12,LINE_B,M,298.9,309.1,1772,34.4,118,0
560,2026-09-04 05:22:00,15,LINE_B,L,300.0,308.8,1468,46.0,102,0
561,2026-09-04 05:27:00,16,LINE_B,L,301.4,310.5,1199,,5,0
562,2026-09-04 05:31:00,20,LINE_B,L,299.2,308.3,1500,31.2,71,0
563,2026-09-04 05:33:00,7,LINE_A,H,301.0,312.3,1626,,38,0
564,2026-09-04 05:35:00,7,LINE_A,M,298.4,310.0,1602,42.3,94,0
565,2026-09-04 06:04:00,20,LINE_B,M,301.5,311.7,1600,32.0,86,0
566,2026-09-04 06:05:00,20,LINE_B,M,298.8,308.5,1809,15.4,53,1
567,2026-09-04 06:26:00,4,LINE_A,M,301.7,313.3,1339,49.1,89,0
568,2026-09-04 06:27:00,8,LINE_A,L,300.1,309.1,1464,35.3,213,0
569,2026-09-04 06:32:00,19,LINE_B,L,303.0,313.1,1818,36.7,84,0
570,2026-09-04 06:43:00,4,LINE_A,M,297.7,308.2,1186,49.0,53,0
571,2026-09-04 06:50:00,16,LINE_B,L,297.0,306.2,1530,38.3,24,0
572,2026-09-04 06:51:00,3,LINE_A,H,298.8,308.1,1761,33.8,36,0
573,2026-09-04 06:53:00,4,LINE_A,L,297.2,306.5,1759,24.3,68,0
574,2026-09-04 06:59:00,16,LINE_B,M,297.2,308.7,1659,29.8,109,0
575,2026-09-04 07:00:00,13,LINE_B,H,301.2,313.2,1663,34.2,11,0
576,2026-09-04 07:07:00,12,LINE_B,M,300.0,310.1,1353,36.5,85,0
577,2026-09-04 07:08:00,18,LINE_B,H,299.0,308.8,1787,38.3,74,0
578,2026-09-04 07:42:00,7,LINE_A,M,299.2,308.6,1324,44.0,37,0
579,2026-09-04 07:43:00,11,LINE_B,H,298.8,308.8,1335,34.6,6,0
580,2026-09-04 07:47:00,13,LINE_B,L,303.3,312.8,1610,33.4,162,0
581,2026-09-04 07:48:00,15,LINE_B,L,298.5,308.4,1451,43.5,141,0
582,2026-09-04 07:50:00,7,LINE_A,M,297.4,307.8,1577,35.3,81,0
583,2026-09-04 08:04:00,13,LINE_B,L,301.6,311.2,1618,40.9,211,0
584,2026-09-04 08:24:00,9,LINE_A,L,299.6,309.4,1860,35.0,24,0
585,2026-09-04 08:29:00,11,LINE_B,H,304.1,313.9,1618,56.9,19,1
586,2026-09-04 08:36:00,18,LINE_B,M,298.9,308.6,1429,52.5,67,0
587,2026-09-04 08:41:00,8,LINE_A,L,301.7,311.3,1662,23.3,134,0
588,2026-09-04 08:56:00,14,LINE_B,L,302.2,312.9,1390,41.6,220,0
589,2026-09-04 08:56:00,19,LINE_B,L,299.0,307.2,1704,32.9,148,0
590,2026-09-04 09:10:00,16,LINE_B,L,298.5,310.1,1552,44.3,50,0
591,2026-09-04 09:11:00,20,LINE_B,H,301.5,311.6,1612,30.4,82,0
592,2026-09-04 09:17:00,12,LINE_B,L,301.1,311.8,1219,45.4,99,0
593,2026-09-04 09:21:00,6,LINE_A,L,297.2,307.9,1150,41.7,208,0
594,2026-09-04 09:22:00,20,LINE_B,M,297.7,307.0,1270,43.3,40,0
595,2026-09-04 09:23:00,13,LINE_B,L,294.9,304.0,1854,26.1,189,0
596,2026-09-04 09:53:00,5,LINE_A,L,301.2,310.2,1333,43.7,128,0
597,2026-09-04 09:57:00,7,LINE_A,M,299.5,309.2,1672,26.6,80,0
598,2026-09-04 09:59:00,6,LINE_A,M,299.7,310.4,1424,51.3,140,0
599,2026-09-04 10:12:00,17,LINE_B,H,296.6,306.0,1497,45.1,15,0
600,2026-09-04 10:12:00,2,LINE_A,M,297.8,308.4,1532,28.7,44,0
601,2026-09-04 10:14:00,15,LINE_B,L,299.0,306.7,1836,31.3,43,0
602,2026-09-04 10:22:00,12,LINE_B,M,298.7,308.3,1645,24.3,119,0
603,2026-09-04 10:43:00,2,LINE_A,H,300.2,311.4,1609,48.7,82,0
604,2026-09-04 10:59:00,13,LINE_B,M,301.2,311.0,1773,45.9,121,0
605,2026-09-04 11:05:00,16,LINE_B,H,304.5,313.7,1426,43.0,23,0
606,2026-09-04 11:12:00,15,LINE_B,M,300.0,309.3,1732,27.4,37,0
607,2026-09-04 11:21:00,11,LINE_B,H,302.2,309.2,1702,29.8,38,0
608,2026-09-04 11:26:00,7,LINE_A,L,298.3,307.3,1700,31.6,185,0
609,2026-09-04 11:33:00,4,LINE_A,M,296.7,307.7,1512,40.0,108,0
610,2026-09-04 11:43:00,1,LINE_A,L,299.3,308.7,1461,53.3,237,1
611,2026-09-04 11:48:00,8,LINE_A,M,296.8,306.3,1383,52.3,113,0
612,2026-09-04 11:59:00,13,LINE_B,M,300.0,307.7,1395,52.1,137,0
613,2026-09-04 12:18:00,1,LINE_A,H,298.4,306.8,1375,46.3,25,1
614,2026-09-04 12:20:00,20,LINE_B,H,296.1,307.3,1606,28.8,58,0
615,2026-09-04 12:35:00,12,LINE_B,L,303.5,314.1,1499,35.1,127,0
616,2026-09-04 12:43:00,6,LINE_A,M,298.9,307.6,1618,38.2,22,0
617,2026-09-04 12:55:00,20,LINE_B,M,296.7,306.1,1628,27.8,136,0
618,2026-09-04 13:03:00,4,LINE_A,L,301.8,311.8,1349,48.2,28,0
619,2026-09-04 13:09:00,20,LINE_B,L,298.5,307.3,1344,52.3,205,0
620,2026-09-04 13:14:00,6,LINE_A,L,302.2,310.2,1499,45.6,64,0
621,2026-09-04 13:20:00,8,LINE_A,M,298.5,308.4,1400,48.2,32,0
622,2026-09-04 13:20:00,9,LINE_A,L,298.9,309.5,1382,29.8,144,0
623,2026-09-04 13:20:00,20,LINE_B,H,300.7,311.3,1845,41.5,45,0
624,2026-09-04 13:27:00,6,LINE_A,L,301.2,312.1,1264,35.7,92,0
625,2026-09-04 13:30:00,20,LINE_B,H,301.5,310.0,1904,27.9,86,0
626,2026-09-04 13:31:00,7,LINE_A,L,299.8,309.9,1592,43.4,167,0
627,2026-09-04 13:37:00,6,LINE_A,M,301.1,310.8,1718,37.5,88,0
628,2026-09-04 13:44:00,13,LINE_B,L,301.5,311.4,1696,25.1,189,0
629,2026-09-04 13:49:00,14,LINE_B,M,300.4,310.2,1651,27.9,115,0
630,2026-09-04 13:55:00,7,LINE_A,H,299.7,309.1,1839,33.3,17,0
631,2026-09-04 14:14:00,3,LINE_A,H,297.1,304.1,1345,49.9,42,1
632,2026-09-04 14:15:00,8,LINE_A,H,301.2,312.4,1512,32.0,87,0
633,2026-09-04 14:18:00,11,LINE_B,L,300.1,310.4,1386,47.7,195,0
634,2026-09-04 14:30:00,1,LINE_A,L,299.2,307.7,1235,37.0,14,1
635,2026-09-04 14:32:00,2,LINE_A,L,302.6,313.0,1421,48.6,59,0
636,2026-09-04 14:36:00,19,LINE_B,L,297.1,306.7,1877,22.8,63,0
637,2026-09-04 14:38:00,1,LINE_A,M,303.3,312.9,1509,41.6,74,0
638,2026-09-04 14:46:00,9,LINE_A,M,300.0,309.2,1897,28.6,117,0
639,2026-09-04 14:46:00,16,LINE_B,M,300.6,311.2,1915,38.0,69,0
640,2026-09-04 14:50:00,7,LINE_A,H,299.2,308.4,2079,25.8,18,0
641,2026-09-04 14:54:00,10,LINE_A,M,296.7,305.6,1883,24.9,80,0
642,2026-09-04 15:00:00,2,LINE_A,H,299.7,310.9,1964,30.1,21,0
643,2026-09-04 15:09:00,16,LINE_B,L,300.7,310.5,1599,55.4,162,1
644,2026-09-04 15:17:00,13,LINE_B,L,301.4,311.2,1581,44.7,234,0
645,2026-09-04 15:18:00,18,LINE_B,M,299.6,310.3,1593,37.9,91,0
646,2026-09-04 15:28:00,18,LINE_B,H,295.6,304.9,1540,33.3,87,0
647,2026-09-04 15:31:00,8,LINE_A,L,296.9,306.4,1567,34.3,130,0
648,2026-09-04 15:33:00,1,LINE_A,M,304.1,314.4,1675,41.4,117,0
649,2026-09-04 15:37:00,7,LINE_A,M,297.8,306.3,1456,35.4,135,0
650,2026-09-04 15:39:00,3,LINE_A,L,302.9,313.1,1292,47.5,41,0
651,2026-09-04 15:40:00,11,LINE_B,L,298.1,307.4,1605,49.5,159,0
652,2026-09-04 15:40:00,3,LINE_A,H,299.6,310.5,1415,44.9,24,0
653,2026-09-04 15:43:00,19,LINE_B,M,301.3,311.8,1434,34.5,12,0
654,2026-09-04 15:49:00,13,LINE_B,L,298.4,308.8,1514,58.2,56,1
655,2026-09-04 15:57:00,6,LINE_A,H,303.2,311.6,1473,56.1,14,0
656,2026-09-04 16:09:00,19,LINE_B,L,300.2,310.0,1740,38.0,45,0
657,2026-09-04 16:19:00,16,LINE_B,H,300.9,309.7,1510,51.1,0,0
658,2026-09-04 16:21:00,9,LINE_A,L,299.5,309.4,1749,31.6,232,0
659,2026-09-04 16:28:00,3,LINE_A,M,301.3,309.0,1577,44.7,63,0
660,2026-09-04 16:32:00,7,LINE_A,L,303.2,311.6,1524,37.1,39,0
661,2026-09-04 16:45:00,12,LINE_B,L,299.7,310.9,1568,28.3,82,0
662,2026-09-04 17:10:00,16,LINE_B,H,303.5,313.8,1308,67.7,72,1
663,2026-09-04 17:28:00,6,LINE_A,L,298.8,308.4,1601,26.9,151,0
664,2026-09-04 17:38:00,15,LINE_B,L,301.5,310.6,1693,37.8,12,0
665,2026-09-04 17:38:00,6,LINE_A,L,301.0,309.9,1718,36.9,35,0
666,2026-09-04 18:01:00,5,LINE_A,M,297.9,308.1,1297,51.4,78,0
667,2026-09-04 18:04:00,9,LINE_A,H,300.4,310.1,1267,47.5,93,0
668,2026-09-04 18:06:00,4,LINE_A,H,300.0,311.6,1443,42.3,7,0
669,2026-09-04 18:21:00,9,LINE_A,L,298.3,308.1,1789,33.6,206,0
670,2026-09-04 18:24:00,8,LINE_A,L,300.7,310.8,1580,42.6,14,0
671,2026-09-04 18:40:00,6,LINE_A,L,300.3,308.9,1401,44.2,118,0
672,2026-09-04 18:54:00,16,LINE_B,M,299.9,309.5,1278,47.3,33,0
673,2026-09-04 19:00:00,7,LINE_A,H,299.9,310.0,1417,33.1,40,0
674,2026-09-04 19:03:00,14,LINE_B,M,299.8,309.4,1405,60.2,133,0
675,2026-09-04 19:15:00,15,LINE_B,M,299.3,308.8,1708,39.2,31,0
676,2026-09-04 19:27:00,14,LINE_B,L,300.3,310.6,1722,36.2,153,0
677,2026-09-04 19:32:00,6,LINE_A,H,298.7,310.2,1351,40.7,32,0
678,2026-09-04 19:32:00,17,LINE_B,L,305.3,315.5,1676,27.9,156,0
679,2026-09-04 19:39:00,5,LINE_A,L,297.2,308.3,1657,43.4,13,0
680,2026-09-04 19:48:00,6,LINE_A,L,298.8,309.5,1328,45.1,71,0
681,2026-09-04 19:54:00,18,LINE_B,L,299.0,310.1,1525,45.4,229,0
682,2026-09-04 19:55:00,7,LINE_A,L,304.1,313.5,1601,27.3,173,0
683,2026-09-04 19:56:00,14,LINE_B,L,297.4,307.2,1569,51.5,224,1
684,2026-09-04 20:08:00,1,LINE_A,L,300.9,310.6,1232,56.4,163,0
685,2026-09-04 20:22:00,13,LINE_B,M,300.5,311.0,1564,38.6,26,0
686,2026-09-04 20:22:00,18,LINE_B,L,300.7,311.5,1655,40.3,110,0
687,2026-09-04 20:23:00,15,LINE_B,L,302.5,312.6,1824,37.4,210,0
688,2026-09-04 20:28:00,12,LINE_B,H,302.4,313.3,1420,32.9,65,0
689,2026-09-04 20:29:00,17,LINE_B,M,299.1,308.5,1442,56.4,74,0
690,2026-09-04 20:30:00,6,LINE_A,M,300.4,311.3,1502,45.0,125,0
691,2026-09-04 20:43:00,8,LINE_A,L,296.3,307.3,1592,32.8,27,0
692,2026-09-04 20:43:00,2,LINE_A,H,300.2,310.9,1557,30.7,92,0
693,2026-09-04 20:50:00,14,LINE_B,L,298.4,308.5,1649,44.6,30,0
694,2026-09-04 20:51:00,15,LINE_B,L,299.6,310.3,1337,47.8,239,1
695,2026-09-04 21:10:00,16,LINE_B,H,296.6,305.7,1611,41.7,77,0
696,2026-09-04 21:14:00,15,LINE_B,M,300.8,311.0,1406,44.2,70,0
697,2026-09-04 21:48:00,3,LINE_A,M,296.6,306.9,1514,32.8,68,0
698,2026-09-04 22:00:00,14,LINE_B,M,300.3,309.0,1847,34.8,4,0
699,2026-09-04 22:16:00,16,LINE_B,M,297.5,308.0,1288,46.0,46,0
700,2026-09-04 22:32:00,5,LINE_A,L,298.3,307.1,1490,41.3,55,0
701,2026-09-04 22:44:00,10,LINE_A,L,302.3,311.9,1311,65.9,169,1
702,2026-09-04 22:51:00,19,LINE_B,L,301.2,311.2,1568,46.1,47,0
703,2026-09-04 22:55:00,9,LINE_A,L,302.3,311.6,1729,41.8,193,0
704,2026-09-04 22:56:00,16,LINE_B,H,303.1,313.2,1571,60.8,29,1
705,2026-09-04 22:59:00,11,LINE_B,L,298.5,308.5,1519,,204,0
706,2026-09-04 23:01:00,14,LINE_B,M,303.0,312.2,1779,33.8,52,0
707,2026-09-04 23:03:00,13,LINE_B,M,297.1,307.6,1599,32.8,108,0
708,2026-09-04 23:03:00,14,LINE_B,M,301.5,310.7,1688,32.0,96,0
709,2026-09-04 23:09:00,16,LINE_B,L,299.0,311.3,1669,19.8,237,1
710,2026-09-04 23:24:00,19,LINE_B,L,298.1,308.0,1150,58.0,126,0
711,2026-09-04 23:35:00,6,LINE_A,H,301.2,310.1,1526,30.3,34,0
712,2026-09-04 23:46:00,19,LINE_B,M,301.9,310.9,1346,53.0,93,0
713,2026-09-04 23:48:00,13,LINE_B,H,301.8,313.0,1391,44.1,3,0
714,2026-09-04 23:48:00,12,LINE_B,H,300.4,310.0,1805,33.1,93,0
715,2026-09-04 23:52:00,7,LINE_A,M,300.3,308.9,1473,41.7,97,0
716,2026-09-04 23:57:00,9,LINE_A,L,301.1,311.9,1881,40.9,11,0
717,2026-09-05 00:02:00,14,LINE_B,M,300.6,310.2,1287,57.3,25,0
718,2026-09-05 00:08:00,8,LINE_A,L,301.1,311.7,1345,45.6,3,0
719,2026-09-05 00:18:00,6,LINE_A,M,300.4,311.3,1677,28.7,96,0
720,2026-09-05 00:34:00,17,LINE_B,H,301.7,312.0,1479,49.2,64,0
721,2026-09-05 00:40:00,9,LINE_A,M,296.7,309.1,1595,30.5,23,0
722,2026-09-05 00:50:00,13,LINE_B,L,299.7,308.0,1520,28.2,131,0
723,2026-09-05 00:59:00,1,LINE_A,L,297.2,306.4,1514,44.8,117,0
724,2026-09-05 01:02:00,2,LINE_A,H,300.6,310.3,1485,51.4,46,0
725,2026-09-05 01:07:00,17,LINE_B,L,303.3,315.5,1572,35.8,148,0
726,2026-09-05 01:09:00,3,LINE_A,L,299.1,310.8,1655,39.8,204,0
727,2026-09-05 01:09:00,16,LINE_B,L,300.3,311.5,1831,28.0,219,0
728,2026-09-05 01:50:00,19,LINE_B,L,301.5,310.7,1504,46.9,38,0
729,2026-09-05 02:00:00,10,LINE_A,L,295.9,305.2,1469,50.9,226,1
730,2026-09-05 02:13:00,18,LINE_B,M,299.0,308.1,1446,40.7,82,0
731,2026-09-05 02:23:00,9,LINE_A,L,300.7,309.9,1805,23.8,43,0
732,2026-09-05 02:33:00,20,LINE_B,L,294.2,305.7,1664,24.6,223,0
733,2026-09-05 02:42:00,5,LINE_A,L,298.0,307.8,1198,57.7,88,0
734,2026-09-05 02:48:00,9,LINE_A,L,302.2,312.1,1190,41.4,107,0
735,2026-09-05 02:49:00,8,LINE_A,L,302.0,312.8,1391,47.5,232,1
736,2026-09-05 03:01:00,16,LINE_B,M,300.7,309.1,1581,45.0,83,0
737,2026-09-05 03:39:00,1,LINE_A,L,301.8,311.8,1534,36.2,34,0
738,2026-09-05 03:42:00,17,LINE_B,L,300.4,309.3,1633,35.9,16,0
739,2026-09-05 03:53:00,1,LINE_A,L,301.1,310.8,1508,48.9,196,0
740,2026-09-05 04:06:00,7,LINE_A,L,299.4,308.8,1792,26.0,83,0
741,2026-09-05 04:16:00,12,LINE_B,L,300.2,309.6,1679,28.6,23,0
742,2026-09-05 04:21:00,3,LINE_A,L,298.7,309.0,1554,37.7,9,0
743,2026-09-05 04:36:00,10,LINE_A,H,302.5,312.7,1746,44.0,90,0
744,2026-09-05 04:41:00,20,LINE_B,L,303.0,312.8,1243,61.8,137,0
745,2026-09-05 04:49:00,17,LINE_B,M,302.8,313.1,1525,39.7,75,0
746,2026-09-05 05:01:00,1,LINE_A,L,299.2,308.3,1565,33.6,141,0
747,2026-09-05 05:08:00,12,LINE_B,L,298.1,308.8,1648,45.3,100,0
748,2026-09-05 05:22:00,12,LINE_B,L,302.6,312.3,1231,35.9,228,0
749,2026-09-05 05:29:00,2,LINE_A,M,301.1,310.6,1493,43.4,86,0
750,2026-09-05 05:42:00,14,LINE_B,H,300.7,309.9,1612,37.5,61,0
751,2026-09-05 05:46:00,11,LINE_B,L,298.7,308.5,1626,47.8,214,0
752,2026-09-05 05:52:00,14,LINE_B,L,300.9,312.7,1754,44.8,0,0
753,2026-09-05 05:53:00,6,LINE_A,L,297.8,307.8,1677,28.3,76,0
754,2026-09-05 05:57:00,6,LINE_A,L,301.3,310.1,1529,41.7,199,0
755,2026-09-05 06:12:00,15,LINE_B,M,302.8,313.7,1661,31.8,14,0
756,2026-09-05 06:19:00,15,LINE_B,L,303.3,312.8,1504,38.7,79,0
757,2026-09-05 06:33:00,4,LINE_A,L,301.4,311.7,1566,44.1,39,0
758,2026-09-05 06:40:00,5,LINE_A,H,297.2,306.6,1683,33.0,68,0
759,2026-09-05 06:45:00,12,LINE_B,L,300.4,311.7,1532,41.8,202,0
760,2026-09-05 07:00:00,17,LINE_B,L,304.3,313.7,1605,45.7,63,0
761,2026-09-05 07:17:00,5,LINE_A,M,298.3,309.7,1713,46.9,99,0
762,2026-09-05 07:31:00,5,LINE_A,L,299.9,308.8,1668,38.5,182,0
763,2026-09-05 07:35:00,17,LINE_B,L,302.8,312.5,1762,34.3,217,0
764,2026-09-05 07:56:00,14,LINE_B,L,301.2,312.6,1959,18.6,222,0
765,2026-09-05 08:05:00,19,LINE_B,H,305.0,315.1,1667,48.9,44,0
766,2026-09-05 08:15:00,16,LINE_B,L,298.5,310.8,1457,46.5,19,0
767,2026-09-05 08:35:00,20,LINE_B,L,298.0,307.8,1632,38.3,178,0
768,2026-09-05 08:47:00,4,LINE_A,L,302.4,312.7,1624,38.1,130,0
769,2026-09-05 08:52:00,6,LINE_A,L,297.6,309.5,1650,39.6,110,0
770,2026-09-05 09:05:00,5,LINE_A,M,299.6,308.1,1809,38.1,77,0
771,2026-09-05 09:08:00,2,LINE_A,L,299.9,308.2,1237,56.3,154,1
772,2026-09-05 09:23:00,16,LINE_B,M,302.1,311.3,1812,44.7,41,0
773,2026-09-05 09:42:00,14,LINE_B,M,301.2,312.0,1873,31.9,47,0
774,2026-09-05 10:07:00,2,LINE_A,H,300.9,309.3,1642,51.0,33,0
775,2026-09-05 10:19:00,4,LINE_A,L,299.2,309.8,1647,45.3,118,0
776,2026-09-05 10:52:00,4,LINE_A,H,302.4,313.0,1497,40.8,65,0
777,2026-09-05 11:05:00,9,LINE_A,M,308.1,320.1,1541,26.6,6,0
778,2026-09-05 11:09:00,10,LINE_A,L,301.4,312.4,1666,36.9,70,0
779,2026-09-05 11:18:00,6,LINE_A,M,300.2,310.6,1654,49.0,104,0
780,2026-09-05 11:29:00,19,LINE_B,H,297.4,308.8,1670,29.9,3,0
781,2026-09-05 11:48:00,5,LINE_A,L,298.7,309.3,1653,37.3,190,0
782,2026-09-05 11:55:00,12,LINE_B,H,299.6,309.1,1702,36.5,74,0
783,2026-09-05 12:02:00,9,LINE_A,L,298.9,307.8,1682,43.3,76,0
784,2026-09-05 12:08:00,8,LINE_A,M,300.0,309.4,1356,42.4,90,0
785,2026-09-05 12:23:00,17,LINE_B,H,303.6,313.5,1690,28.6,47,0
786,2026-09-05 12:25:00,20,LINE_B,L,302.5,312.7,1875,34.5,60,0
787,2026-09-05 12:46:00,1,LINE_A,H,299.7,307.5,1535,34.2,14,0
788,2026-09-05 12:48:00,10,LINE_A,L,297.6,307.4,1810,17.2,230,1
789,2026-09-05 12:50:00,3,LINE_A,M,302.7,312.7,1375,59.7,124,0
790,2026-09-05 12:59:00,9,LINE_A,M,299.9,310.4,1535,47.6,129,0
791,2026-09-05 13:05:00,13,LINE_B,L,296.5,308.2,1425,58.5,33,0
792,2026-09-05 13:05:00,9,LINE_A,L,301.4,311.6,1788,39.5,231,0
793,2026-09-05 13:35:00,7,LINE_A,L,302.1,311.1,1835,36.6,150,0
794,2026-09-05 13:39:00,7,LINE_A,L,295.1,303.3,1522,43.5,122,0
795,2026-09-05 13:48:00,6,LINE_A,L,298.4,309.0,1751,32.2,82,0
796,2026-09-05 13:55:00,7,LINE_A,L,299.8,308.9,1837,35.2,56,0
797,2026-09-05 14:15:00,8,LINE_A,L,301.5,312.3,1534,35.8,78,0
798,2026-09-05 14:25:00,14,LINE_B,L,299.0,310.4,1563,30.7,41,0
799,2026-09-05 14:29:00,2,LINE_A,M,298.3,306.8,1672,33.4,113,0
800,2026-09-05 14:30:00,1,LINE_A,M,301.5,312.0,1388,54.9,136,0
801,2026-09-05 14:35:00,11,LINE_B,M,299.1,310.4,1560,29.5,139,0
802,2026-09-05 14:38:00,14,LINE_B,L,301.1,312.1,1926,18.7,213,0
803,2026-09-05 14:41:00,6,LINE_A,H,297.8,305.7,1450,47.4,12,0
804,2026-09-05 14:47:00,5,LINE_A,M,297.3,306.4,1694,32.1,106,0
805,2026-09-05 14:58:00,13,LINE_B,L,301.5,310.2,1634,41.1,205,0
806,2026-09-05 15:02:00,8,LINE_A,L,300.5,311.0,1511,48.8,122,0
807,2026-09-05 15:04:00,15,LINE_B,M,301.8,312.3,1580,42.5,80,0
808,2026-09-05 15:05:00,3,LINE_A,L,298.9,306.2,1855,25.5,92,0
809,2026-09-05 15:30:00,3,LINE_A,M,298.4,308.1,1640,47.3,118,0
810,2026-09-05 15:50:00,12,LINE_B,H,302.7,313.5,1668,42.1,67,0
811,2026-09-05 15:54:00,8,LINE_A,L,297.0,307.1,1828,31.6,150,0
812,2026-09-05 15:55:00,15,LINE_B,L,302.5,312.6,1488,41.4,2,0
813,2026-09-05 16:10:00,11,LINE_B,H,302.6,312.3,1352,48.6,92,0
814,2026-09-05 16:14:00,8,LINE_A,M,301.7,310.7,1858,28.0,75,0
815,2026-09-05 16:20:00,4,LINE_A,L,298.6,308.6,1565,26.2,229,1
816,2026-09-05 16:28:00,4,LINE_A,H,298.4,308.4,1701,41.2,65,0
817,2026-09-05 16:32:00,16,LINE_B,H,299.6,310.2,1403,49.6,50,0
818,2026-09-05 17:05:00,5,LINE_A,M,297.4,308.1,1610,19.5,108,1
819,2026-09-05 17:11:00,11,LINE_B,M,298.1,308.2,1343,50.0,35,0
820,2026-09-05 17:24:00,17,LINE_B,L,301.3,312.4,1551,53.7,108,0
821,2026-09-05 17:36:00,18,LINE_B,L,301.3,310.9,1423,34.5,6,0
822,2026-09-05 17:37:00,6,LINE_A,M,297.9,306.5,1382,44.2,107,0
823,2026-09-05 18:08:00,3,LINE_A,L,301.4,311.8,1485,40.2,77,0
824,2026-09-05 18:11:00,16,LINE_B,M,300.9,311.0,1150,65.0,14,0
825,2026-09-05 18:47:00,14,LINE_B,H,303.0,313.5,1331,55.2,76,0
826,2026-09-05 18:47:00,7,LINE_A,L,301.1,309.9,1681,28.7,55,0
827,2026-09-05 18:48:00,12,LINE_B,M,302.1,313.9,1603,40.9,32,0
828,2026-09-05 18:55:00,4,LINE_A,L,301.0,311.7,1347,64.2,34,1
829,2026-09-05 18:56:00,15,LINE_B,H,302.0,311.7,1639,32.0,58,0
830,2026-09-05 18:57:00,15,LINE_B,L,297.4,306.5,1382,44.7,81,0
831,2026-09-05 19:52:00,6,LINE_A,M,299.8,310.8,1670,40.2,82,0
832,2026-09-05 20:22:00,10,LINE_A,M,299.9,308.8,1519,35.7,49,0
833,2026-09-05 20:36:00,7,LINE_A,L,299.5,311.8,1481,55.9,180,0
834,2026-09-05 20:55:00,1,LINE_A,M,300.9,310.3,1524,36.7,53,0
835,2026-09-05 20:56:00,3,LINE_A,M,301.3,313.0,2001,15.1,114,1
836,2026-09-05 21:07:00,20,LINE_B,M,300.8,310.6,1403,39.9,67,0
837,2026-09-05 21:11:00,10,LINE_A,M,299.6,311.2,1581,44.0,2,0
838,2026-09-05 21:44:00,3,LINE_A,H,298.5,307.8,1681,29.4,42,0
839,2026-09-05 21:47:00,1,LINE_A,L,302.2,312.2,1367,47.6,58,0
840,2026-09-05 22:59:00,8,LINE_A,M,300.7,311.5,1253,53.1,70,0
841,2026-09-05 23:04:00,20,LINE_B,L,298.0,308.6,1432,33.6,29,0
842,2026-09-05 23:20:00,8,LINE_A,M,299.6,310.7,1677,31.4,108,0
843,2026-09-05 23:27:00,20,LINE_B,M,296.5,306.0,1478,44.6,89,0
844,2026-09-05 23:27:00,10,LINE_A,L,300.1,310.2,1498,46.9,34,0
845,2026-09-05 23:29:00,16,LINE_B,L,299.6,310.9,1704,30.8,234,0
846,2026-09-05 23:35:00,16,LINE_B,H,298.9,308.1,1395,45.6,34,0
847,2026-09-05 23:52:00,1,LINE_A,L,303.2,313.7,1524,38.2,50,0
848,2026-09-06 00:02:00,1,LINE_A,M,297.7,307.5,1268,54.0,0,0
849,2026-09-06 00:07:00,19,LINE_B,L,301.4,311.6,1598,42.4,59,0
850,2026-09-06 00:13:00,19,LINE_B,H,304.4,314.5,1581,35.8,2,0
851,2026-09-06 00:25:00,3,LINE_A,L,302.2,311.4,1683,39.5,115,0
852,2026-09-06 00:29:00,13,LINE_B,L,299.9,309.7,1334,42.9,145,0
853,2026-09-06 00:37:00,19,LINE_B,H,297.7,307.9,1505,44.7,35,0
854,2026-09-06 00:47:00,20,LINE_B,H,297.3,307.2,1310,50.7,84,0
855,2026-09-06 01:17:00,6,LINE_A,L,299.2,310.7,1496,60.3,231,1
856,2026-09-06 01:19:00,17,LINE_B,L,298.6,309.6,1807,29.3,73,0
857,2026-09-06 01:33:00,13,LINE_B,M,298.6,308.9,1482,40.6,92,0
858,2026-09-06 01:57:00,19,LINE_B,H,299.3,308.6,1294,42.2,38,0
859,2026-09-06 02:10:00,3,LINE_A,L,299.8,309.0,1418,35.4,65,0
860,2026-09-06 02:16:00,13,LINE_B,M,301.0,312.9,1250,45.0,30,0
861,2026-09-06 02:56:00,1,LINE_A,M,297.5,306.5,1307,52.3,75,0
862,2026-09-06 03:04:00,8,LINE_A,M,298.6,308.7,1661,42.3,20,0
863,2026-09-06 03:05:00,1,LINE_A,M,299.7,310.0,1280,50.2,97,0
864,2026-09-06 03:14:00,9,LINE_A,M,299.6,309.3,1596,35.9,127,0
865,2026-09-06 03:18:00,17,LINE_B,L,303.7,312.7,1545,35.9,88,0
866,2026-09-06 03:32:00,14,LINE_B,H,300.5,309.7,1444,35.5,55,0
867,2026-09-06 03:34:00,7,LINE_A,H,296.8,306.2,1581,34.3,94,0
868,2026-09-06 03:42:00,9,LINE_A,M,300.8,310.1,1371,34.7,101,0
869,2026-09-06 03:47:00,8,LINE_A,L,301.1,312.4,1691,46.3,96,0
870,2026-09-06 03:55:00,15,LINE_B,L,299.7,309.7,1414,58.5,211,1
871,2026-09-06 03:55:00,6,LINE_A,M,297.6,307.0,1470,26.6,6,0
872,2026-09-06 04:04:00,2,LINE_A,L,303.5,313.6,1449,45.0,141,0
873,2026-09-06 04:05:00,11,LINE_B,H,297.9,308.5,1664,38.5,24,0
874,2026-09-06 04:19:00,17,LINE_B,L,301.3,311.0,1638,38.7,43,0
875,2026-09-06 04:31:00,10,LINE_A,M,300.4,311.3,1150,47.0,74,0
876,2026-09-06 04:42:00,5,LINE_A,H,301.2,309.9,1586,46.8,68,0
877,2026-09-06 04:43:00,1,LINE_A,L,303.4,314.6,1226,52.7,177,0
878,2026-09-06 04:43:00,19,LINE_B,L,301.1,311.1,1479,50.1,179,0
879,2026-09-06 04:54:00,16,LINE_B,M,298.9,308.8,1521,34.7,41,0
880,2026-09-06 05:28:00,4,LINE_A,M,302.2,311.5,1477,30.8,59,0
881,2026-09-06 05:50:00,2,LINE_A,L,298.7,307.5,1630,40.8,27,0
882,2026-09-06 05:57:00,3,LINE_A,M,300.3,308.7,1670,,89,0
883,2026-09-06 06:08:00,8,LINE_A,H,297.4,306.7,1401,52.6,77,0
884,2026-09-06 06:23:00,17,LINE_B,L,297.9,308.5,1394,27.4,116,0
885,2026-09-06 06:26:00,4,LINE_A,L,300.1,309.1,1534,36.4,75,0
886,2026-09-06 06:26:00,17,LINE_B,L,300.7,309.2,1262,43.4,79,1
887,2026-09-06 06:32:00,1,LINE_A,L,296.6,305.7,1454,39.9,156,0
888,2026-09-06 06:36:00,15,LINE_B,L,301.0,310.6,1783,,161,0
889,2026-09-06 06:39:00,6,LINE_A,L,298.4,308.0,1269,51.3,114,0
890,2026-09-06 06:45:00,20,LINE_B,M,302.6,312.4,1479,47.0,35,0
891,2026-09-06 07:01:00,10,LINE_A,L,299.3,310.3,1433,49.2,98,0
892,2026-09-06 07:02:00,6,LINE_A,H,297.8,309.0,1901,27.8,31,0
893,2026-09-06 07:10:00,5,LINE_A,L,300.2,312.2,1443,59.8,23,1
894,2026-09-06 07:13:00,17,LINE_B,L,298.2,306.5,1454,53.7,97,0
895,2026-09-06 07:24:00,9,LINE_A,M,302.5,311.7,1354,43.1,122,0
896,2026-09-06 07:45:00,8,LINE_A,H,300.0,310.7,1542,38.9,59,0
897,2026-09-06 07:50:00,15,LINE_B,L,299.7,309.2,1589,35.9,32,0
898,2026-09-06 07:57:00,11,LINE_B,L,301.2,312.0,1381,47.7,204,0
899,2026-09-06 08:10:00,14,LINE_B,L,298.0,308.2,1718,26.9,51,0
900,2026-09-06 08:11:00,9,LINE_A,M,297.4,309.0,1589,32.2,88,0
901,2026-09-06 08:13:00,2,LINE_A,L,300.8,311.9,1693,18.1,136,1
902,2026-09-06 08:13:00,1,LINE_A,L,297.8,308.9,1481,38.6,174,0
903,2026-09-06 08:29:00,1,LINE_A,L,297.8,307.4,1584,47.2,183,0
904,2026-09-06 08:34:00,12,LINE_B,L,301.7,311.6,1502,39.9,70,0
905,2026-09-06 08:58:00,11,LINE_B,H,301.1,310.7,1802,31.4,74,0
906,2026-09-06 09:00:00,15,LINE_B,M,297.5,306.0,1561,41.6,84,0
907,2026-09-06 09:09:00,18,LINE_B,L,298.8,310.2,1542,31.9,83,0
908,2026-09-06 09:12:00,4,LINE_A,L,298.2,308.9,1458,42.7,24,0
909,2026-09-06 09:15:00,20,LINE_B,L,303.6,313.2,1447,49.9,136,0
910,2026-09-06 09:16:00,19,LINE_B,L,301.8,313.1,1583,41.2,111,0
911,2026-09-06 09:31:00,13,LINE_B,M,299.2,308.5,1688,43.4,67,0
912,2026-09-06 09:33:00,11,LINE_B,H,301.2,309.3,1417,53.8,66,0
913,2026-09-06 09:46:00,4,LINE_A,H,297.3,308.3,1563,44.6,68,0
914,2026-09-06 09:46:00,4,LINE_A,H,298.7,307.4,1573,33.3,17,0
915,2026-09-06 09:52:00,1,LINE_A,H,300.2,310.0,1605,35.3,28,0
916,2026-09-06 09:54:00,13,LINE_B,H,300.9,311.1,1233,64.7,86,0
917,2026-09-06 10:08:00,9,LINE_A,L,299.8,310.2,1374,47.5,142,0
918,2026-09-06 10:12:00,4,LINE_A,L,300.5,311.3,1294,48.8,100,0
919,2026-09-06 10:12:00,3,LINE_A,L,300.2,310.7,1546,32.9,233,0
920,2026-09-06 10:17:00,2,LINE_A,M,299.7,310.2,1378,44.1,97,0
921,2026-09-06 10:41:00,13,LINE_B,L,299.4,308.6,1451,48.4,203,0
922,2026-09-06 10:48:00,14,LINE_B,H,299.1,309.4,1325,46.6,45,0
923,2026-09-06 11:08:00,13,LINE_B,M,300.5,309.0,1467,38.0,23,0
924,2026-09-06 11:34:00,3,LINE_A,M,300.8,312.4,1338,43.8,105,0
925,2026-09-06 11:35:00,1,LINE_A,L,300.4,309.0,1676,45.4,195,0
926,2026-09-06 11:39:00,3,LINE_A,L,297.6,307.3,1626,,140,0
927,2026-09-06 11:40:00,16,LINE_B,L,298.0,306.7,1567,43.5,103,0
928,2026-09-06 11:56:00,15,LINE_B,H,300.8,310.1,1486,45.2,12,0
929,2026-09-06 12:00:00,6,LINE_A,M,302.9,313.0,1173,41.5,35,0
930,2026-09-06 12:06:00,2,LINE_A,M,300.3,309.8,1458,,133,0
931,2026-09-06 12:12:00,7,LINE_A,L,299.2,310.3,1403,52.7,40,0
932,2026-09-06 12:14:00,17,LINE_B,L,300.4,310.7,1585,36.6,158,0
933,2026-09-06 12:16:00,3,LINE_A,L,297.7,307.3,1652,44.5,159,0
934,2026-09-06 12:24:00,16,LINE_B,M,302.6,312.5,1598,42.6,68,0
935,2026-09-06 12:26:00,10,LINE_A,M,300.4,311.6,1767,39.8,143,0
936,2026-09-06 12:30:00,3,LINE_A,L,298.7,309.6,1438,43.5,162,0
937,2026-09-06 12:41:00,19,LINE_B,H,299.7,308.5,1430,50.4,93,0
938,2026-09-06 12:49:00,11,LINE_B,L,298.9,308.3,1727,22.7,62,0
939,2026-09-06 12:55:00,14,LINE_B,H,302.6,313.1,1570,39.4,71,0
940,2026-09-06 13:12:00,2,LINE_A,L,299.6,309.9,1496,47.0,184,0
941,2026-09-06 13:14:00,8,LINE_A,L,300.3,309.3,1872,32.4,220,0
942,2026-09-06 13:17:00,13,LINE_B,H,301.1,311.9,1644,45.6,39,0
943,2026-09-06 13:32:00,13,LINE_B,L,298.5,307.6,1506,39.8,79,0
944,2026-09-06 13:51:00,2,LINE_A,L,300.4,311.7,1417,39.3,193,0
945,2026-09-06 13:54:00,13,LINE_B,L,300.5,311.1,1779,19.7,172,0
946,2026-09-06 13:54:00,19,LINE_B,L,296.9,305.8,1577,36.7,65,0
947,2026-09-06 14:22:00,16,LINE_B,M,300.5,310.0,1544,44.0,44,0
948,2026-09-06 14:27:00,5,LINE_A,H,299.9,309.4,1662,42.4,76,0
949,2026-09-06 14:30:00,19,LINE_B,H,300.3,310.4,1698,24.1,54,0
950,2026-09-06 14:47:00,14,LINE_B,L,300.1,309.9,1639,46.4,217,0
951,2026-09-06 15:03:00,2,LINE_A,M,300.5,309.4,1699,27.4,91,0
952,2026-09-06 15:06:00,3,LINE_A,L,302.7,311.3,1621,36.6,235,0
953,2026-09-06 15:10:00,19,LINE_B,L,297.6,308.2,1640,32.5,78,0
954,2026-09-06 15:15:00,5,LINE_A,L,299.3,309.6,1408,47.3,186,0
955,2026-09-06 15:18:00,2,LINE_A,H,301.3,311.4,1866,31.0,18,0
956,2026-09-06 15:19:00,10,LINE_A,H,301.0,311.2,1318,52.1,67,0
957,2026-09-06 15:21:00,11,LINE_B,M,300.9,310.3,1596,53.1,60,0
958,2026-09-06 15:23:00,12,LINE_B,M,305.5,315.7,1299,50.4,74,0
959,2026-09-06 15:44:00,14,LINE_B,L,301.2,313.8,1522,35.9,193,0
960,2026-09-06 15:44:00,20,LINE_B,M,302.3,313.4,1437,46.8,15,0
961,2026-09-06 16:00:00,16,LINE_B,M,299.4,309.1,1564,54.8,32,0
962,2026-09-06 16:14:00,1,LINE_A,L,298.0,307.5,1602,43.4,134,0
963,2026-09-06 16:14:00,2,LINE_A,L,299.4,306.5,1368,52.7,99,1
964,2026-09-06 16:24:00,1,LINE_A,L,301.4,312.5,1535,27.4,135,0
965,2026-09-06 16:40:00,8,LINE_A,H,300.8,311.6,1791,35.6,41,0
966,2026-09-06 16:53:00,8,LINE_A,L,300.8,310.3,1304,44.9,15,0
967,2026-09-06 16:57:00,19,LINE_B,H,299.6,308.1,1386,39.2,90,0
968,2026-09-06 17:03:00,8,LINE_A,L,299.3,308.1,1695,35.2,165,0
969,2026-09-06 17:14:00,1,LINE_A,M,299.6,310.1,1554,40.5,88,0
970,2026-09-06 17:26:00,18,LINE_B,L,301.4,311.4,1567,34.2,35,0
971,2026-09-06 17:32:00,6,LINE_A,L,301.7,312.4,1724,36.0,47,0
972,2026-09-06 17:33:00,19,LINE_B,L,298.0,308.1,1397,42.9,143,0
973,2026-09-06 17:38:00,16,LINE_B,L,301.5,312.5,1447,48.4,12,0
974,2026-09-06 17:44:00,18,LINE_B,H,298.7,309.1,1424,45.3,45,0
975,2026-09-06 17:45:00,17,LINE_B,L,300.9,311.8,1477,44.9,213,0
976,2026-09-06 17:56:00,3,LINE_A,M,299.6,307.5,1781,40.6,126,0
977,2026-09-06 17:56:00,13,LINE_B,L,303.1,311.9,1234,53.6,123,0
978,2026-09-06 18:01:00,9,LINE_A,L,299.2,308.8,1325,46.4,55,0
979,2026-09-06 18:02:00,13,LINE_B,M,300.4,311.4,1294,30.7,10,0
980,2026-09-06 18:18:00,15,LINE_B,L,301.2,313.1,1792,36.5,41,0
981,2026-09-06 18:28:00,11,LINE_B,H,298.3,308.1,1429,36.0,27,0
982,2026-09-06 18:38:00,7,LINE_A,H,299.9,309.2,1481,41.1,53,0
983,2026-09-06 18:40:00,19,LINE_B,M,299.5,307.5,1249,51.7,104,1
984,2026-09-06 18:41:00,14,LINE_B,L,299.0,309.8,1493,52.1,110,0
985,2026-09-06 18:44:00,18,LINE_B,L,299.1,308.6,1696,50.1,198,0
986,2026-09-06 19:22:00,5,LINE_A,H,302.2,315.2,1586,31.3,15,0
987,2026-09-06 19:34:00,17,LINE_B,L,298.8,308.1,1521,30.1,101,0
988,2026-09-06 19:39:00,7,LINE_A,L,301.1,313.2,1258,51.1,147,0
989,2026-09-06 19:47:00,10,LINE_A,L,300.6,311.4,1481,43.7,12,0
990,2026-09-06 19:56:00,18,LINE_B,M,297.2,306.2,1566,29.6,130,0
991,2026-09-06 19:56:00,8,LINE_A,M,301.0,311.3,1361,45.2,143,0
992,2026-09-06 20:09:00,6,LINE_A,M,297.2,307.9,1658,41.2,106,0
993,2026-09-06 20:21:00,19,LINE_B,M,301.3,311.0,1699,25.4,101,0
994,2026-09-06 20:23:00,20,LINE_B,L,299.0,309.8,1445,34.9,50,0
995,2026-09-06 20:25:00,7,LINE_A,H,300.0,310.8,1671,30.9,17,0
996,2026-09-06 20:27:00,7,LINE_A,L,297.4,308.0,1520,38.9,57,0
997,2026-09-06 20:38:00,5,LINE_A,M,300.2,310.2,1746,39.4,19,0
998,2026-09-06 20:50:00,1,LINE_A,L,301.9,310.7,1906,26.4,133,0
999,2026-09-06 21:10:00,12,LINE_B,H,298.4,308.3,1343,46.3,92,0
1000,2026-09-06 21:12:00,6,LINE_A,L,298.8,309.0,1679,53.8,162,1
1001,2026-09-06 21:16:00,17,LINE_B,L,300.9,309.0,1775,25.3,211,0
1002,2026-09-06 21:26:00,4,LINE_A,L,301.0,311.1,1365,40.0,234,0
1003,2026-09-06 21:33:00,13,LINE_B,L,295.1,305.0,1436,48.5,158,0
1004,2026-09-06 21:47:00,11,LINE_B,L,304.0,312.7,1434,51.1,25,0
1005,2026-09-06 22:00:00,13,LINE_B,M,301.1,310.7,1516,44.0,134,0
1006,2026-09-06 22:17:00,3,LINE_A,L,301.4,311.1,1476,56.4,131,0
1007,2026-09-06 22:22:00,10,LINE_A,H,299.7,311.6,1504,43.6,52,0
1008,2026-09-06 22:24:00,13,LINE_B,L,296.3,306.5,1691,19.7,236,1
1009,2026-09-06 22:26:00,7,LINE_A,M,301.3,312.4,1199,51.0,98,0
1010,2026-09-06 22:31:00,18,LINE_B,L,298.9,308.8,1365,40.7,26,0
1011,2026-09-06 22:35:00,11,LINE_B,M,301.1,309.2,1661,47.5,110,0
1012,2026-09-06 22:45:00,8,LINE_A,M,299.6,310.2,1639,44.7,140,0
1013,2026-09-06 22:57:00,1,LINE_A,L,300.5,309.8,1349,33.0,57,0
1014,2026-09-06 23:20:00,4,LINE_A,H,298.5,308.1,1641,47.8,44,0
1015,2026-09-06 23:40:00,10,LINE_A,L,301.7,310.7,1779,40.3,24,0
1016,2026-09-06 23:56:00,9,LINE_A,L,297.6,307.7,1531,37.7,172,0
1017,2026-09-07 00:10:00,18,LINE_B,M,304.5,315.6,1359,44.8,20,0
1018,2026-09-07 00:11:00,16,LINE_B,H,304.5,315.4,1697,46.4,41,0
1019,2026-09-07 00:16:00,4,LINE_A,L,303.3,314.9,1850,14.9,156,1
1020,2026-09-07 00:21:00,12,LINE_B,L,302.6,314.3,1380,48.3,201,0
1021,2026-09-07 00:22:00,10,LINE_A,H,299.8,307.8,1547,48.5,30,0
1022,2026-09-07 00:23:00,3,LINE_A,M,302.3,311.1,1736,33.4,131,0
1023,2026-09-07 00:32:00,14,LINE_B,H,299.8,308.0,1561,44.6,2,0
1024,2026-09-07 00:37:00,11,LINE_B,M,296.9,307.5,1225,50.3,23,0
1025,2026-09-07 00:37:00,2,LINE_A,M,303.0,312.3,1620,31.3,17,0
1026,2026-09-07 01:01:00,10,LINE_A,L,302.3,311.8,1364,38.8,179,0
1027,2026-09-07 01:03:00,15,LINE_B,H,299.9,309.7,1311,52.6,34,0
1028,2026-09-07 01:09:00,7,LINE_A,L,297.5,307.9,1229,44.2,4,0
1029,2026-09-07 01:10:00,8,LINE_A,M,298.8,307.3,1754,21.4,113,0
1030,2026-09-07 01:13:00,3,LINE_A,L,296.4,305.1,1390,45.5,66,0
1031,2026-09-07 01:18:00,5,LINE_A,M,301.9,311.9,1600,34.1,98,0
1032,2026-09-07 01:27:00,20,LINE_B,M,296.8,308.0,1644,27.3,79,0
1033,2026-09-07 01:44:00,13,LINE_B,M,300.6,310.5,1569,39.7,16,0
1034,2026-09-07 01:52:00,4,LINE_A,H,298.3,307.5,1593,44.5,58,0
1035,2026-09-07 02:39:00,10,LINE_A,L,297.1,305.0,1609,38.1,206,0
1036,2026-09-07 02:45:00,4,LINE_A,M,300.5,311.4,1565,30.7,52,0
1037,2026-09-07 02:48:00,9,LINE_A,L,299.3,308.6,1403,48.0,200,0
1038,2026-09-07 02:54:00,3,LINE_A,L,301.7,310.5,1387,52.9,64,0
1039,2026-09-07 03:09:00,13,LINE_B,L,297.5,305.7,1521,58.3,67,1
1040,2026-09-07 03:14:00,12,LINE_B,L,298.5,307.0,1517,52.2,41,0
1041,2026-09-07 03:15:00,13,LINE_B,L,295.2,304.3,1617,29.6,50,0
1042,2026-09-07 03:16:00,9,LINE_A,M,295.6,305.4,1738,40.9,34,0
1043,2026-09-07 03:24:00,6,LINE_A,M,303.6,312.4,1602,40.2,93,0
1044,2026-09-07 03:48:00,5,LINE_A,M,304.2,314.4,1394,35.2,19,0
1045,2026-09-07 03:58:00,5,LINE_A,L,300.2,309.9,1150,54.0,130,0
1046,2026-09-07 04:01:00,9,LINE_A,L,298.4,310.6,1402,59.5,62,0
1047,2026-09-07 04:05:00,10,LINE_A,L,299.4,307.7,1298,56.8,35,1
1048,2026-09-07 04:25:00,14,LINE_B,M,301.7,311.9,1409,35.8,118,0
1049,2026-09-07 04:30:00,2,LINE_A,H,299.0,309.1,1584,38.8,52,0
1050,2026-09-07 04:32:00,6,LINE_A,L,300.5,309.4,1555,43.5,69,0
1051,2026-09-07 04:41:00,18,LINE_B,M,300.0,310.1,1874,16.1,92,1
1052,2026-09-07 04:54:00,19,LINE_B,L,298.9,309.6,1627,23.8,217,0
1053,2026-09-07 04:54:00,19,LINE_B,L,298.9,309.0,1884,30.9,67,0
1054,2026-09-07 05:24:00,7,LINE_A,L,300.6,312.0,1669,37.5,58,0
1055,2026-09-07 05:24:00,3,LINE_A,L,298.0,305.9,1735,19.4,163,0
1056,2026-09-07 05:30:00,4,LINE_A,M,300.9,310.1,1475,45.0,71,0
1057,2026-09-07 05:57:00,3,LINE_A,H,299.1,310.5,1347,54.5,64,0
1058,2026-09-07 06:11:00,20,LINE_B,L,300.3,311.2,1459,40.7,40,0
1059,2026-09-07 06:12:00,18,LINE_B,M,302.8,313.3,1538,40.5,134,0
1060,2026-09-07 06:13:00,17,LINE_B,M,299.7,310.9,1427,48.0,2,0
1061,2026-09-07 06:19:00,15,LINE_B,H,301.8,309.9,1360,48.9,26,1
1062,2026-09-07 06:25:00,7,LINE_A,M,296.4,307.2,1615,24.4,90,0
1063,2026-09-07 06:29:00,10,LINE_A,L,299.1,310.1,1359,38.2,124,0
1064,2026-09-07 06:35:00,17,LINE_B,M,300.1,309.4,1264,45.1,49,0
1065,2026-09-07 06:46:00,17,LINE_B,L,303.8,316.5,1338,39.2,234,0
1066,2026-09-07 06:46:00,11,LINE_B,H,296.1,306.3,1498,53.0,33,0
1067,2026-09-07 06:48:00,17,LINE_B,L,299.8,307.6,1362,50.4,162,1
1068,2026-09-07 07:09:00,7,LINE_A,M,302.9,313.3,1499,32.4,58,0
1069,2026-09-07 07:11:00,9,LINE_A,L,298.4,307.7,1648,35.0,105,0
1070,2026-09-07 07:17:00,17,LINE_B,L,299.6,310.7,1643,45.9,186,0
1071,2026-09-07 07:34:00,8,LINE_A,H,300.7,311.2,1421,38.4,34,0
1072,2026-09-07 07:54:00,16,LINE_B,M,300.4,309.8,1305,53.9,57,0
1073,2026-09-07 07:57:00,10,LINE_A,L,303.1,314.6,1436,54.2,187,0
1074,2026-09-07 08:34:00,6,LINE_A,H,300.9,311.8,1658,46.2,8,0
1075,2026-09-07 08:36:00,5,LINE_A,H,302.7,311.8,1700,36.6,41,0
1076,2026-09-07 08:47:00,13,LINE_B,L,299.3,309.1,1604,48.1,66,0
1077,2026-09-07 08:56:00,10,LINE_A,M,298.5,309.0,1756,29.3,69,0
1078,2026-09-07 09:30:00,8,LINE_A,L,299.5,309.2,1851,50.5,138,1
1079,2026-09-07 09:35:00,15,LINE_B,M,297.7,307.3,1453,44.5,61,0
1080,2026-09-07 09:41:00,1,LINE_A,L,301.0,311.0,1808,41.1,238,0
1081,2026-09-07 09:54:00,2,LINE_A,L,299.2,308.2,1493,38.5,219,0
1082,2026-09-07 09:55:00,20,LINE_B,H,298.7,306.4,1724,38.5,14,0
1083,2026-09-07 10:19:00,14,LINE_B,H,301.0,311.2,1668,40.5,62,0
1084,2026-09-07 10:19:00,11,LINE_B,H,297.7,305.7,1184,43.2,31,1
1085,2026-09-07 10:33:00,1,LINE_A,H,301.5,310.5,1366,37.6,68,0
1086,2026-09-07 10:46:00,12,LINE_B,M,299.0,307.3,1320,45.0,70,1
1087,2026-09-07 10:57:00,9,LINE_A,M,302.3,310.7,1219,58.5,137,1
1088,2026-09-07 11:06:00,12,LINE_B,M,299.2,309.6,1698,20.6,136,0
1089,2026-09-07 11:17:00,1,LINE_A,L,301.3,311.0,1912,25.9,13,0
1090,2026-09-07 11:31:00,12,LINE_B,L,300.4,310.1,1494,51.9,26,0
1091,2026-09-07 11:35:00,12,LINE_B,L,301.5,310.2,1694,25.5,5,0
1092,2026-09-07 11:52:00,6,LINE_A,M,300.2,309.6,1807,42.0,114,0
1093,2026-09-07 12:08:00,2,LINE_A,L,296.7,307.0,1577,29.9,54,0
1094,2026-09-07 12:47:00,20,LINE_B,L,302.0,312.0,1535,32.8,173,0
1095,2026-09-07 13:05:00,15,LINE_B,M,299.8,310.6,1496,40.1,47,0
1096,2026-09-07 13:07:00,13,LINE_B,L,301.6,312.5,1637,52.1,73,0
1097,2026-09-07 13:08:00,16,LINE_B,L,301.4,311.1,1697,30.2,144,0
1098,2026-09-07 13:13:00,14,LINE_B,H,298.5,306.6,1623,23.6,74,0
1099,2026-09-07 13:21:00,3,LINE_A,H,298.2,307.4,1617,26.5,54,0
1100,2026-09-07 13:27:00,10,LINE_A,L,301.3,311.2,1531,47.7,137,0
1101,2026-09-07 13:27:00,18,LINE_B,L,299.4,308.6,1253,37.8,176,0
1102,2026-09-07 13:52:00,6,LINE_A,L,301.9,310.8,1702,44.7,41,0
1103,2026-09-07 13:54:00,20,LINE_B,M,299.6,309.7,1309,47.5,85,0
1104,2026-09-07 14:04:00,2,LINE_A,H,302.0,314.5,1651,36.4,27,0
1105,2026-09-07 14:30:00,7,LINE_A,L,300.8,310.4,1676,38.3,37,0
1106,2026-09-07 14:40:00,8,LINE_A,M,300.6,310.6,1335,39.8,47,0
1107,2026-09-07 14:44:00,13,LINE_B,L,299.3,307.9,1431,44.4,46,0
1108,2026-09-07 14:50:00,4,LINE_A,L,300.5,311.7,1922,19.0,77,0
1109,2026-09-07 15:23:00,5,LINE_A,H,302.4,313.3,1526,51.2,2,0
1110,2026-09-07 15:27:00,14,LINE_B,L,299.9,310.7,1320,38.4,179,0
1111,2026-09-07 15:31:00,6,LINE_A,L,301.1,312.4,1684,39.2,83,0
1112,2026-09-07 15:40:00,18,LINE_B,L,300.1,309.7,1401,35.9,158,0
1113,2026-09-07 15:45:00,18,LINE_B,M,300.2,309.9,1194,46.1,107,0
1114,2026-09-07 16:13:00,7,LINE_A,H,303.4,315.2,1634,34.2,78,0
1115,2026-09-07 16:28:00,12,LINE_B,H,302.4,313.0,1375,68.8,7,1
1116,2026-09-07 16:36:00,7,LINE_A,L,300.2,307.9,1598,38.2,122,0
1117,2026-09-07 16:39:00,7,LINE_A,L,300.4,310.9,1394,37.8,100,0
1118,2026-09-07 17:10:00,14,LINE_B,M,298.6,308.0,1667,32.6,50,0
1119,2026-09-07 17:25:00,6,LINE_A,L,299.7,310.6,1573,27.0,193,0
1120,2026-09-07 17:30:00,3,LINE_A,H,300.6,311.0,1150,50.4,6,0
1121,2026-09-07 17:39:00,6,LINE_A,M,301.7,310.0,1609,52.7,44,0
1122,2026-09-07 17:45:00,19,LINE_B,L,301.5,311.8,1488,44.3,190,0
1123,2026-09-07 17:55:00,6,LINE_A,H,297.8,308.0,1795,39.6,38,0
1124,2026-09-07 18:14:00,8,LINE_A,L,302.0,312.3,1611,30.6,17,0
1125,2026-09-07 18:15:00,13,LINE_B,L,299.8,310.4,1676,34.3,41,0
1126,2026-09-07 18:16:00,3,LINE_A,M,298.0,309.5,1412,45.5,43,0
1127,2026-09-07 18:31:00,6,LINE_A,M,302.7,313.1,1398,38.5,35,0
1128,2026-09-07 18:34:00,4,LINE_A,M,302.9,312.9,1535,43.3,96,0
1129,2026-09-07 18:39:00,19,LINE_B,M,300.5,311.7,1475,46.9,25,0
1130,2026-09-07 19:05:00,19,LINE_B,H,301.4,313.7,1781,37.1,73,0
1131,2026-09-07 19:14:00,16,LINE_B,H,301.5,312.4,1512,39.6,30,0
1132,2026-09-07 19:42:00,5,LINE_A,M,302.8,313.0,1320,55.3,10,0
1133,2026-09-07 20:11:00,13,LINE_B,L,301.5,311.9,1391,42.4,2,0
1134,2026-09-07 20:13:00,14,LINE_B,M,297.3,307.6,1714,32.0,87,0
1135,2026-09-07 21:09:00,18,LINE_B,H,304.0,314.0,1510,52.4,70,0
1136,2026-09-07 21:20:00,4,LINE_A,L,302.1,314.3,1500,32.3,32,0
1137,2026-09-07 21:44:00,15,LINE_B,L,299.0,308.2,1731,20.7,74,0
1138,2026-09-07 21:55:00,4,LINE_A,L,297.9,309.1,1375,38.0,181,0
1139,2026-09-07 21:58:00,12,LINE_B,L,301.0,310.9,1150,54.8,208,1
1140,2026-09-07 22:16:00,18,LINE_B,M,299.4,308.0,1386,54.9,105,0
1141,2026-09-07 22:31:00,2,LINE_A,L,300.7,310.5,1584,33.4,148,0
1142,2026-09-07 22:38:00,3,LINE_A,M,301.5,310.9,1495,55.9,107,0
1143,2026-09-07 22:53:00,17,LINE_B,H,298.9,309.4,1259,48.6,28,0
1144,2026-09-07 23:13:00,1,LINE_A,H,297.8,307.9,1723,33.6,6,0
1145,2026-09-07 23:20:00,14,LINE_B,L,300.8,309.7,1569,32.3,135,0
1146,2026-09-07 23:21:00,11,LINE_B,L,298.9,310.4,1610,53.5,134,1
1147,2026-09-07 23:25:00,7,LINE_A,M,300.3,311.4,1616,36.5,115,0
1148,2026-09-07 23:31:00,18,LINE_B,H,297.3,308.9,1306,36.4,23,1
1149,2026-09-07 23:35:00,17,LINE_B,L,299.5,309.7,1595,58.0,213,1
1150,2026-09-07 23:44:00,7,LINE_A,H,301.4,311.4,1703,38.2,47,0
1151,2026-09-07 23:49:00,1,LINE_A,L,301.2,311.9,1745,40.2,106,0
1152,2026-09-07 23:49:00,3,LINE_A,H,298.4,307.8,1670,49.6,95,0
1153,2026-09-07 23:52:00,3,LINE_A,L,297.7,307.8,1632,42.1,130,0
1154,2026-09-08 00:03:00,20,LINE_B,L,300.0,309.9,1227,57.2,21,0
1155,2026-09-08 00:17:00,12,LINE_B,M,301.1,309.7,1537,40.5,36,0
1156,2026-09-08 00:21:00,14,LINE_B,L,300.8,310.9,1368,51.0,142,0
1157,2026-09-08 00:29:00,5,LINE_A,L,299.0,308.5,1771,32.8,55,0
1158,2026-09-08 00:31:00,18,LINE_B,L,300.6,310.4,1743,33.7,39,0
1159,2026-09-08 00:33:00,15,LINE_B,L,303.0,313.4,1369,46.1,71,0
1160,2026-09-08 00:33:00,16,LINE_B,M,300.4,311.7,1532,37.1,73,0
1161,2026-09-08 00:36:00,10,LINE_A,L,296.7,305.9,1585,42.7,22,0
1162,2026-09-08 00:38:00,14,LINE_B,M,300.4,310.1,1702,39.2,75,0
1163,2026-09-08 00:53:00,11,LINE_B,H,304.1,313.3,1238,55.6,70,0
1164,2026-09-08 00:55:00,8,LINE_A,L,297.4,306.6,1150,56.8,109,0
1165,2026-09-08 01:05:00,12,LINE_B,L,300.1,309.5,1547,55.8,166,1
1166,2026-09-08 01:21:00,7,LINE_A,H,299.5,309.4,1150,60.1,61,0
1167,2026-09-08 01:55:00,20,LINE_B,H,300.2,310.8,1569,37.5,48,0
1168,2026-09-08 02:18:00,15,LINE_B,M,300.4,310.7,1647,40.4,140,0
1169,2026-09-08 02:25:00,15,LINE_B,H,302.3,311.2,1762,44.6,58,0
1170,2026-09-08 02:35:00,15,LINE_B,L,300.2,311.5,1428,35.8,193,0
1171,2026-09-08 02:46:00,9,LINE_A,L,302.6,313.5,1569,55.2,153,1
1172,2026-09-08 02:47:00,20,LINE_B,M,299.8,308.9,1657,30.3,138,0
1173,2026-09-08 02:56:00,5,LINE_A,L,299.3,310.5,1328,53.6,103,0
1174,2026-09-08 03:03:00,12,LINE_B,M,298.7,309.0,1705,35.1,27,0
1175,2026-09-08 03:05:00,2,LINE_A,M,296.4,306.2,1589,38.1,26,0
1176,2026-09-08 03:10:00,6,LINE_A,M,300.6,310.9,1431,32.8,143,0
1177,2026-09-08 03:35:00,12,LINE_B,L,304.1,314.1,1565,46.5,191,0
1178,2026-09-08 03:40:00,10,LINE_A,L,300.9,311.5,1515,30.4,73,0
1179,2026-09-08 03:41:00,19,LINE_B,L,301.4,311.6,1680,24.2,107,0
1180,2026-09-08 03:45:00,13,LINE_B,L,299.2,308.8,1475,51.2,8,0
1181,2026-09-08 03:45:00,9,LINE_A,M,299.5,307.5,1581,53.1,137,0
1182,2026-09-08 03:45:00,9,LINE_A,L,302.0,312.5,1428,38.0,104,0
1183,2026-09-08 03:51:00,13,LINE_B,L,304.0,313.6,1371,53.1,92,0
1184,2026-09-08 04:15:00,16,LINE_B,L,303.0,313.8,1571,45.4,59,0
1185,2026-09-08 04:31:00,6,LINE_A,L,301.6,312.1,1379,44.1,19,0
1186,2026-09-08 04:38:00,12,LINE_B,H,300.1,309.7,1684,46.4,73,0
1187,2026-09-08 04:54:00,12,LINE_B,L,300.4,311.4,1647,35.5,53,0
1188,2026-09-08 05:03:00,1,LINE_A,H,298.5,308.7,1402,48.3,8,0
1189,2026-09-08 05:05:00,19,LINE_B,L,297.1,307.3,1578,28.8,234,0
1190,2026-09-08 05:11:00,12,LINE_B,M,297.7,307.6,1401,34.5,79,0
1191,2026-09-08 05:21:00,5,LINE_A,L,300.1,311.8,1251,58.0,18,0
1192,2026-09-08 05:39:00,13,LINE_B,L,299.4,308.7,1432,47.6,69,0
1193,2026-09-08 05:44:00,14,LINE_B,H,297.1,306.7,1531,39.1,53,0
1194,2026-09-08 05:45:00,19,LINE_B,H,299.9,308.7,1634,52.4,20,0
1195,2026-09-08 06:02:00,1,LINE_A,H,299.4,310.1,1567,54.4,95,0
1196,2026-09-08 06:05:00,9,LINE_A,L,297.7,307.1,1703,38.6,210,0
1197,2026-09-08 06:17:00,4,LINE_A,L,299.3,308.8,1363,33.7,212,0
1198,2026-09-08 06:24:00,12,LINE_B,M,299.4,308.8,1472,41.1,74,0
1199,2026-09-08 06:25:00,11,LINE_B,L,298.8,308.8,1836,24.5,237,0
1200,2026-09-08 06:25:00,10,LINE_A,M,301.9,310.6,1192,51.1,47,0
1201,2026-09-08 06:31:00,20,LINE_B,M,296.2,304.0,1459,35.0,80,0
1202,2026-09-08 06:40:00,11,LINE_B,M,296.0,306.5,1347,36.2,107,0
1203,2026-09-08 06:49:00,9,LINE_A,H,300.0,307.9,1505,23.0,48,0
1204,2026-09-08 07:01:00,2,LINE_A,M,300.2,311.0,1462,43.7,122,0
1205,2026-09-08 07:03:00,6,LINE_A,L,300.8,312.4,1648,18.4,24,1
1206,2026-09-08 07:09:00,18,LINE_B,L,298.9,308.8,1586,36.1,106,0
1207,2026-09-08 07:11:00,10,LINE_A,M,298.2,309.5,1305,52.6,119,0
1208,2026-09-08 07:20:00,19,LINE_B,L,300.0,310.0,1434,37.4,43,0
1209,2026-09-08 07:24:00,11,LINE_B,L,299.1,310.7,1540,31.3,92,0
1210,2026-09-08 07:32:00,11,LINE_B,L,303.1,312.6,1673,35.5,238,0
1211,2026-09-08 07:49:00,9,LINE_A,M,299.4,307.0,1978,20.2,88,0
1212,2026-09-08 07:50:00,12,LINE_B,H,299.9,309.8,1667,37.7,34,0
1213,2026-09-08 07:55:00,2,LINE_A,M,305.0,316.7,1358,37.2,52,0
1214,2026-09-08 08:00:00,2,LINE_A,L,299.6,310.1,1523,39.7,49,0
1215,2026-09-08 08:00:00,10,LINE_A,L,301.1,310.6,1573,36.3,176,0
1216,2026-09-08 08:27:00,12,LINE_B,M,301.3,311.6,1447,42.7,14,0
1217,2026-09-08 08:31:00,12,LINE_B,L,301.5,312.4,1625,50.5,49,0
1218,2026-09-08 08:34:00,9,LINE_A,M,300.6,310.5,1150,53.3,17,0
1219,2026-09-08 08:35:00,6,LINE_A,M,300.4,313.0,1640,41.0,108,0
1220,2026-09-08 09:03:00,15,LINE_B,L,300.2,309.7,1454,37.6,226,0
1221,2026-09-08 09:12:00,13,LINE_B,L,298.8,309.9,1520,42.4,20,0
1222,2026-09-08 09:32:00,1,LINE_A,L,300.7,311.4,1804,29.9,227,0
1223,2026-09-08 09:38:00,10,LINE_A,H,304.1,313.4,1313,47.0,88,0
1224,2026-09-08 09:46:00,15,LINE_B,M,302.4,312.0,1589,43.7,73,0
1225,2026-09-08 09:48:00,16,LINE_B,L,300.6,311.6,1683,31.7,8,0
1226,2026-09-08 09:55:00,6,LINE_A,H,301.7,311.9,1571,35.9,66,0
1227,2026-09-08 10:11:00,19,LINE_B,L,298.3,308.6,1249,44.8,125,0
1228,2026-09-08 10:17:00,14,LINE_B,L,299.5,307.8,1783,28.7,199,0
1229,2026-09-08 10:31:00,9,LINE_A,H,301.9,312.6,1502,42.5,28,0
1230,2026-09-08 10:46:00,13,LINE_B,L,303.0,313.3,1445,39.9,133,0
1231,2026-09-08 10:51:00,18,LINE_B,L,298.5,308.4,1484,53.7,214,1
1232,2026-09-08 11:01:00,5,LINE_A,M,299.0,309.4,1471,63.5,96,1
1233,2026-09-08 11:31:00,4,LINE_A,L,304.4,314.0,1326,41.9,155,0
1234,2026-09-08 11:33:00,9,LINE_A,M,300.2,309.6,1570,41.5,139,0
1235,2026-09-08 11:42:00,2,LINE_A,L,303.6,313.4,1432,51.5,117,0
1236,2026-09-08 11:46:00,17,LINE_B,L,300.4,309.9,1661,34.3,41,0
1237,2026-09-08 12:16:00,20,LINE_B,L,300.5,312.7,1633,29.2,234,0
1238,2026-09-08 12:29:00,13,LINE_B,L,299.4,310.3,1833,45.1,33,0
1239,2026-09-08 12:36:00,20,LINE_B,L,301.9,310.9,1502,46.6,132,0
1240,2026-09-08 12:40:00,2,LINE_A,L,302.7,314.8,1395,46.9,180,0
1241,2026-09-08 12:49:00,13,LINE_B,H,297.9,307.5,1275,59.5,75,0
1242,2026-09-08 13:12:00,9,LINE_A,L,299.3,309.3,1935,34.3,168,0
1243,2026-09-08 13:15:00,6,LINE_A,L,301.8,312.7,1659,36.0,102,0
1244,2026-09-08 13:17:00,7,LINE_A,L,299.7,307.8,1415,35.9,44,0
1245,2026-09-08 13:21:00,11,LINE_B,L,299.0,308.8,1845,26.9,9,0
1246,2026-09-08 13:31:00,13,LINE_B,L,302.0,311.4,1784,42.3,72,0
1247,2026-09-08 13:36:00,4,LINE_A,M,302.2,312.4,1297,52.8,140,0
1248,2026-09-08 13:36:00,13,LINE_B,L,299.1,309.5,1404,42.6,164,0
1249,2026-09-08 13:39:00,19,LINE_B,H,300.4,310.3,1516,54.8,39,0
1250,2026-09-08 13:46:00,1,LINE_A,H,297.6,307.5,1347,44.5,47,0
1251,2026-09-08 13:54:00,18,LINE_B,L,298.2,309.3,1523,48.4,80,0
1252,2026-09-08 13:54:00,13,LINE_B,L,300.2,310.5,1668,37.9,214,0
1253,2026-09-08 14:16:00,7,LINE_A,L,300.1,310.1,1293,62.9,108,0
1254,2026-09-08 15:05:00,15,LINE_B,M,298.1,308.2,1593,44.4,120,0
1255,2026-09-08 15:10:00,13,LINE_B,L,298.6,310.4,1750,34.1,12,0
1256,2026-09-08 15:11:00,16,LINE_B,H,297.9,308.0,1612,36.4,46,0
1257,2026-09-08 15:27:00,2,LINE_A,M,300.9,310.4,1526,40.3,86,0
1258,2026-09-08 15:29:00,2,LINE_A,H,296.1,304.2,1420,37.8,64,0
1259,2026-09-08 15:40:00,13,LINE_B,M,298.0,306.5,1690,24.6,3,0
1260,2026-09-08 15:53:00,7,LINE_A,H,296.3,305.8,1328,48.8,62,0
1261,2026-09-08 15:54:00,5,LINE_A,L,300.8,310.7,1584,34.4,201,0
1262,2026-09-08 16:19:00,9,LINE_A,L,296.4,305.8,1545,35.6,22,0
1263,2026-09-08 16:26:00,15,LINE_B,L,300.1,310.4,1743,33.2,79,0
1264,2026-09-08 16:44:00,4,LINE_A,H,303.3,312.7,1435,43.6,41,0
1265,2026-09-08 16:59:00,20,LINE_B,M,303.3,312.4,1450,42.7,37,0
1266,2026-09-08 17:07:00,9,LINE_A,H,296.4,307.0,1316,60.6,42,0
1267,2026-09-08 17:08:00,4,LINE_A,L,300.6,312.0,1619,42.9,214,0
1268,2026-09-08 17:11:00,2,LINE_A,H,298.0,306.9,1464,59.2,86,1
1269,2026-09-08 17:30:00,18,LINE_B,L,297.6,307.9,1385,41.1,144,0
1270,2026-09-08 17:43:00,3,LINE_A,L,299.8,307.9,1402,50.4,212,0
1271,2026-09-08 18:03:00,9,LINE_A,H,302.5,311.0,1637,34.0,78,0
1272,2026-09-08 18:05:00,14,LINE_B,L,301.2,310.6,1341,41.5,13,0
1273,2026-09-08 18:15:00,11,LINE_B,L,298.6,309.7,1357,62.6,92,0
1274,2026-09-08 18:29:00,6,LINE_A,M,301.4,310.6,1701,29.0,121,0
1275,2026-09-08 18:40:00,3,LINE_A,L,295.5,304.7,1510,23.0,106,0
1276,2026-09-08 18:45:00,15,LINE_B,L,298.5,308.5,1712,29.2,146,0
1277,2026-09-08 18:55:00,10,LINE_A,L,298.4,308.4,1475,25.9,98,0
1278,2026-09-08 18:56:00,1,LINE_A,L,300.2,309.4,1540,32.4,3,0
1279,2026-09-08 19:06:00,4,LINE_A,H,299.6,311.6,1568,32.3,54,0
1280,2026-09-08 19:08:00,12,LINE_B,M,299.7,309.5,1790,32.8,55,0
1281,2026-09-08 19:08:00,4,LINE_A,L,299.7,309.8,1775,16.6,185,1
1282,2026-09-08 19:10:00,8,LINE_A,L,300.0,309.6,1748,43.3,213,0
1283,2026-09-08 19:11:00,3,LINE_A,L,301.1,311.5,1427,28.4,25,1
1284,2026-09-08 19:11:00,16,LINE_B,M,300.3,311.5,1362,44.3,51,0
1285,2026-09-08 19:15:00,13,LINE_B,H,299.4,311.1,1677,33.3,38,0
1286,2026-09-08 19:15:00,16,LINE_B,H,300.8,310.0,1788,39.2,65,0
1287,2026-09-08 19:24:00,2,LINE_A,L,301.7,312.8,1749,36.5,95,0
1288,2026-09-08 19:35:00,8,LINE_A,L,298.9,309.4,1542,49.4,135,0
1289,2026-09-08 19:36:00,6,LINE_A,L,299.9,310.9,1671,33.2,217,0
1290,2026-09-08 19:46:00,13,LINE_B,M,302.3,312.2,1674,32.3,85,0
1291,2026-09-08 19:48:00,17,LINE_B,L,297.8,307.6,1567,42.5,23,0
1292,2026-09-08 19:59:00,5,LINE_A,M,303.6,314.5,1575,47.2,69,0
1293,2026-09-08 20:10:00,16,LINE_B,M,297.3,308.3,1558,46.1,127,0
1294,2026-09-08 20:15:00,12,LINE_B,L,299.3,310.9,1398,46.8,115,0
1295,2026-09-08 20:25:00,17,LINE_B,L,298.1,308.3,1417,45.6,235,0
1296,2026-09-08 20:43:00,2,LINE_A,L,304.4,314.3,1414,43.5,216,0
1297,2026-09-08 20:47:00,20,LINE_B,L,299.0,306.5,1252,51.9,63,1
1298,2026-09-08 21:00:00,9,LINE_A,L,299.0,307.4,1566,55.5,99,1
1299,2026-09-08 21:06:00,6,LINE_A,M,299.3,308.9,1533,38.3,26,0
1300,2026-09-08 21:46:00,4,LINE_A,L,300.2,309.1,1677,33.0,45,0
1301,2026-09-08 21:51:00,20,LINE_B,L,299.3,310.2,1767,29.7,88,0
1302,2026-09-08 21:52:00,18,LINE_B,M,299.7,308.4,1778,36.0,60,0
1303,2026-09-08 21:52:00,3,LINE_A,M,292.9,302.4,1795,15.4,50,1
1304,2026-09-08 22:05:00,9,LINE_A,L,300.1,309.7,1404,43.0,175,0
1305,2026-09-08 22:28:00,15,LINE_B,H,300.0,311.2,1282,54.8,14,0
1306,2026-09-08 22:30:00,12,LINE_B,H,302.1,311.5,1708,30.8,46,0
1307,2026-09-08 22:30:00,4,LINE_A,M,302.6,313.1,1789,34.0,128,0
1308,2026-09-08 22:34:00,8,LINE_A,M,299.6,309.8,1820,48.5,105,1
1309,2026-09-08 22:37:00,8,LINE_A,L,301.6,312.5,1627,40.0,49,0
1310,2026-09-08 22:43:00,6,LINE_A,H,297.8,308.6,1181,32.9,23,0
1311,2026-09-08 22:44:00,20,LINE_B,L,301.5,311.5,1606,26.7,222,0
1312,2026-09-08 22:47:00,5,LINE_A,H,298.9,307.2,1640,35.0,56,0
1313,2026-09-08 23:03:00,15,LINE_B,M,297.6,307.4,1765,26.8,127,0
1314,2026-09-08 23:10:00,19,LINE_B,L,299.6,309.6,1797,33.1,207,0
1315,2026-09-08 23:12:00,16,LINE_B,L,302.8,313.1,1704,32.7,105,0
1316,2026-09-08 23:13:00,16,LINE_B,M,300.4,309.6,1434,52.5,76,0
1317,2026-09-08 23:24:00,4,LINE_A,M,303.0,314.1,1355,36.8,53,0
1318,2026-09-08 23:38:00,3,LINE_A,L,298.5,308.5,1636,35.5,152,0
1319,2026-09-08 23:39:00,16,LINE_B,M,302.1,311.2,1397,46.0,93,0
1320,2026-09-08 23:55:00,15,LINE_B,H,298.7,308.2,1806,34.8,65,0
1321,2026-09-08 23:59:00,15,LINE_B,L,300.5,312.4,1233,50.4,206,0
1322,2026-09-09 00:14:00,9,LINE_A,L,300.4,311.1,1642,17.6,177,1
1323,2026-09-09 00:19:00,11,LINE_B,L,301.3,312.4,1598,38.9,24,0
1324,2026-09-09 00:28:00,1,LINE_A,M,300.5,309.5,1503,39.9,50,0
1325,2026-09-09 00:43:00,6,LINE_A,L,298.5,307.8,1373,51.9,136,0
1326,2026-09-09 00:52:00,11,LINE_B,H,301.8,311.1,1169,56.9,60,0
1327,2026-09-09 00:56:00,3,LINE_A,L,303.5,313.6,1444,44.8,207,0
1328,2026-09-09 01:11:00,3,LINE_A,M,298.8,308.7,1448,45.3,59,0
1329,2026-09-09 01:23:00,1,LINE_A,L,296.3,305.8,1740,44.8,197,0
1330,2026-09-09 01:39:00,5,LINE_A,L,301.0,310.6,1399,53.4,93,0
1331,2026-09-09 01:43:00,20,LINE_B,M,299.3,308.5,1621,39.8,21,0
1332,2026-09-09 01:46:00,14,LINE_B,L,299.7,309.6,1307,64.1,114,0
1333,2026-09-09 01:48:00,19,LINE_B,M,301.1,312.2,1626,32.4,21,0
1334,2026-09-09 01:49:00,6,LINE_A,H,299.1,307.6,1150,42.2,39,1
1335,2026-09-09 01:57:00,12,LINE_B,H,299.5,309.8,1917,28.6,23,0
1336,2026-09-09 02:06:00,18,LINE_B,H,299.8,311.2,1515,37.8,2,0
1337,2026-09-09 02:15:00,8,LINE_A,L,302.9,312.8,1150,32.0,159,0
1338,2026-09-09 02:32:00,14,LINE_B,M,300.1,309.5,1411,38.7,107,0
1339,2026-09-09 02:40:00,14,LINE_B,H,297.5,308.5,1382,47.5,12,0
1340,2026-09-09 02:47:00,17,LINE_B,L,297.6,306.6,1422,43.1,140,0
1341,2026-09-09 03:02:00,20,LINE_B,L,300.3,310.3,1474,35.8,120,0
1342,2026-09-09 03:22:00,13,LINE_B,H,297.7,306.7,1421,43.9,13,0
1343,2026-09-09 03:28:00,12,LINE_B,L,296.9,305.0,1393,45.4,146,0
1344,2026-09-09 03:56:00,18,LINE_B,M,301.3,311.1,1331,52.0,37,0
1345,2026-09-09 04:10:00,14,LINE_B,H,301.4,310.1,1688,30.4,79,0
1346,2026-09-09 04:11:00,8,LINE_A,M,299.3,309.3,1756,40.5,88,0
1347,2026-09-09 04:16:00,13,LINE_B,L,300.6,311.7,1494,32.6,26,0
1348,2026-09-09 04:18:00,11,LINE_B,L,300.4,312.2,1537,36.1,124,0
1349,2026-09-09 04:32:00,5,LINE_A,L,301.2,311.3,1337,59.7,28,0
1350,2026-09-09 04:34:00,11,LINE_B,L,301.2,312.2,1553,31.4,173,0
1351,2026-09-09 04:44:00,13,LINE_B,M,294.8,305.2,1581,33.5,43,0
1352,2026-09-09 04:46:00,19,LINE_B,H,299.5,309.1,1501,31.2,47,0
1353,2026-09-09 05:12:00,12,LINE_B,L,301.0,309.1,1611,31.2,167,0
1354,2026-09-09 05:19:00,4,LINE_A,L,299.2,310.8,1596,39.4,202,0
1355,2026-09-09 05:19:00,20,LINE_B,H,300.1,309.0,1350,51.3,49,0
1356,2026-09-09 05:27:00,12,LINE_B,L,301.5,312.9,1755,33.4,18,0
1357,2026-09-09 05:35:00,6,LINE_A,M,300.2,310.7,1503,38.5,37,0
1358,2026-09-09 05:51:00,16,LINE_B,L,303.0,312.0,1842,21.0,147,0
1359,2026-09-09 06:04:00,8,LINE_A,M,302.3,312.6,1616,31.9,6,0
1360,2026-09-09 06:05:00,8,LINE_A,L,299.8,311.9,1895,17.0,89,1
1361,2026-09-09 06:07:00,17,LINE_B,M,299.6,311.1,1752,39.5,46,0
1362,2026-09-09 06:08:00,18,LINE_B,L,294.3,303.8,1581,45.2,73,0
1363,2026-09-09 06:14:00,11,LINE_B,M,299.3,308.6,1410,43.6,137,0
1364,2026-09-09 06:20:00,8,LINE_A,L,297.3,307.4,1414,47.3,226,0
1365,2026-09-09 06:29:00,18,LINE_B,L,300.4,310.3,1636,44.1,215,0
1366,2026-09-09 06:35:00,4,LINE_A,M,300.3,311.5,1566,40.0,124,0
1367,2026-09-09 06:35:00,15,LINE_B,L,301.4,312.1,1434,54.3,214,1
1368,2026-09-09 06:45:00,12,LINE_B,L,302.8,311.1,1690,27.3,44,0
1369,2026-09-09 06:47:00,18,LINE_B,L,299.9,310.4,1547,37.0,94,0
1370,2026-09-09 06:50:00,9,LINE_A,L,304.6,314.4,1691,31.7,13,0
1371,2026-09-09 07:02:00,17,LINE_B,L,300.5,310.5,1364,50.4,191,0
1372,2026-09-09 07:05:00,1,LINE_A,H,297.4,307.6,1720,23.1,83,0
1373,2026-09-09 07:10:00,16,LINE_B,L,298.9,310.1,1630,48.9,6,0
1374,2026-09-09 07:17:00,2,LINE_A,H,299.3,310.2,1756,38.0,16,0
1375,2026-09-09 07:39:00,13,LINE_B,H,301.2,310.4,1716,48.7,16,0
1376,2026-09-09 07:47:00,4,LINE_A,L,298.1,308.0,1525,40.1,222,0
1377,2026-09-09 07:49:00,20,LINE_B,M,299.4,309.0,1510,36.5,113,0
1378,2026-09-09 08:01:00,16,LINE_B,H,299.7,308.0,1861,35.6,26,0
1379,2026-09-09 08:02:00,3,LINE_A,M,299.1,309.0,1488,49.8,6,0
1380,2026-09-09 08:26:00,18,LINE_B,L,301.6,313.5,1675,30.2,98,0
1381,2026-09-09 08:52:00,6,LINE_A,L,301.3,309.6,1471,26.1,140,0
1382,2026-09-09 08:58:00,11,LINE_B,L,302.3,312.3,1205,35.4,10,0
1383,2026-09-09 09:33:00,2,LINE_A,M,299.3,309.3,1319,48.7,67,0
1384,2026-09-09 09:33:00,3,LINE_A,H,302.4,312.7,1613,50.1,52,0
1385,2026-09-09 09:47:00,5,LINE_A,H,297.3,306.3,1666,25.8,94,0
1386,2026-09-09 10:19:00,11,LINE_B,L,297.2,305.8,1614,35.6,45,0
1387,2026-09-09 10:20:00,11,LINE_B,M,297.6,306.2,1746,31.0,26,0
1388,2026-09-09 10:25:00,18,LINE_B,L,300.0,311.3,1610,53.3,103,0
1389,2026-09-09 10:25:00,4,LINE_A,H,302.4,311.4,1400,62.3,30,1
1390,2026-09-09 10:26:00,15,LINE_B,L,298.8,308.3,1647,40.2,220,0
1391,2026-09-09 10:28:00,1,LINE_A,H,299.0,311.2,1571,46.3,75,0
1392,2026-09-09 10:30:00,6,LINE_A,H,299.6,308.8,1436,50.1,24,0
1393,2026-09-09 10:54:00,4,LINE_A,L,301.1,311.5,1625,27.2,80,0
1394,2026-09-09 11:08:00,3,LINE_A,L,299.0,310.1,1554,45.2,152,0
1395,2026-09-09 11:09:00,12,LINE_B,H,298.9,309.9,1431,35.1,84,0
1396,2026-09-09 11:17:00,19,LINE_B,L,297.3,306.0,1508,39.6,48,0
1397,2026-09-09 11:19:00,14,LINE_B,M,298.9,308.1,1794,41.5,43,0
1398,2026-09-09 11:22:00,18,LINE_B,H,302.4,312.7,1789,33.2,58,0
1399,2026-09-09 11:23:00,12,LINE_B,M,300.2,312.1,1574,47.8,124,0
1400,2026-09-09 11:37:00,2,LINE_A,L,298.5,307.8,1550,50.1,69,0
1401,2026-09-09 11:45:00,7,LINE_A,L,302.5,312.0,1282,33.7,112,0
1402,2026-09-09 12:06:00,17,LINE_B,L,298.8,309.2,1849,13.3,163,1
1403,2026-09-09 12:08:00,1,LINE_A,H,302.8,313.5,1727,43.7,41,0
1404,2026-09-09 12:17:00,2,LINE_A,L,302.8,313.5,1675,45.6,184,0
1405,2026-09-09 12:25:00,17,LINE_B,L,300.1,309.3,1150,53.8,123,0
1406,2026-09-09 12:39:00,2,LINE_A,L,297.0,306.5,1547,42.9,211,0
1407,2026-09-09 12:39:00,20,LINE_B,H,304.6,314.8,1517,47.8,58,0
1408,2026-09-09 12:43:00,16,LINE_B,L,300.8,312.0,1663,43.3,220,0
1409,2026-09-09 13:31:00,14,LINE_B,H,299.4,309.1,1459,40.0,82,0
1410,2026-09-09 13:39:00,11,LINE_B,M,301.9,311.9,1498,48.9,34,0
1411,2026-09-09 13:40:00,2,LINE_A,H,301.4,310.4,1651,33.9,86,0
1412,2026-09-09 13:44:00,9,LINE_A,H,302.6,314.5,1401,46.1,12,0
1413,2026-09-09 13:52:00,17,LINE_B,H,298.7,308.8,1437,44.7,27,0
1414,2026-09-09 13:59:00,19,LINE_B,H,300.6,311.7,1575,32.1,4,0
1415,2026-09-09 14:12:00,9,LINE_A,L,297.6,307.7,1781,26.8,25,0
1416,2026-09-09 14:12:00,17,LINE_B,M,301.3,311.4,1686,53.5,103,1
1417,2026-09-09 14:13:00,16,LINE_B,M,300.0,308.5,1734,27.1,16,0
1418,2026-09-09 14:16:00,2,LINE_A,M,300.6,308.4,1551,42.6,26,0
1419,2026-09-09 14:18:00,13,LINE_B,H,299.7,311.0,1809,36.6,39,0
1420,2026-09-09 14:20:00,13,LINE_B,H,299.5,309.6,1227,49.0,77,0
1421,2026-09-09 14:29:00,11,LINE_B,M,298.3,308.5,1904,34.5,116,0
1422,2026-09-09 14:37:00,16,LINE_B,L,301.6,310.3,1927,31.0,231,1
1423,2026-09-09 14:41:00,18,LINE_B,L,303.0,312.1,1622,,13,0
1424,2026-09-09 14:44:00,12,LINE_B,L,298.9,309.9,1690,39.8,35,0
1425,2026-09-09 14:51:00,7,LINE_A,L,301.1,312.8,1533,35.8,95,0
1426,2026-09-09 15:10:00,20,LINE_B,L,300.9,310.2,1502,55.1,67,0
1427,2026-09-09 15:15:00,20,LINE_B,L,300.0,310.7,1430,46.7,23,0
1428,2026-09-09 15:18:00,14,LINE_B,L,296.9,307.1,1531,34.7,125,0
1429,2026-09-09 15:19:00,13,LINE_B,M,297.4,307.3,1640,39.7,67,0
1430,2026-09-09 15:33:00,3,LINE_A,L,298.4,310.3,1616,30.3,103,0
1431,2026-09-09 15:40:00,9,LINE_A,H,295.7,305.3,1898,31.3,2,0
1432,2026-09-09 15:54:00,4,LINE_A,M,302.8,314.1,1558,37.7,61,0
1433,2026-09-09 16:10:00,11,LINE_B,L,300.7,311.1,1272,41.4,109,0
1434,2026-09-09 16:20:00,17,LINE_B,L,299.9,309.9,1836,24.4,52,0
1435,2026-09-09 16:21:00,5,LINE_A,L,295.6,307.0,1320,66.1,190,1
1436,2026-09-09 16:29:00,20,LINE_B,H,296.4,306.6,1439,,85,0
1437,2026-09-09 16:32:00,3,LINE_A,L,300.0,309.9,1589,35.1,222,0
1438,2026-09-09 16:51:00,2,LINE_A,M,303.9,315.3,1615,32.9,98,0
1439,2026-09-09 17:08:00,20,LINE_B,H,298.6,309.9,1280,51.6,65,0
1440,2026-09-09 17:25:00,3,LINE_A,H,301.7,312.9,1406,38.9,14,0
1441,2026-09-09 17:31:00,15,LINE_B,L,299.0,305.2,1273,39.2,94,1
1442,2026-09-09 17:45:00,16,LINE_B,L,300.1,310.6,1652,36.4,1,0
1443,2026-09-09 17:46:00,7,LINE_A,L,302.4,312.6,1753,33.3,134,0
1444,2026-09-09 17:55:00,2,LINE_A,L,299.3,309.3,1320,43.3,183,0
1445,2026-09-09 17:55:00,7,LINE_A,L,298.6,309.2,1719,27.5,160,0
1446,2026-09-09 18:06:00,2,LINE_A,M,302.8,313.1,1708,31.8,2,0
1447,2026-09-09 18:07:00,14,LINE_B,H,300.1,310.8,1421,39.8,53,0
1448,2026-09-09 18:09:00,18,LINE_B,M,302.2,311.9,1183,45.8,127,0
1449,2026-09-09 18:14:00,20,LINE_B,M,298.6,310.1,1347,48.0,14,0
1450,2026-09-09 18:21:00,17,LINE_B,L,302.8,313.6,1433,61.0,127,1
1451,2026-09-09 18:33:00,16,LINE_B,H,300.5,311.1,1818,42.3,24,0
1452,2026-09-09 18:33:00,18,LINE_B,M,300.9,311.4,1519,56.2,134,0
1453,2026-09-09 18:46:00,16,LINE_B,H,300.3,311.4,1359,40.9,53,0
1454,2026-09-09 18:49:00,14,LINE_B,H,299.0,310.0,1567,52.6,74,0
1455,2026-09-09 19:05:00,20,LINE_B,L,300.0,309.9,1307,48.8,125,0
1456,2026-09-09 19:08:00,7,LINE_A,L,299.1,310.1,1633,45.1,214,0
1457,2026-09-09 19:17:00,9,LINE_A,L,301.9,312.1,1364,48.9,68,0
1458,2026-09-09 19:22:00,19,LINE_B,L,299.6,311.5,1390,41.7,178,0
1459,2026-09-09 19:32:00,7,LINE_A,H,297.0,308.1,1608,43.7,41,0
1460,2026-09-09 19:34:00,6,LINE_A,L,296.6,306.0,1855,34.4,138,0
1461,2026-09-09 19:35:00,4,LINE_A,M,296.5,308.9,1936,14.0,98,1
1462,2026-09-09 19:36:00,6,LINE_A,M,301.2,309.1,1353,44.6,25,1
1463,2026-09-09 19:37:00,12,LINE_B,L,297.7,308.3,1433,50.2,208,0
1464,2026-09-09 19:46:00,18,LINE_B,L,300.6,309.9,1633,,174,0
1465,2026-09-09 19:48:00,3,LINE_A,M,300.3,312.2,1750,37.4,59,0
1466,2026-09-09 19:50:00,14,LINE_B,M,299.9,310.1,1150,45.7,85,0
1467,2026-09-09 20:00:00,16,LINE_B,L,300.9,310.1,1556,41.6,159,0
1468,2026-09-09 20:19:00,18,LINE_B,L,300.3,310.1,1452,41.9,109,0
1469,2026-09-09 20:46:00,16,LINE_B,M,294.6,303.9,1194,48.8,91,0
1470,2026-09-09 20:50:00,4,LINE_A,L,299.4,309.0,1299,41.8,134,0
1471,2026-09-09 21:08:00,10,LINE_A,H,300.9,310.5,1438,50.4,75,0
1472,2026-09-09 21:08:00,20,LINE_B,L,303.3,312.5,1551,42.4,55,0
1473,2026-09-09 21:09:00,19,LINE_B,L,303.4,313.6,1721,36.5,0,0
1474,2026-09-09 21:09:00,13,LINE_B,L,297.3,307.7,1604,54.5,97,1
1475,2026-09-09 21:14:00,20,LINE_B,M,299.3,308.3,1711,38.7,118,0
1476,2026-09-09 21:17:00,14,LINE_B,M,296.9,305.2,1545,49.5,17,0
1477,2026-09-09 21:27:00,2,LINE_A,L,303.0,313.4,1413,46.0,206,0
1478,2026-09-09 21:28:00,19,LINE_B,H,302.0,312.6,1507,38.2,39,0
1479,2026-09-09 21:34:00,4,LINE_A,L,300.7,311.4,1665,27.8,50,0
1480,2026-09-09 21:34:00,8,LINE_A,L,300.3,310.9,1726,36.4,112,0
1481,2026-09-09 21:40:00,5,LINE_A,L,302.8,314.3,1513,19.5,194,1
1482,2026-09-09 21:44:00,15,LINE_B,L,302.4,313.4,1373,47.2,205,0
1483,2026-09-09 21:48:00,1,LINE_A,M,302.3,315.0,1600,40.7,88,0
1484,2026-09-09 21:58:00,13,LINE_B,L,300.9,314.0,1626,35.7,126,0
1485,2026-09-09 22:05:00,18,LINE_B,M,299.3,307.5,1762,32.6,116,0
1486,2026-09-09 22:10:00,16,LINE_B,L,301.5,309.3,1418,33.7,218,0
1487,2026-09-09 22:11:00,7,LINE_A,H,301.6,311.6,1420,54.7,76,0
1488,2026-09-09 22:14:00,18,LINE_B,L,299.6,310.1,1676,33.2,232,1
1489,2026-09-09 22:19:00,8,LINE_A,H,299.3,309.2,1467,34.4,80,0
1490,2026-09-09 22:21:00,14,LINE_B,L,302.3,313.0,1459,46.8,11,0
1491,2026-09-09 22:23:00,11,LINE_B,L,303.3,313.1,1766,34.1,4,0
1492,2026-09-09 22:47:00,2,LINE_A,H,298.5,307.8,1293,44.5,57,0
1493,2026-09-09 22:56:00,1,LINE_A,M,299.5,308.9,1910,25.2,137,0
1494,2026-09-09 22:57:00,4,LINE_A,M,300.7,310.5,1430,43.3,43,0
1495,2026-09-09 23:05:00,19,LINE_B,L,301.0,311.8,1696,46.1,231,0
1496,2026-09-09 23:09:00,20,LINE_B,M,299.0,308.5,1520,44.3,122,0
1497,2026-09-09 23:18:00,9,LINE_A,H,303.8,313.5,1589,38.3,13,0
1498,2026-09-09 23:23:00,20,LINE_B,M,300.8,311.4,1493,48.2,71,0
1499,2026-09-09 23:42:00,1,LINE_A,L,301.1,310.9,1694,35.6,53,0
1500,2026-09-09 23:49:00,20,LINE_B,M,303.5,314.6,1477,45.1,11,0
1501,2026-09-09 23:53:00,5,LINE_A,M,299.1,308.2,1437,44.3,99,0
1502,2026-09-10 00:06:00,1,LINE_A,H,299.8,308.7,1866,34.9,20,0
1503,2026-09-10 00:22:00,16,LINE_B,L,297.5,307.8,1545,36.3,134,0
1504,2026-09-10 00:36:00,8,LINE_A,L,299.7,310.1,1418,34.5,161,0
1505,2026-09-10 00:37:00,6,LINE_A,H,297.0,306.2,1272,55.3,41,0
1506,2026-09-10 00:42:00,16,LINE_B,M,301.5,312.8,1876,42.0,11,0
1507,2026-09-10 00:46:00,7,LINE_A,M,300.8,312.8,1441,34.2,10,0
1508,2026-09-10 00:47:00,16,LINE_B,L,299.4,308.8,1911,30.3,90,0
1509,2026-09-10 00:56:00,4,LINE_A,L,299.8,311.3,1612,34.3,10,0
1510,2026-09-10 01:08:00,2,LINE_A,M,301.5,309.1,1566,46.3,125,0
1511,2026-09-10 01:32:00,7,LINE_A,L,297.7,308.8,1571,41.1,39,0
1512,2026-09-10 01:45:00,13,LINE_B,L,300.4,309.6,1939,54.7,7,1
1513,2026-09-10 01:52:00,5,LINE_A,M,301.4,312.4,1150,49.3,20,0
1514,2026-09-10 02:11:00,3,LINE_A,M,296.4,305.5,1579,51.1,100,0
1515,2026-09-10 02:22:00,15,LINE_B,H,301.4,311.3,1492,54.5,56,0
1516,2026-09-10 02:22:00,10,LINE_A,L,296.7,305.8,1502,45.4,162,0
1517,2026-09-10 02:23:00,9,LINE_A,L,299.8,309.6,1567,39.5,83,0
1518,2026-09-10 02:29:00,5,LINE_A,H,297.7,309.5,1492,42.2,30,0
1519,2026-09-10 02:49:00,1,LINE_A,L,302.9,312.8,1574,39.1,161,0
1520,2026-09-10 03:02:00,2,LINE_A,L,297.7,309.8,1536,49.2,27,0
1521,2026-09-10 03:03:00,14,LINE_B,L,296.7,306.3,1304,40.1,94,0
1522,2026-09-10 03:08:00,2,LINE_A,M,300.3,311.8,1609,36.7,14,0
1523,2026-09-10 03:19:00,5,LINE_A,H,299.2,307.5,1669,33.9,40,0
1524,2026-09-10 03:24:00,19,LINE_B,M,297.0,306.7,1442,29.1,139,0
1525,2026-09-10 03:36:00,7,LINE_A,M,301.1,310.5,1876,36.8,122,0
1526,2026-09-10 03:51:00,15,LINE_B,L,296.0,307.6,1780,41.3,162,0
1527,2026-09-10 03:53:00,7,LINE_A,L,297.9,308.1,1692,30.4,157,0
1528,2026-09-10 04:02:00,19,LINE_B,L,298.8,306.8,1690,43.7,90,0
1529,2026-09-10 04:13:00,17,LINE_B,L,301.6,310.3,1545,27.2,169,0
1530,2026-09-10 04:28:00,10,LINE_A,L,302.6,311.6,1745,34.0,200,0
1531,2026-09-10 04:49:00,14,LINE_B,L,302.2,313.1,1823,30.5,134,0
1532,2026-09-10 04:50:00,9,LINE_A,L,299.7,310.5,1685,36.3,24,0
1533,2026-09-10 04:56:00,19,LINE_B,M,295.1,304.8,1437,43.7,100,0
1534,2026-09-10 04:56:00,8,LINE_A,M,300.8,310.2,1533,39.6,18,0
1535,2026-09-10 04:58:00,17,LINE_B,L,302.9,313.7,1643,33.8,77,0
1536,2026-09-10 05:07:00,13,LINE_B,L,302.5,311.3,1691,34.6,47,0
1537,2026-09-10 05:41:00,13,LINE_B,M,300.9,311.4,1526,51.3,7,0
1538,2026-09-10 05:44:00,8,LINE_A,M,297.6,308.0,1438,38.4,110,0
1539,2026-09-10 05:50:00,17,LINE_B,H,298.9,308.7,1825,49.5,62,1
1540,2026-09-10 05:54:00,15,LINE_B,L,303.9,314.3,1347,40.7,98,0
1541,2026-09-10 05:55:00,17,LINE_B,H,297.2,307.3,1371,47.0,36,0
1542,2026-09-10 06:00:00,17,LINE_B,L,297.7,308.2,1301,51.7,154,0
1543,2026-09-10 06:03:00,4,LINE_A,L,301.9,310.6,1370,42.8,127,0
1544,2026-09-10 06:08:00,18,LINE_B,L,299.1,309.8,1765,44.3,55,0
1545,2026-09-10 06:12:00,17,LINE_B,L,297.6,308.7,1771,37.4,115,0
1546,2026-09-10 06:15:00,5,LINE_A,L,303.1,313.4,1527,38.8,186,0
1547,2026-09-10 06:23:00,20,LINE_B,L,300.9,311.5,1629,48.3,132,0
1548,2026-09-10 07:04:00,11,LINE_B,M,299.2,309.1,1538,31.9,115,0
1549,2026-09-10 07:13:00,7,LINE_A,L,297.7,308.6,1325,41.9,121,0
1550,2026-09-10 07:14:00,5,LINE_A,L,304.1,314.2,1939,32.5,99,0
1551,2026-09-10 07:41:00,8,LINE_A,L,300.0,308.8,1787,39.0,178,0
1552,2026-09-10 07:48:00,1,LINE_A,L,302.8,313.6,1604,40.7,50,0
1553,2026-09-10 08:06:00,14,LINE_B,L,301.8,310.2,1386,43.6,150,0
1554,2026-09-10 08:12:00,15,LINE_B,L,299.0,309.2,1500,39.2,151,0
1555,2026-09-10 08:35:00,14,LINE_B,L,299.0,308.6,1415,52.8,66,0
1556,2026-09-10 08:37:00,11,LINE_B,M,302.9,312.4,1558,41.4,37,0
1557,2026-09-10 08:42:00,8,LINE_A,H,302.9,313.1,1596,31.3,8,0
1558,2026-09-10 08:50:00,15,LINE_B,L,296.2,305.5,1479,34.4,35,0
1559,2026-09-10 09:01:00,18,LINE_B,M,301.1,311.6,1278,60.0,13,0
1560,2026-09-10 09:03:00,2,LINE_A,H,299.8,309.8,1924,22.7,59,0
1561,2026-09-10 09:13:00,8,LINE_A,H,297.9,307.3,1583,40.9,12,0
1562,2026-09-10 09:16:00,20,LINE_B,M,300.5,311.9,1622,48.3,74,0
1563,2026-09-10 09:21:00,18,LINE_B,H,297.3,307.5,1464,46.6,10,0
1564,2026-09-10 09:28:00,20,LINE_B,H,299.1,309.7,1259,42.4,75,0
1565,2026-09-10 09:38:00,4,LINE_A,M,298.4,309.8,1525,32.3,97,0
1566,2026-09-10 09:39:00,10,LINE_A,L,299.0,310.4,1482,56.7,70,0
1567,2026-09-10 09:41:00,3,LINE_A,L,299.9,310.4,1668,27.8,176,0
1568,2026-09-10 09:47:00,18,LINE_B,L,298.0,307.7,1703,30.7,54,0
1569,2026-09-10 09:49:00,11,LINE_B,L,303.1,311.7,1678,38.8,152,0
1570,2026-09-10 09:55:00,5,LINE_A,L,301.0,311.2,1718,32.9,153,0
1571,2026-09-10 10:00:00,2,LINE_A,L,303.6,314.7,1865,34.9,104,0
1572,2026-09-10 10:13:00,15,LINE_B,M,299.7,310.0,1610,26.2,101,0
1573,2026-09-10 10:14:00,17,LINE_B,M,298.9,305.5,1738,32.4,136,0
1574,2026-09-10 10:33:00,18,LINE_B,H,303.5,314.4,1629,42.8,40,0
1575,2026-09-10 10:43:00,20,LINE_B,L,298.8,309.8,1198,55.7,68,0
1576,2026-09-10 10:46:00,17,LINE_B,L,299.6,309.3,1512,36.3,106,0
1577,2026-09-10 10:49:00,16,LINE_B,M,301.4,312.4,1384,36.5,82,0
1578,2026-09-10 10:58:00,17,LINE_B,H,297.5,308.2,1582,40.5,12,0
1579,2026-09-10 11:24:00,20,LINE_B,H,301.4,310.7,1398,33.8,92,0
1580,2026-09-10 11:24:00,10,LINE_A,H,301.2,312.4,1649,47.0,45,0
1581,2026-09-10 11:38:00,16,LINE_B,H,302.5,311.3,1717,36.0,92,0
1582,2026-09-10 11:40:00,17,LINE_B,L,301.8,311.7,1757,27.9,230,0
1583,2026-09-10 11:55:00,3,LINE_A,L,302.6,312.4,1831,22.8,15,0
1584,2026-09-10 12:05:00,14,LINE_B,L,299.8,309.0,1238,44.0,27,0
1585,2026-09-10 12:05:00,7,LINE_A,M,298.3,308.6,1324,34.0,26,0
1586,2026-09-10 12:15:00,3,LINE_A,H,304.2,315.5,2067,28.1,54,0
1587,2026-09-10 12:18:00,4,LINE_A,L,296.9,308.2,1722,28.1,84,0
1588,2026-09-10 12:22:00,3,LINE_A,M,297.1,307.9,1580,42.0,2,0
1589,2026-09-10 12:32:00,18,LINE_B,L,301.1,309.4,1546,44.1,135,0
1590,2026-09-10 12:36:00,16,LINE_B,L,303.2,311.9,1530,48.0,78,0
1591,2026-09-10 12:46:00,3,LINE_A,L,300.4,310.5,1192,52.5,202,0
1592,2026-09-10 12:47:00,13,LINE_B,L,302.0,312.0,1401,53.2,182,0
1593,2026-09-10 12:49:00,14,LINE_B,H,296.0,305.5,1520,51.7,81,0
1594,2026-09-10 12:55:00,11,LINE_B,L,299.0,310.9,1411,45.9,136,0
1595,2026-09-10 12:56:00,13,LINE_B,H,296.3,306.4,1435,45.7,66,0
1596,2026-09-10 13:03:00,19,LINE_B,M,301.6,312.1,2001,21.7,11,0
1597,2026-09-10 13:19:00,11,LINE_B,L,296.9,307.9,1495,33.5,182,0
1598,2026-09-10 13:21:00,14,LINE_B,L,297.4,307.5,1590,48.8,108,0
1599,2026-09-10 13:33:00,12,LINE_B,H,301.0,313.6,1584,43.5,0,0
1600,2026-09-10 13:36:00,8,LINE_A,L,302.1,311.2,1646,42.3,18,0
1601,2026-09-10 13:41:00,18,LINE_B,H,299.7,309.1,1454,37.9,29,0
1602,2026-09-10 13:45:00,9,LINE_A,L,301.1,310.2,1764,46.3,89,0
1603,2026-09-10 13:56:00,16,LINE_B,M,301.1,312.6,1620,35.8,30,0
1604,2026-09-10 13:59:00,13,LINE_B,H,299.6,310.4,1308,40.5,74,0
1605,2026-09-10 14:09:00,14,LINE_B,L,297.8,307.3,1521,36.0,107,0
1606,2026-09-10 14:18:00,16,LINE_B,L,301.1,310.3,1509,53.5,61,0
1607,2026-09-10 14:30:00,15,LINE_B,H,301.2,312.6,1501,32.3,64,0
1608,2026-09-10 14:32:00,12,LINE_B,L,301.8,312.1,1632,31.2,108,0
1609,2026-09-10 14:42:00,13,LINE_B,L,300.6,312.0,1654,59.8,186,1
1610,2026-09-10 14:49:00,11,LINE_B,L,297.7,307.6,1633,44.7,120,0
1611,2026-09-10 14:51:00,7,LINE_A,L,301.4,311.9,1601,32.3,179,0
1612,2026-09-10 15:15:00,15,LINE_B,M,300.0,310.3,1555,30.9,122,0
1613,2026-09-10 15:20:00,18,LINE_B,M,299.0,308.4,1153,38.2,11,0
1614,2026-09-10 15:31:00,15,LINE_B,L,299.4,309.3,1680,36.6,29,0
1615,2026-09-10 15:39:00,16,LINE_B,H,298.6,307.4,1628,43.2,70,0
1616,2026-09-10 15:46:00,17,LINE_B,L,301.8,312.3,1363,57.5,132,0
1617,2026-09-10 15:48:00,8,LINE_A,L,297.2,307.9,1591,23.3,57,0
1618,2026-09-10 15:55:00,2,LINE_A,M,298.0,309.0,1657,25.9,4,0
1619,2026-09-10 15:55:00,7,LINE_A,H,299.3,310.0,1751,32.7,92,0
1620,2026-09-10 15:56:00,16,LINE_B,L,303.2,313.1,1632,59.5,22,1
1621,2026-09-10 16:00:00,17,LINE_B,L,302.1,313.7,1598,45.4,111,0
1622,2026-09-10 16:32:00,11,LINE_B,M,296.7,307.6,1710,37.9,31,0
1623,2026-09-10 16:34:00,16,LINE_B,H,302.7,314.1,1485,31.9,38,0
1624,2026-09-10 16:35:00,2,LINE_A,L,302.7,314.2,1614,20.8,172,0
1625,2026-09-10 17:16:00,13,LINE_B,L,297.7,307.5,1428,43.7,122,0
1626,2026-09-10 17:25:00,14,LINE_B,M,295.0,305.3,1740,33.2,5,0
1627,2026-09-10 17:31:00,11,LINE_B,L,299.9,310.6,1250,46.5,20,0
1628,2026-09-10 17:43:00,15,LINE_B,L,302.2,311.1,1687,32.5,226,0
1629,2026-09-10 17:52:00,10,LINE_A,L,303.2,312.1,1543,33.9,60,0
1630,2026-09-10 17:58:00,11,LINE_B,L,298.3,307.0,1714,27.0,102,0
1631,2026-09-10 18:09:00,13,LINE_B,L,303.5,313.4,1400,55.3,188,0
1632,2026-09-10 18:14:00,16,LINE_B,H,295.5,305.2,1556,32.4,80,0
1633,2026-09-10 18:51:00,5,LINE_A,M,299.3,307.8,1551,37.5,41,0
1634,2026-09-10 19:05:00,7,LINE_A,M,299.2,309.3,1618,37.3,32,0
1635,2026-09-10 19:20:00,9,LINE_A,H,302.3,312.2,1351,51.3,42,0
1636,2026-09-10 19:20:00,5,LINE_A,L,302.6,313.8,1655,29.7,81,0
1637,2026-09-10 19:33:00,7,LINE_A,L,301.9,313.9,1208,57.8,168,0
1638,2026-09-10 19:33:00,8,LINE_A,H,297.3,307.8,1420,39.0,70,0
1639,2026-09-10 19:37:00,7,LINE_A,L,301.7,311.0,1259,47.1,62,0
1640,2026-09-10 19:40:00,9,LINE_A,M,301.0,311.7,1689,48.7,55,0
1641,2026-09-10 19:43:00,11,LINE_B,M,296.7,306.7,1612,30.1,105,0
1642,2026-09-10 19:44:00,14,LINE_B,L,295.9,305.6,1622,43.3,121,0
1643,2026-09-10 19:55:00,7,LINE_A,L,302.1,311.2,1805,40.1,132,0
1644,2026-09-10 20:10:00,17,LINE_B,L,299.6,309.2,1483,44.2,194,0
1645,2026-09-10 20:12:00,10,LINE_A,L,297.4,307.3,1650,35.8,156,0
1646,2026-09-10 20:16:00,15,LINE_B,L,299.6,310.4,1552,56.6,156,1
1647,2026-09-10 20:21:00,3,LINE_A,L,300.7,311.2,1524,40.4,115,0
1648,2026-09-10 20:25:00,4,LINE_A,M,299.8,311.7,1775,34.6,120,0
1649,2026-09-10 20:43:00,10,LINE_A,H,296.9,307.6,1915,26.1,2,0
1650,2026-09-10 20:58:00,8,LINE_A,H,303.8,314.2,1462,43.5,8,0
1651,2026-09-10 21:19:00,10,LINE_A,L,302.0,311.7,1690,43.2,162,0
1652,2026-09-10 21:43:00,4,LINE_A,L,299.3,308.3,1597,36.1,145,0
1653,2026-09-10 21:55:00,10,LINE_A,L,299.4,308.8,1600,21.3,67,0
1654,2026-09-10 22:09:00,14,LINE_B,L,300.7,310.0,1584,42.8,144,0
1655,2026-09-10 22:21:00,15,LINE_B,H,297.7,305.2,1480,33.2,10,0
1656,2026-09-10 22:30:00,5,LINE_A,L,300.6,309.6,1150,57.6,145,0
1657,2026-09-10 22:36:00,7,LINE_A,L,297.3,308.9,1816,31.7,86,0
1658,2026-09-10 22:59:00,11,LINE_B,H,299.9,310.2,1415,51.3,56,0
1659,2026-09-10 23:05:00,11,LINE_B,L,297.7,307.3,1497,33.7,81,0
1660,2026-09-10 23:10:00,16,LINE_B,L,297.8,308.2,1500,36.9,173,0
1661,2026-09-10 23:36:00,8,LINE_A,L,303.3,311.3,1399,41.5,26,0
1662,2026-09-10 23:46:00,14,LINE_B,M,300.1,310.4,1583,26.8,121,0
1663,2026-09-10 23:52:00,18,LINE_B,M,300.4,311.7,1532,49.1,71,0
1664,2026-09-11 00:09:00,6,LINE_A,L,296.0,305.9,1411,30.9,55,0
1665,2026-09-11 00:13:00,17,LINE_B,H,298.8,307.0,1567,48.0,92,0
1666,2026-09-11 00:19:00,7,LINE_A,H,300.9,310.5,1534,43.6,10,0
1667,2026-09-11 00:21:00,7,LINE_A,H,300.4,311.7,1707,33.4,51,0
1668,2026-09-11 00:22:00,14,LINE_B,L,295.7,306.0,1299,50.0,17,0
1669,2026-09-11 00:34:00,13,LINE_B,L,300.4,309.0,1395,46.9,215,0
1670,2026-09-11 00:58:00,11,LINE_B,H,300.7,313.1,1671,32.9,15,0
1671,2026-09-11 01:03:00,5,LINE_A,L,302.6,311.3,1425,45.8,60,0
1672,2026-09-11 01:06:00,2,LINE_A,M,298.7,308.4,1377,50.7,94,0
1673,2026-09-11 01:15:00,19,LINE_B,M,295.5,304.5,1434,35.6,127,0
1674,2026-09-11 01:19:00,18,LINE_B,L,298.0,307.0,1522,43.3,99,0
1675,2026-09-11 01:29:00,18,LINE_B,M,297.8,307.4,1523,19.5,37,1
1676,2026-09-11 01:29:00,11,LINE_B,H,301.5,312.1,1502,25.7,33,0
1677,2026-09-11 01:44:00,18,LINE_B,M,294.6,305.9,1355,50.1,132,0
1678,2026-09-11 01:50:00,10,LINE_A,L,299.1,308.7,1679,32.5,218,0
1679,2026-09-11 01:52:00,2,LINE_A,H,302.9,311.8,1779,26.0,12,0
1680,2026-09-11 02:01:00,4,LINE_A,M,300.0,310.5,1196,49.9,130,0
1681,2026-09-11 02:13:00,6,LINE_A,M,301.8,312.3,1260,45.2,121,0
1682,2026-09-11 02:17:00,8,LINE_A,H,296.7,307.0,1721,26.7,52,0
1683,2026-09-11 02:19:00,19,LINE_B,M,296.8,307.1,1823,18.4,37,0
1684,2026-09-11 02:30:00,7,LINE_A,L,302.9,312.8,1157,35.8,110,0
1685,2026-09-11 02:36:00,13,LINE_B,L,300.2,310.3,1687,41.5,186,0
1686,2026-09-11 02:53:00,6,LINE_A,L,300.2,310.0,1835,27.8,64,0
1687,2026-09-11 02:59:00,13,LINE_B,M,297.8,308.8,1385,52.4,49,0
1688,2026-09-11 03:01:00,12,LINE_B,M,300.2,312.4,1824,28.0,66,0
1689,2026-09-11 03:02:00,4,LINE_A,M,297.7,307.9,1508,43.8,10,0
1690,2026-09-11 03:05:00,10,LINE_A,L,302.4,312.4,1597,37.3,98,0
1691,2026-09-11 03:14:00,3,LINE_A,M,305.5,315.7,1411,44.2,19,0
1692,2026-09-11 03:21:00,18,LINE_B,H,301.0,310.3,1720,35.3,0,0
1693,2026-09-11 03:24:00,15,LINE_B,L,298.7,309.5,1690,31.9,92,0
1694,2026-09-11 03:31:00,19,LINE_B,M,294.9,305.4,1850,20.8,109,0
1695,2026-09-11 03:47:00,18,LINE_B,M,296.6,306.2,1799,38.3,141,0
1696,2026-09-11 03:50:00,5,LINE_A,M,303.1,314.0,1538,52.8,63,0
1697,2026-09-11 03:53:00,15,LINE_B,L,297.9,308.0,2100,36.5,180,0
1698,2026-09-11 03:55:00,3,LINE_A,M,299.3,308.3,1783,28.3,32,0
1699,2026-09-11 04:18:00,20,LINE_B,H,301.3,311.7,1637,31.2,61,0
1700,2026-09-11 05:16:00,16,LINE_B,M,303.0,313.2,1361,41.0,95,0
1701,2026-09-11 05:26:00,14,LINE_B,H,299.6,310.6,1265,46.9,32,0
1702,2026-09-11 05:37:00,20,LINE_B,H,299.2,310.0,1280,47.4,43,0
1703,2026-09-11 05:56:00,17,LINE_B,L,300.1,310.0,1372,37.1,160,0
1704,2026-09-11 06:10:00,18,LINE_B,M,298.7,308.3,1788,20.7,45,0
1705,2026-09-11 06:31:00,3,LINE_A,L,298.9,308.9,1628,37.8,144,0
1706,2026-09-11 06:46:00,1,LINE_A,H,300.8,311.2,1430,15.1,22,1
1707,2026-09-11 06:50:00,20,LINE_B,L,300.4,310.9,1516,39.9,128,0
1708,2026-09-11 06:58:00,6,LINE_A,L,304.3,314.6,1494,33.8,14,0
1709,2026-09-11 07:02:00,9,LINE_A,H,300.9,310.8,1684,41.9,43,0
1710,2026-09-11 07:10:00,1,LINE_A,L,302.3,313.3,1382,,120,0
1711,2026-09-11 07:27:00,13,LINE_B,M,297.9,307.2,1603,46.7,119,0
1712,2026-09-11 07:36:00,17,LINE_B,L,301.1,313.5,1594,35.6,90,0
1713,2026-09-11 07:40:00,17,LINE_B,H,298.6,309.3,1387,35.5,0,0
1714,2026-09-11 07:43:00,12,LINE_B,H,300.8,309.7,1826,24.9,4,0
1715,2026-09-11 07:49:00,14,LINE_B,L,301.4,311.6,1487,43.9,129,0
1716,2026-09-11 07:59:00,11,LINE_B,M,300.1,310.9,1361,32.2,116,0
1717,2026-09-11 08:25:00,9,LINE_A,L,304.8,314.5,1694,46.5,213,0
1718,2026-09-11 08:30:00,12,LINE_B,M,302.9,311.4,1550,37.1,116,0
1719,2026-09-11 08:52:00,19,LINE_B,M,302.4,311.3,1614,41.8,49,0
1720,2026-09-11 09:02:00,6,LINE_A,H,301.5,312.1,1327,32.1,47,0
1721,2026-09-11 09:14:00,10,LINE_A,L,303.5,311.8,1686,28.2,213,0
1722,2026-09-11 09:16:00,13,LINE_B,L,297.1,305.7,1931,13.0,201,1
1723,2026-09-11 09:18:00,12,LINE_B,M,302.7,313.3,1313,55.0,65,0
1724,2026-09-11 09:33:00,1,LINE_A,M,298.0,307.8,1604,36.8,69,0
1725,2026-09-11 09:34:00,6,LINE_A,L,298.9,308.2,1399,48.8,16,0
1726,2026-09-11 09:34:00,13,LINE_B,L,301.1,310.6,2024,26.0,40,0
1727,2026-09-11 09:45:00,14,LINE_B,L,302.5,311.0,1763,37.1,127,0
1728,2026-09-11 09:50:00,15,LINE_B,H,297.7,308.2,1591,35.8,50,0
1729,2026-09-11 09:58:00,20,LINE_B,L,299.0,308.2,1319,45.0,137,0
1730,2026-09-11 10:22:00,14,LINE_B,L,300.2,309.7,1363,44.6,75,0
1731,2026-09-11 10:30:00,12,LINE_B,H,299.6,310.0,1674,39.2,22,0
1732,2026-09-11 10:43:00,7,LINE_A,L,301.7,311.5,1295,50.8,108,0
1733,2026-09-11 10:59:00,8,LINE_A,M,306.9,316.2,1300,69.7,126,1
1734,2026-09-11 11:00:00,17,LINE_B,L,300.8,308.8,1542,53.4,232,1
1735,2026-09-11 11:01:00,10,LINE_A,H,298.5,308.9,1564,25.0,5,0
1736,2026-09-11 11:05:00,15,LINE_B,M,297.4,307.5,1608,36.8,51,0
1737,2026-09-11 11:06:00,3,LINE_A,H,299.3,308.8,1461,39.1,50,0
1738,2026-09-11 11:10:00,3,LINE_A,L,298.1,307.1,1706,45.3,51,0
1739,2026-09-11 11:11:00,5,LINE_A,M,300.9,310.9,1385,42.1,50,0
1740,2026-09-11 11:14:00,4,LINE_A,M,300.9,311.4,1653,40.3,18,0
1741,2026-09-11 11:16:00,13,LINE_B,L,299.1,309.2,1579,20.1,111,1
1742,2026-09-11 11:23:00,13,LINE_B,L,304.0,315.6,1648,24.6,212,0
1743,2026-09-11 11:30:00,12,LINE_B,L,298.5,309.2,1753,50.4,222,1
1744,2026-09-11 11:39:00,6,LINE_A,H,299.8,309.7,1458,42.9,1,0
1745,2026-09-11 11:43:00,12,LINE_B,M,301.3,312.0,1421,35.6,91,0
1746,2026-09-11 11:50:00,3,LINE_A,M,301.8,311.8,1236,51.1,130,0
1747,2026-09-11 12:14:00,10,LINE_A,M,302.6,312.6,1177,42.5,110,0
1748,2026-09-11 12:22:00,4,LINE_A,M,300.9,312.2,1508,38.7,8,0
1749,2026-09-11 12:59:00,2,LINE_A,L,302.1,311.2,1521,29.0,93,0
1750,2026-09-11 13:00:00,4,LINE_A,L,298.7,308.7,1345,39.6,180,0
1751,2026-09-11 13:03:00,3,LINE_A,M,301.8,313.0,1383,41.4,141,0
1752,2026-09-11 13:10:00,10,LINE_A,L,301.8,312.1,1814,40.7,70,0
1753,2026-09-11 13:19:00,11,LINE_B,H,303.0,312.7,1698,39.0,27,0
1754,2026-09-11 13:28:00,13,LINE_B,H,296.7,305.0,1313,51.9,24,1
1755,2026-09-11 13:39:00,9,LINE_A,L,298.2,305.9,1460,42.2,214,0
1756,2026-09-11 13:41:00,4,LINE_A,M,301.6,313.7,1613,44.4,26,0
1757,2026-09-11 13:42:00,1,LINE_A,L,294.7,305.0,1427,36.4,87,0
1758,2026-09-11 13:47:00,15,LINE_B,H,301.0,310.4,1394,38.5,13,0
1759,2026-09-11 13:48:00,20,LINE_B,H,302.1,312.5,1479,45.1,90,0
1760,2026-09-11 13:58:00,6,LINE_A,H,298.8,307.9,1736,31.9,6,0
1761,2026-09-11 14:21:00,5,LINE_A,L,299.1,308.8,1753,33.5,121,0
1762,2026-09-11 14:29:00,7,LINE_A,L,297.9,306.9,1408,42.7,37,0
1763,2026-09-11 14:33:00,5,LINE_A,L,299.0,307.5,1623,47.5,97,0
1764,2026-09-11 14:41:00,5,LINE_A,L,299.0,306.9,1539,50.5,141,0
1765,2026-09-11 14:43:00,10,LINE_A,L,298.6,307.0,1359,40.4,167,1
1766,2026-09-11 14:45:00,16,LINE_B,L,298.5,309.5,1487,27.5,136,0
1767,2026-09-11 15:01:00,15,LINE_B,H,299.5,308.5,1312,41.1,41,0
1768,2026-09-11 15:01:00,20,LINE_B,L,299.4,310.0,1749,26.5,67,0
1769,2026-09-11 15:03:00,8,LINE_A,L,303.7,314.7,1819,38.3,192,0
1770,2026-09-11 15:15:00,10,LINE_A,H,299.2,309.2,1466,49.6,65,0
1771,2026-09-11 15:17:00,8,LINE_A,M,300.7,310.4,1423,35.3,97,0
1772,2026-09-11 15:36:00,1,LINE_A,M,298.8,309.0,1730,28.3,110,0
1773,2026-09-11 15:44:00,8,LINE_A,M,298.8,308.4,1759,21.6,31,0
1774,2026-09-11 15:44:00,6,LINE_A,H,296.6,307.8,1339,47.1,94,0
1775,2026-09-11 15:52:00,10,LINE_A,M,296.9,308.7,1513,40.4,132,0
1776,2026-09-11 15:57:00,4,LINE_A,M,297.6,309.0,1529,46.6,63,0
1777,2026-09-11 16:03:00,15,LINE_B,M,300.4,308.2,1401,48.1,29,0
1778,2026-09-11 16:09:00,17,LINE_B,L,302.2,311.7,1609,42.8,89,0
1779,2026-09-11 16:23:00,20,LINE_B,L,296.4,306.4,1414,31.4,93,0
1780,2026-09-11 16:28:00,2,LINE_A,L,298.9,309.4,1443,37.9,233,0
1781,2026-09-11 16:38:00,3,LINE_A,L,297.3,305.5,1522,48.1,69,0
1782,2026-09-11 16:41:00,20,LINE_B,M,299.5,307.7,1272,43.7,136,1
1783,2026-09-11 16:44:00,17,LINE_B,L,302.2,313.5,1170,38.1,55,0
1784,2026-09-11 16:46:00,12,LINE_B,L,299.1,308.5,1705,41.5,222,0
1785,2026-09-11 17:02:00,7,LINE_A,L,299.9,308.4,1407,39.4,223,0
1786,2026-09-11 17:09:00,11,LINE_B,H,302.9,311.8,1924,37.0,58,0
1787,2026-09-11 17:29:00,11,LINE_B,L,300.9,311.3,1895,29.2,25,0
1788,2026-09-11 17:36:00,17,LINE_B,M,298.5,307.7,1449,40.5,89,0
1789,2026-09-11 17:40:00,11,LINE_B,H,300.3,310.6,1961,38.3,87,0
1790,2026-09-11 17:59:00,1,LINE_A,L,298.3,307.4,1709,24.5,222,0
1791,2026-09-11 18:01:00,14,LINE_B,M,300.8,309.1,1424,55.0,65,0
1792,2026-09-11 18:16:00,16,LINE_B,L,301.0,312.5,1150,46.6,115,0
1793,2026-09-11 18:25:00,6,LINE_A,L,297.3,307.7,1664,37.6,92,0
1794,2026-09-11 18:28:00,3,LINE_A,M,300.4,310.0,1546,41.2,31,0
1795,2026-09-11 18:31:00,3,LINE_A,H,299.8,309.2,1618,34.3,62,0
1796,2026-09-11 18:56:00,17,LINE_B,L,301.1,312.6,1499,35.1,236,0
1797,2026-09-11 19:03:00,9,LINE_A,M,301.7,312.3,1334,43.2,38,0
1798,2026-09-11 19:13:00,11,LINE_B,L,301.0,312.1,1463,34.2,202,0
1799,2026-09-11 19:22:00,20,LINE_B,M,299.4,308.8,1667,51.9,13,1
1800,2026-09-11 19:49:00,2,LINE_A,M,301.9,311.9,1476,38.1,8,0
1801,2026-09-11 19:53:00,5,LINE_A,M,298.3,308.7,1475,51.2,130,0
1802,2026-09-11 20:23:00,17,LINE_B,M,297.4,306.8,1267,56.4,16,0
1803,2026-09-11 20:32:00,11,LINE_B,L,293.6,303.5,1556,42.4,99,0
1804,2026-09-11 20:36:00,1,LINE_A,M,299.9,309.3,1340,44.9,127,0
1805,2026-09-11 20:36:00,15,LINE_B,M,298.4,308.8,1705,36.6,50,0
1806,2026-09-11 20:39:00,3,LINE_A,M,300.8,309.5,1408,48.5,43,0
1807,2026-09-11 20:42:00,16,LINE_B,L,296.1,306.6,1487,42.4,9,0
1808,2026-09-11 20:54:00,16,LINE_B,L,298.7,309.0,1930,15.8,167,1
1809,2026-09-11 21:10:00,17,LINE_B,L,300.9,310.7,1485,27.1,76,0
1810,2026-09-11 21:10:00,10,LINE_A,L,297.9,308.4,1461,54.5,28,0
1811,2026-09-11 21:12:00,6,LINE_A,L,300.8,310.5,1645,15.8,113,1
1812,2026-09-11 21:14:00,18,LINE_B,L,298.9,308.2,1219,51.2,40,0
1813,2026-09-11 21:17:00,12,LINE_B,M,299.9,310.5,1765,31.4,122,0
1814,2026-09-11 21:27:00,13,LINE_B,L,301.2,311.8,1719,35.9,179,0
1815,2026-09-11 21:35:00,3,LINE_A,H,301.9,311.4,1634,28.0,94,0
1816,2026-09-11 21:37:00,13,LINE_B,M,300.2,309.6,1150,54.5,141,0
1817,2026-09-11 22:05:00,12,LINE_B,M,298.4,308.2,1493,43.0,120,0
1818,2026-09-11 22:07:00,6,LINE_A,L,299.1,308.5,1311,69.0,120,1
1819,2026-09-11 22:11:00,16,LINE_B,L,301.3,312.8,1742,35.0,40,0
1820,2026-09-11 22:12:00,3,LINE_A,M,298.0,308.3,1729,45.1,6,0
1821,2026-09-11 22:12:00,15,LINE_B,H,299.6,309.7,1610,25.9,8,0
1822,2026-09-11 22:17:00,20,LINE_B,L,299.2,308.3,1323,54.7,56,0
1823,2026-09-11 22:23:00,12,LINE_B,M,299.8,310.5,1809,33.7,127,0
1824,2026-09-11 22:31:00,3,LINE_A,M,298.0,307.4,1493,43.6,31,0
1825,2026-09-11 22:32:00,12,LINE_B,M,296.3,305.6,1865,32.5,13,0
1826,2026-09-11 22:33:00,11,LINE_B,L,301.0,311.8,1588,52.2,224,1
1827,2026-09-11 22:38:00,12,LINE_B,M,301.9,312.3,1631,39.3,62,0
1828,2026-09-11 22:39:00,6,LINE_A,L,296.4,303.9,1457,36.2,100,0
1829,2026-09-11 22:39:00,13,LINE_B,H,300.7,310.6,1793,27.5,29,0
1830,2026-09-11 22:56:00,6,LINE_A,L,302.2,312.3,1650,43.3,227,1
1831,2026-09-11 22:59:00,12,LINE_B,L,301.2,310.9,1800,35.8,83,0
1832,2026-09-11 23:03:00,12,LINE_B,H,299.2,309.3,1572,26.8,82,0
1833,2026-09-11 23:12:00,13,LINE_B,L,298.1,306.3,1532,44.4,238,0
1834,2026-09-11 23:17:00,16,LINE_B,L,300.2,307.3,1647,28.1,108,0
1835,2026-09-11 23:29:00,18,LINE_B,L,300.5,309.5,1800,35.7,168,0
1836,2026-09-11 23:51:00,16,LINE_B,L,300.2,310.5,1723,28.1,5,0
1837,2026-09-11 23:51:00,16,LINE_B,L,299.6,306.4,1565,37.0,187,0
1838,2026-09-11 23:53:00,18,LINE_B,L,297.8,307.0,1206,45.7,233,1
1839,2026-09-11 23:54:00,5,LINE_A,M,300.8,308.9,1686,47.8,28,0
1840,2026-09-11 23:57:00,6,LINE_A,M,300.9,310.7,1281,51.0,1,0
1841,2026-09-11 23:59:00,11,LINE_B,L,300.4,312.4,1546,49.9,10,0
1842,2026-09-12 00:02:00,10,LINE_A,M,300.2,310.0,1519,63.8,123,1
1843,2026-09-12 00:15:00,15,LINE_B,L,303.4,313.3,1285,48.0,58,0
1844,2026-09-12 00:17:00,1,LINE_A,H,298.8,309.6,1607,50.0,40,0
1845,2026-09-12 00:18:00,3,LINE_A,L,302.6,312.6,1928,22.8,80,0
1846,2026-09-12 00:20:00,15,LINE_B,M,298.5,308.3,1484,51.7,43,0
1847,2026-09-12 00:27:00,17,LINE_B,L,302.2,313.1,1678,29.4,39,0
1848,2026-09-12 00:28:00,7,LINE_A,M,302.5,312.9,1964,27.1,58,0
1849,2026-09-12 00:46:00,7,LINE_A,L,299.4,309.7,1695,39.6,221,0
1850,2026-09-12 01:09:00,12,LINE_B,M,303.3,313.2,1424,49.0,51,0
1851,2026-09-12 01:20:00,10,LINE_A,L,300.9,310.6,1583,28.5,192,0
1852,2026-09-12 01:27:00,4,LINE_A,H,298.2,309.2,1627,30.5,66,0
1853,2026-09-12 01:31:00,11,LINE_B,M,299.3,308.9,1798,37.1,115,0
1854,2026-09-12 01:34:00,17,LINE_B,M,302.3,313.5,1759,30.5,82,0
1855,2026-09-12 01:37:00,15,LINE_B,H,301.8,310.8,1150,40.5,36,0
1856,2026-09-12 01:46:00,17,LINE_B,H,297.9,309.3,1386,44.1,24,0
1857,2026-09-12 02:14:00,13,LINE_B,L,299.7,310.2,1527,39.4,67,0
1858,2026-09-12 02:21:00,18,LINE_B,L,300.4,309.4,1357,46.9,126,0
1859,2026-09-12 02:21:00,5,LINE_A,L,299.0,309.5,1150,55.9,96,0
1860,2026-09-12 02:27:00,1,LINE_A,L,304.7,314.1,1409,47.6,97,0
1861,2026-09-12 02:29:00,3,LINE_A,M,300.5,310.5,1539,,53,0
1862,2026-09-12 02:35:00,20,LINE_B,H,299.9,309.4,1445,39.5,88,0
1863,2026-09-12 02:37:00,13,LINE_B,H,302.4,312.2,1361,52.8,62,0
1864,2026-09-12 02:46:00,5,LINE_A,M,299.3,310.2,1547,35.4,128,0
1865,2026-09-12 02:53:00,18,LINE_B,M,302.0,312.5,1602,35.0,133,0
1866,2026-09-12 03:10:00,7,LINE_A,H,296.7,305.5,1456,30.5,59,0
1867,2026-09-12 03:14:00,12,LINE_B,H,299.1,308.0,1787,32.4,9,0
1868,2026-09-12 03:18:00,5,LINE_A,L,302.1,312.4,1550,42.5,231,0
1869,2026-09-12 03:18:00,2,LINE_A,M,303.1,313.5,1383,28.9,68,0
1870,2026-09-12 03:28:00,6,LINE_A,H,298.5,307.8,1338,37.5,36,0
1871,2026-09-12 03:45:00,5,LINE_A,L,298.2,309.8,1502,29.8,99,0
1872,2026-09-12 03:56:00,12,LINE_B,L,301.1,311.9,1740,40.3,21,0
1873,2026-09-12 04:06:00,1,LINE_A,H,298.8,308.1,1392,29.1,64,0
1874,2026-09-12 04:46:00,5,LINE_A,H,299.5,308.7,1647,36.2,4,0
1875,2026-09-12 04:50:00,12,LINE_B,H,301.8,311.5,1557,45.2,69,0
1876,2026-09-12 04:58:00,8,LINE_A,M,298.9,308.6,1899,30.7,120,0
1877,2026-09-12 05:01:00,13,LINE_B,L,296.1,307.3,1610,34.4,101,0
1878,2026-09-12 05:12:00,14,LINE_B,L,297.4,308.4,1414,46.5,92,0
1879,2026-09-12 05:23:00,20,LINE_B,M,300.0,310.1,1673,44.3,97,0
1880,2026-09-12 05:52:00,17,LINE_B,M,296.3,307.0,1679,35.0,124,0
1881,2026-09-12 06:00:00,5,LINE_A,M,299.4,310.2,1469,24.2,13,0
1882,2026-09-12 06:08:00,14,LINE_B,M,297.2,307.3,1330,55.5,66,0
1883,2026-09-12 06:21:00,13,LINE_B,L,303.3,313.7,1636,40.3,77,0
1884,2026-09-12 06:57:00,12,LINE_B,M,304.3,314.9,1551,39.4,1,0
1885,2026-09-12 07:33:00,16,LINE_B,L,297.9,308.4,1267,32.3,2,0
1886,2026-09-12 07:39:00,3,LINE_A,L,300.5,309.7,1586,36.2,126,0
1887,2026-09-12 07:42:00,8,LINE_A,L,298.1,307.4,1425,36.4,183,0
1888,2026-09-12 07:45:00,17,LINE_B,L,299.4,309.1,1267,38.5,142,0
1889,2026-09-12 08:02:00,18,LINE_B,H,303.6,312.9,1477,40.8,24,0
1890,2026-09-12 08:07:00,1,LINE_A,L,299.1,307.6,1771,28.8,108,0
1891,2026-09-12 08:18:00,10,LINE_A,L,299.4,310.1,1757,29.7,231,0
1892,2026-09-12 08:20:00,6,LINE_A,M,298.1,308.5,1710,40.8,121,0
1893,2026-09-12 08:25:00,4,LINE_A,M,302.3,311.0,1588,40.6,17,0
1894,2026-09-12 08:36:00,2,LINE_A,L,293.5,303.2,1647,32.8,154,0
1895,2026-09-12 08:51:00,11,LINE_B,L,299.1,308.9,1558,34.5,149,0
1896,2026-09-12 08:52:00,14,LINE_B,L,299.9,310.1,1341,42.3,87,0
1897,2026-09-12 09:05:00,11,LINE_B,M,298.7,307.6,1377,42.9,52,0
1898,2026-09-12 09:09:00,8,LINE_A,L,301.7,310.4,1431,48.0,172,0
1899,2026-09-12 09:10:00,16,LINE_B,L,302.4,312.9,1792,24.1,224,0
1900,2026-09-12 10:04:00,14,LINE_B,L,297.2,305.6,1734,45.9,76,0
1901,2026-09-12 10:33:00,19,LINE_B,M,304.2,314.0,1346,50.5,133,0
1902,2026-09-12 10:57:00,7,LINE_A,L,297.2,306.8,1550,17.8,201,1
1903,2026-09-12 11:02:00,5,LINE_A,H,302.6,312.5,1468,42.9,5,0
1904,2026-09-12 11:13:00,10,LINE_A,L,300.3,310.6,1512,49.2,67,0
1905,2026-09-12 11:20:00,11,LINE_B,M,299.0,310.6,1444,46.0,63,0
1906,2026-09-12 11:26:00,10,LINE_A,L,299.2,307.6,1793,29.1,159,0
1907,2026-09-12 11:31:00,17,LINE_B,L,299.9,310.8,1537,39.6,54,0
1908,2026-09-12 11:40:00,1,LINE_A,L,300.4,307.9,1579,40.3,99,0
1909,2026-09-12 11:40:00,11,LINE_B,H,298.2,309.6,1580,44.9,9,0
1910,2026-09-12 11:47:00,9,LINE_A,H,299.5,307.5,1355,34.2,10,1
1911,2026-09-12 11:49:00,5,LINE_A,L,298.5,310.9,1560,,104,0
1912,2026-09-12 11:52:00,13,LINE_B,L,297.6,307.2,1731,47.4,151,0
1913,2026-09-12 11:54:00,17,LINE_B,H,298.4,309.7,1805,32.3,43,0
1914,2026-09-12 12:01:00,11,LINE_B,M,297.7,308.8,1333,58.4,55,0
1915,2026-09-12 12:05:00,2,LINE_A,L,299.2,308.7,1267,72.1,119,1
1916,2026-09-12 12:09:00,2,LINE_A,L,300.9,310.5,1551,35.7,152,0
1917,2026-09-12 12:20:00,9,LINE_A,M,300.2,309.4,1740,24.4,103,0
1918,2026-09-12 12:33:00,14,LINE_B,M,303.9,314.7,1605,35.9,77,0
1919,2026-09-12 12:39:00,7,LINE_A,M,295.6,305.2,1662,45.1,13,0
1920,2026-09-12 12:40:00,7,LINE_A,H,300.9,310.1,1295,57.3,4,0
1921,2026-09-12 12:42:00,18,LINE_B,L,300.0,310.6,1437,61.3,82,1
1922,2026-09-12 12:52:00,1,LINE_A,L,301.6,310.7,1150,51.4,49,0
1923,2026-09-12 13:27:00,2,LINE_A,L,301.4,311.1,1514,44.7,128,0
1924,2026-09-12 13:35:00,4,LINE_A,L,299.7,309.8,1150,46.0,168,0
1925,2026-09-12 14:05:00,20,LINE_B,L,300.3,309.7,1780,12.7,60,1
1926,2026-09-12 14:28:00,10,LINE_A,L,298.5,308.0,1820,31.3,112,0
1927,2026-09-12 14:40:00,4,LINE_A,L,301.2,312.8,1565,30.0,52,0
1928,2026-09-12 14:42:00,7,LINE_A,M,296.2,306.0,1268,53.3,67,0
1929,2026-09-12 14:45:00,20,LINE_B,L,301.6,311.2,1608,22.9,90,0
1930,2026-09-12 14:48:00,14,LINE_B,L,300.0,309.8,1875,24.0,0,0
1931,2026-09-12 14:53:00,5,LINE_A,M,299.0,309.5,1626,39.6,95,0
1932,2026-09-12 14:58:00,5,LINE_A,M,299.5,308.5,1753,36.6,43,0
1933,2026-09-12 15:14:00,2,LINE_A,M,299.7,310.1,1453,42.2,107,0
1934,2026-09-12 15:22:00,16,LINE_B,H,302.6,312.9,1383,59.6,64,0
1935,2026-09-12 15:37:00,3,LINE_A,M,306.5,314.7,1527,52.9,28,0
1936,2026-09-12 16:24:00,6,LINE_A,L,302.4,314.2,1193,44.9,212,0
1937,2026-09-12 16:42:00,7,LINE_A,L,298.9,310.3,1948,40.6,5,0
1938,2026-09-12 16:53:00,13,LINE_B,M,301.3,310.5,1565,53.3,82,0
1939,2026-09-12 17:26:00,13,LINE_B,L,301.3,310.2,1696,34.3,192,0
1940,2026-09-12 17:44:00,16,LINE_B,L,298.1,308.4,1457,42.9,129,0
1941,2026-09-12 17:47:00,6,LINE_A,L,297.5,306.1,1262,47.9,133,1
1942,2026-09-12 17:53:00,8,LINE_A,L,299.9,311.2,1797,27.1,112,0
1943,2026-09-12 18:03:00,8,LINE_A,L,301.6,311.1,1338,41.7,14,0
1944,2026-09-12 18:26:00,1,LINE_A,L,296.8,308.4,1603,48.7,162,0
1945,2026-09-12 18:31:00,15,LINE_B,H,298.6,307.7,1620,41.1,91,0
1946,2026-09-12 18:32:00,11,LINE_B,H,301.1,311.0,1553,35.2,76,0
1947,2026-09-12 18:35:00,10,LINE_A,L,300.1,311.4,1399,36.8,14,0
1948,2026-09-12 18:37:00,20,LINE_B,H,302.8,312.5,1513,34.7,21,0
1949,2026-09-12 18:41:00,4,LINE_A,L,297.2,307.4,1369,43.8,199,0
1950,2026-09-12 18:45:00,20,LINE_B,H,304.7,315.8,1686,42.9,68,0
1951,2026-09-12 18:51:00,14,LINE_B,H,296.9,306.4,1643,30.0,35,0
1952,2026-09-12 19:02:00,5,LINE_A,L,295.9,304.7,1536,47.3,58,0
1953,2026-09-12 19:12:00,14,LINE_B,M,299.9,308.4,1438,44.6,66,0
1954,2026-09-12 19:12:00,16,LINE_B,H,297.7,308.3,1919,29.8,3,0
1955,2026-09-12 19:18:00,8,LINE_A,H,299.9,310.3,1306,55.2,8,0
1956,2026-09-12 19:21:00,7,LINE_A,H,299.9,310.9,1262,55.1,7,0
1957,2026-09-12 19:23:00,17,LINE_B,M,299.6,309.3,1525,29.2,119,0
1958,2026-09-12 19:25:00,4,LINE_A,L,298.3,306.9,1494,32.7,11,0
1959,2026-09-12 19:34:00,1,LINE_A,H,300.9,308.5,1738,32.2,53,0
1960,2026-09-12 20:04:00,14,LINE_B,M,299.4,312.2,1656,39.4,40,0
1961,2026-09-12 20:16:00,19,LINE_B,M,302.2,312.7,1545,50.8,109,0
1962,2026-09-12 20:21:00,11,LINE_B,L,299.6,309.8,1630,37.8,30,0
1963,2026-09-12 20:34:00,3,LINE_A,M,298.1,308.3,1627,51.0,131,0
1964,2026-09-12 20:35:00,11,LINE_B,L,296.6,305.2,1919,23.0,20,0
1965,2026-09-12 20:40:00,6,LINE_A,M,299.7,308.9,1586,34.3,122,0
1966,2026-09-12 20:41:00,17,LINE_B,L,297.5,309.2,1417,41.2,35,0
1967,2026-09-12 20:46:00,13,LINE_B,M,297.3,308.0,1576,32.4,4,0
1968,2026-09-12 21:19:00,7,LINE_A,H,301.1,310.3,1150,61.0,4,0
1969,2026-09-12 21:20:00,13,LINE_B,L,296.4,305.2,1534,18.0,187,1
1970,2026-09-12 21:20:00,14,LINE_B,M,302.8,312.3,1737,30.1,49,0
1971,2026-09-12 21:23:00,14,LINE_B,L,300.3,310.0,1648,45.9,100,0
1972,2026-09-12 21:35:00,8,LINE_A,H,299.9,312.0,1594,35.9,79,0
1973,2026-09-12 21:38:00,12,LINE_B,M,297.9,307.7,1657,45.1,37,0
1974,2026-09-12 21:46:00,1,LINE_A,L,301.5,310.3,1739,51.6,132,1
1975,2026-09-12 21:49:00,9,LINE_A,L,300.0,309.9,1797,32.9,71,0
1976,2026-09-12 22:05:00,8,LINE_A,L,298.6,308.9,1621,46.9,15,0
1977,2026-09-12 22:12:00,11,LINE_B,L,300.4,309.1,1483,61.1,238,1
1978,2026-09-12 22:13:00,20,LINE_B,H,296.6,307.0,1150,54.9,36,0
1979,2026-09-12 22:13:00,20,LINE_B,M,296.7,307.9,1716,34.3,122,0
1980,2026-09-12 22:15:00,10,LINE_A,L,297.8,307.9,1633,44.4,103,0
1981,2026-09-12 22:27:00,13,LINE_B,H,300.7,309.9,1567,48.6,83,0
1982,2026-09-12 22:29:00,3,LINE_A,L,300.0,309.5,1416,43.4,41,0
1983,2026-09-12 22:31:00,10,LINE_A,H,302.1,310.4,1714,30.9,52,0
1984,2026-09-12 22:49:00,14,LINE_B,L,298.2,308.0,1494,55.1,89,0
1985,2026-09-12 23:24:00,14,LINE_B,M,301.1,311.5,1534,38.0,143,0
1986,2026-09-12 23:25:00,20,LINE_B,H,299.8,308.9,1530,49.9,32,0
1987,2026-09-12 23:25:00,10,LINE_A,L,298.1,310.1,1621,39.7,185,0
1988,2026-09-12 23:33:00,19,LINE_B,M,300.8,311.6,1333,60.8,71,0
1989,2026-09-12 23:33:00,20,LINE_B,H,299.9,308.1,1641,30.2,38,0
1990,2026-09-12 23:36:00,12,LINE_B,L,298.7,307.0,1410,37.1,167,0
1991,2026-09-12 23:41:00,2,LINE_A,L,300.1,309.1,1417,50.5,154,0
1992,2026-09-13 00:00:00,8,LINE_A,M,299.7,311.3,1699,26.2,68,0
1993,2026-09-13 00:03:00,16,LINE_B,L,299.7,310.6,1361,46.3,13,0
1994,2026-09-13 00:07:00,12,LINE_B,L,299.2,310.8,1699,47.6,17,0
1995,2026-09-13 00:29:00,19,LINE_B,L,297.4,307.4,1558,25.2,143,0
1996,2026-09-13 00:29:00,17,LINE_B,M,300.1,309.9,1243,52.1,8,0
1997,2026-09-13 00:32:00,2,LINE_A,L,298.4,307.1,1786,42.3,145,0
1998,2026-09-13 00:41:00,18,LINE_B,L,298.0,308.3,1596,38.1,213,0
1999,2026-09-13 00:50:00,8,LINE_A,H,299.5,309.3,1611,30.5,76,0
2000,2026-09-13 00:52:00,17,LINE_B,M,301.5,311.2,1721,32.5,100,0
2001,2026-09-13 00:54:00,11,LINE_B,H,300.4,312.0,1810,25.2,26,0
2002,2026-09-13 01:00:00,10,LINE_A,L,298.9,308.8,1576,39.5,157,0
2003,2026-09-13 01:01:00,2,LINE_A,H,298.9,310.2,1651,34.5,18,0
2004,2026-09-13 01:03:00,3,LINE_A,M,301.3,309.7,1607,33.9,131,0
2005,2026-09-13 01:06:00,12,LINE_B,L,295.2,307.9,1478,45.6,21,0
2006,2026-09-13 01:07:00,12,LINE_B,H,301.6,311.2,1255,61.2,52,0
2007,2026-09-13 01:16:00,12,LINE_B,L,296.3,307.0,1579,41.5,116,0
2008,2026-09-13 01:18:00,4,LINE_A,L,297.2,308.0,1788,43.3,17,0
2009,2026-09-13 01:29:00,11,LINE_B,L,299.0,308.5,1645,49.5,44,0
2010,2026-09-13 01:29:00,2,LINE_A,M,304.3,315.2,1348,41.1,103,0
2011,2026-09-13 01:41:00,3,LINE_A,L,303.4,314.2,1738,36.3,142,0
2012,2026-09-13 01:41:00,10,LINE_A,L,301.4,310.7,1484,38.3,38,0
2013,2026-09-13 01:48:00,13,LINE_B,L,300.7,310.0,1163,39.4,33,0
2014,2026-09-13 01:49:00,14,LINE_B,L,296.3,306.3,1723,37.3,159,0
2015,2026-09-13 01:58:00,20,LINE_B,L,300.3,310.2,1370,36.7,158,0
2016,2026-09-13 01:59:00,18,LINE_B,M,298.9,310.3,1861,34.3,58,0
2017,2026-09-13 02:09:00,8,LINE_A,L,298.4,309.1,1747,21.4,4,0
2018,2026-09-13 02:10:00,16,LINE_B,L,300.3,310.2,1499,42.6,6,0
2019,2026-09-13 02:13:00,2,LINE_A,M,299.1,309.7,1623,25.0,22,0
2020,2026-09-13 02:15:00,18,LINE_B,L,301.7,309.7,1976,32.3,13,0
2021,2026-09-13 02:24:00,8,LINE_A,M,296.1,305.5,1720,31.5,80,0
2022,2026-09-13 02:26:00,16,LINE_B,L,300.2,310.4,1583,34.8,94,0
2023,2026-09-13 02:37:00,20,LINE_B,L,298.2,309.4,2060,33.4,52,0
2024,2026-09-13 02:53:00,15,LINE_B,L,299.2,309.4,1561,36.8,142,0
2025,2026-09-13 03:21:00,19,LINE_B,L,300.6,312.1,1645,37.7,169,0
2026,2026-09-13 03:31:00,1,LINE_A,L,297.8,308.6,1371,43.5,41,0
2027,2026-09-13 03:39:00,4,LINE_A,H,300.3,309.8,1239,53.1,60,0
2028,2026-09-13 03:46:00,13,LINE_B,L,299.6,309.4,1488,49.9,25,0
2029,2026-09-13 03:56:00,11,LINE_B,M,298.7,309.1,1547,46.5,86,0
2030,2026-09-13 04:11:00,3,LINE_A,M,299.1,308.6,1599,34.5,54,0
2031,2026-09-13 04:14:00,15,LINE_B,L,299.7,311.2,1284,57.3,26,0
2032,2026-09-13 04:16:00,2,LINE_A,M,298.5,307.4,1659,29.1,116,0
2033,2026-09-13 04:26:00,20,LINE_B,L,300.0,310.3,1391,38.5,43,0
2034,2026-09-13 04:32:00,4,LINE_A,L,299.4,310.2,1650,35.7,188,0
2035,2026-09-13 04:33:00,9,LINE_A,L,298.8,308.5,1708,43.3,87,0
2036,2026-09-13 04:39:00,17,LINE_B,M,303.2,312.6,1469,32.8,98,0
2037,2026-09-13 04:47:00,11,LINE_B,H,300.8,310.8,1367,52.3,68,0
2038,2026-09-13 05:01:00,15,LINE_B,L,299.2,310.0,1818,,102,0
2039,2026-09-13 05:14:00,15,LINE_B,M,300.3,309.8,1697,31.8,96,0
2040,2026-09-13 05:30:00,19,LINE_B,M,297.9,306.9,1567,48.0,64,0
2041,2026-09-13 05:32:00,10,LINE_A,L,299.1,310.3,1804,25.6,145,0
2042,2026-09-13 05:59:00,20,LINE_B,M,299.4,309.8,1555,57.8,32,1
2043,2026-09-13 05:59:00,11,LINE_B,M,297.5,308.5,1428,41.9,61,0
2044,2026-09-13 06:09:00,18,LINE_B,H,300.8,311.5,1360,46.6,13,0
2045,2026-09-13 06:28:00,15,LINE_B,H,299.0,311.2,1521,52.9,40,0
2046,2026-09-13 06:47:00,3,LINE_A,L,299.3,310.4,1679,37.2,3,0
2047,2026-09-13 06:48:00,13,LINE_B,L,298.9,308.1,1790,42.0,98,0
2048,2026-09-13 07:05:00,18,LINE_B,M,305.9,316.4,1544,24.2,124,0
2049,2026-09-13 07:14:00,3,LINE_A,L,298.7,308.1,1758,29.9,86,0
2050,2026-09-13 07:22:00,17,LINE_B,L,295.9,305.4,1501,44.3,119,0
2051,2026-09-13 07:24:00,3,LINE_A,H,296.8,305.4,1399,52.9,82,0
2052,2026-09-13 07:27:00,18,LINE_B,L,301.5,311.2,1305,53.2,0,0
2053,2026-09-13 07:39:00,16,LINE_B,L,302.7,313.2,1449,48.1,160,0
2054,2026-09-13 07:45:00,4,LINE_A,H,298.6,308.6,1312,55.3,51,0
2055,2026-09-13 07:52:00,15,LINE_B,L,302.6,311.5,1902,32.9,82,0
2056,2026-09-13 07:56:00,3,LINE_A,L,301.5,310.0,1619,20.5,61,1
2057,2026-09-13 08:06:00,12,LINE_B,H,299.6,311.7,1523,52.1,57,0
2058,2026-09-13 08:19:00,19,LINE_B,L,299.5,309.8,1850,24.0,102,0
2059,2026-09-13 08:26:00,5,LINE_A,L,300.4,309.5,1306,49.5,94,0
2060,2026-09-13 08:31:00,4,LINE_A,L,301.8,312.2,1515,42.2,161,0
2061,2026-09-13 08:58:00,9,LINE_A,H,300.8,313.0,1900,29.6,38,0
2062,2026-09-13 09:04:00,8,LINE_A,L,298.6,309.3,1514,31.9,194,0
2063,2026-09-13 09:11:00,1,LINE_A,M,299.7,306.9,1980,11.3,41,1
2064,2026-09-13 09:21:00,10,LINE_A,L,304.0,316.6,1681,27.7,168,0
2065,2026-09-13 09:35:00,6,LINE_A,L,300.5,308.7,1775,39.6,135,0
2066,2026-09-13 09:43:00,3,LINE_A,H,301.7,311.5,1780,21.2,86,0
2067,2026-09-13 09:45:00,6,LINE_A,M,301.1,309.9,1540,32.9,58,0
2068,2026-09-13 09:46:00,1,LINE_A,H,300.5,309.8,1452,46.0,22,0
2069,2026-09-13 09:46:00,19,LINE_B,L,300.2,310.5,1519,32.4,95,0
2070,2026-09-13 09:53:00,20,LINE_B,M,301.8,309.7,1362,41.0,95,1
2071,2026-09-13 10:04:00,8,LINE_A,H,301.4,311.3,1528,41.0,41,0
2072,2026-09-13 10:06:00,18,LINE_B,L,300.5,311.7,1539,42.3,213,0
2073,2026-09-13 10:19:00,10,LINE_A,L,298.6,307.8,1844,22.5,37,0
2074,2026-09-13 10:21:00,19,LINE_B,H,300.8,309.4,1647,37.9,30,0
2075,2026-09-13 10:29:00,4,LINE_A,L,299.9,309.7,1965,30.4,235,0
2076,2026-09-13 10:31:00,6,LINE_A,M,299.4,309.0,1151,41.5,115,0
2077,2026-09-13 10:43:00,15,LINE_B,H,305.4,314.8,1321,48.3,7,0
2078,2026-09-13 10:46:00,5,LINE_A,L,296.9,305.7,1476,36.2,225,0
2079,2026-09-13 10:58:00,17,LINE_B,L,301.9,312.4,1809,32.9,102,0
2080,2026-09-13 11:03:00,9,LINE_A,L,298.3,308.9,1520,46.4,154,0
2081,2026-09-13 11:17:00,9,LINE_A,L,300.3,309.2,1276,46.5,4,0
2082,2026-09-13 11:29:00,10,LINE_A,L,305.1,314.2,1496,48.6,39,0
2083,2026-09-13 11:31:00,16,LINE_B,M,298.1,308.2,1324,52.8,100,0
2084,2026-09-13 11:45:00,1,LINE_A,L,298.6,307.6,1289,54.8,62,0
2085,2026-09-13 12:02:00,16,LINE_B,M,300.0,310.1,1900,32.4,17,0
2086,2026-09-13 12:13:00,16,LINE_B,L,298.3,309.8,1477,50.7,163,0
2087,2026-09-13 12:19:00,17,LINE_B,L,301.8,311.7,1571,42.1,52,0
2088,2026-09-13 12:20:00,20,LINE_B,L,298.9,307.7,1523,27.2,207,0
2089,2026-09-13 12:39:00,16,LINE_B,M,301.3,311.7,1495,35.0,25,0
2090,2026-09-13 13:25:00,11,LINE_B,L,297.3,307.2,1389,42.8,5,0
2091,2026-09-13 13:37:00,10,LINE_A,L,296.4,306.2,1484,41.0,93,0
2092,2026-09-13 13:37:00,8,LINE_A,H,299.5,310.0,1601,41.0,31,0
2093,2026-09-13 14:01:00,17,LINE_B,M,296.9,307.6,1795,25.9,92,0
2094,2026-09-13 14:04:00,8,LINE_A,L,303.0,313.1,1711,51.0,56,1
2095,2026-09-13 14:15:00,12,LINE_B,H,296.9,306.9,1321,45.8,94,0
2096,2026-09-13 14:23:00,2,LINE_A,L,297.9,310.0,1718,34.6,101,0
2097,2026-09-13 14:29:00,7,LINE_A,L,300.8,312.0,1626,32.1,170,0
2098,2026-09-13 14:30:00,6,LINE_A,L,298.8,309.7,1428,35.3,184,0
2099,2026-09-13 14:48:00,9,LINE_A,L,297.0,307.1,1573,38.0,212,0
2100,2026-09-13 14:56:00,11,LINE_B,L,304.1,313.1,1643,37.1,120,0
2101,2026-09-13 15:02:00,15,LINE_B,M,298.0,309.1,1548,39.1,32,0
2102,2026-09-13 15:04:00,9,LINE_A,L,299.6,309.8,1626,50.6,124,0
2103,2026-09-13 15:11:00,4,LINE_A,H,299.6,309.0,1385,43.6,41,0
2104,2026-09-13 15:20:00,11,LINE_B,H,301.4,311.2,1899,28.6,58,0
2105,2026-09-13 15:23:00,2,LINE_A,M,300.9,310.0,1193,56.9,34,0
2106,2026-09-13 15:27:00,17,LINE_B,M,298.3,309.4,1644,35.5,74,0
2107,2026-09-13 15:39:00,16,LINE_B,M,299.3,310.0,1606,42.3,137,0
2108,2026-09-13 15:48:00,5,LINE_A,H,299.5,309.7,1656,26.3,66,0
2109,2026-09-13 16:13:00,6,LINE_A,L,301.5,311.5,1412,33.7,229,0
2110,2026-09-13 16:32:00,1,LINE_A,L,297.7,307.0,1750,34.7,25,0
2111,2026-09-13 16:36:00,8,LINE_A,M,304.0,311.9,1521,38.7,94,0
2112,2026-09-13 16:41:00,1,LINE_A,M,298.5,307.1,1326,39.9,3,1
2113,2026-09-13 16:46:00,19,LINE_B,L,300.0,309.2,1343,46.9,48,0
2114,2026-09-13 16:50:00,3,LINE_A,M,297.7,306.8,1562,41.0,119,0
2115,2026-09-13 16:54:00,14,LINE_B,L,297.4,307.7,1253,42.9,24,0
2116,2026-09-13 17:04:00,12,LINE_B,H,298.3,309.1,1864,26.1,46,0
2117,2026-09-13 17:25:00,5,LINE_A,L,298.1,307.9,1729,36.1,16,0
2118,2026-09-13 17:34:00,17,LINE_B,L,299.2,310.6,1869,22.0,71,0
2119,2026-09-13 18:29:00,3,LINE_A,L,298.0,307.3,1850,25.9,29,0
2120,2026-09-13 18:38:00,18,LINE_B,L,301.4,311.3,1477,46.2,109,0
2121,2026-09-13 18:47:00,15,LINE_B,L,298.4,308.4,1384,44.5,154,0
2122,2026-09-13 19:08:00,13,LINE_B,L,298.2,309.3,1150,47.9,156,0
2123,2026-09-13 19:10:00,18,LINE_B,L,299.2,309.3,1467,35.0,223,0
2124,2026-09-13 19:26:00,9,LINE_A,L,302.0,312.1,1858,22.4,29,0
2125,2026-09-13 20:10:00,6,LINE_A,L,300.4,308.8,1391,43.4,96,0
2126,2026-09-13 20:18:00,4,LINE_A,L,299.8,308.9,1502,57.3,125,1
2127,2026-09-13 20:21:00,19,LINE_B,L,297.1,308.2,1440,47.5,20,0
2128,2026-09-13 20:29:00,9,LINE_A,L,297.7,305.6,1607,27.3,26,0
2129,2026-09-13 20:33:00,17,LINE_B,L,297.4,308.8,1771,38.7,74,0
2130,2026-09-13 20:38:00,7,LINE_A,L,302.6,313.1,1263,42.2,206,0
2131,2026-09-13 20:44:00,20,LINE_B,L,301.1,310.3,1297,47.2,140,0
2132,2026-09-13 20:50:00,18,LINE_B,M,298.3,307.4,1808,27.3,80,0
2133,2026-09-13 21:15:00,7,LINE_A,H,298.9,310.8,1672,52.2,53,1
2134,2026-09-13 21:16:00,10,LINE_A,H,298.3,309.8,1493,32.3,78,0
2135,2026-09-13 21:36:00,16,LINE_B,M,298.2,308.1,1847,33.3,78,0
2136,2026-09-13 21:45:00,5,LINE_A,M,300.9,311.1,1294,41.9,104,0
2137,2026-09-13 21:49:00,1,LINE_A,L,299.4,308.8,1708,40.9,74,0
2138,2026-09-13 22:01:00,6,LINE_A,M,304.2,314.3,1528,42.7,117,0
2139,2026-09-13 22:03:00,12,LINE_B,M,302.5,311.8,1649,46.8,4,0
2140,2026-09-13 22:03:00,3,LINE_A,H,302.6,312.5,1150,57.4,33,0
2141,2026-09-13 22:07:00,7,LINE_A,H,301.3,313.2,1493,35.9,24,0
2142,2026-09-13 22:08:00,19,LINE_B,L,299.2,309.1,1673,59.4,33,1
2143,2026-09-13 22:15:00,2,LINE_A,M,301.2,310.1,1529,44.8,77,0
2144,2026-09-13 22:19:00,2,LINE_A,H,299.3,307.9,1766,28.8,85,0
2145,2026-09-13 22:21:00,9,LINE_A,L,303.3,313.4,1760,35.0,38,0
2146,2026-09-13 22:26:00,1,LINE_A,H,300.8,310.0,1367,50.2,85,0
2147,2026-09-13 22:43:00,1,LINE_A,L,300.5,310.8,1688,40.3,205,0
2148,2026-09-13 22:59:00,4,LINE_A,H,300.3,308.6,1361,49.3,84,1
2149,2026-09-13 23:01:00,3,LINE_A,M,303.5,314.2,1550,47.4,1,0
2150,2026-09-13 23:06:00,17,LINE_B,L,297.1,306.1,1658,43.4,237,0
2151,2026-09-13 23:13:00,3,LINE_A,M,303.7,313.7,1390,37.7,61,0
2152,2026-09-13 23:25:00,11,LINE_B,L,299.6,309.3,1682,52.6,143,1
2153,2026-09-13 23:46:00,15,LINE_B,M,297.2,308.9,1449,58.5,44,0
2154,2026-09-13 23:52:00,13,LINE_B,M,298.5,308.7,1435,49.5,73,0
2155,2026-09-14 00:09:00,14,LINE_B,M,296.7,308.6,1667,36.5,79,0
2156,2026-09-14 00:13:00,8,LINE_A,H,301.3,311.9,1390,45.0,76,1
2157,2026-09-14 00:31:00,18,LINE_B,L,297.9,309.3,1380,42.2,81,0
2158,2026-09-14 01:06:00,2,LINE_A,L,300.3,310.1,1727,32.8,26,0
2159,2026-09-14 01:09:00,3,LINE_A,L,302.3,312.6,1560,21.9,140,0
2160,2026-09-14 01:42:00,18,LINE_B,L,298.7,309.9,1278,60.1,187,1
2161,2026-09-14 01:45:00,2,LINE_A,L,299.5,310.4,1694,44.8,3,0
2162,2026-09-14 01:53:00,4,LINE_A,L,297.4,307.9,1467,28.8,194,0
2163,2026-09-14 01:56:00,4,LINE_A,L,299.2,308.9,1287,54.7,192,0
2164,2026-09-14 02:48:00,1,LINE_A,L,305.1,315.0,1150,51.6,138,0
2165,2026-09-14 02:50:00,3,LINE_A,H,301.6,312.7,1703,33.5,91,0
2166,2026-09-14 02:51:00,12,LINE_B,L,299.5,310.8,1385,48.6,93,0
2167,2026-09-14 02:58:00,14,LINE_B,H,298.8,308.2,1316,32.8,13,0
2168,2026-09-14 02:59:00,2,LINE_A,L,299.9,309.2,1655,36.5,157,0
2169,2026-09-14 03:02:00,19,LINE_B,L,300.3,309.4,1685,36.3,146,0
2170,2026-09-14 03:18:00,2,LINE_A,M,299.2,310.0,1398,44.9,131,0
2171,2026-09-14 03:30:00,14,LINE_B,L,301.1,310.1,1704,24.1,53,0
2172,2026-09-14 03:35:00,17,LINE_B,L,298.1,308.9,1910,32.5,37,0
2173,2026-09-14 03:43:00,11,LINE_B,M,298.1,308.6,1782,41.2,97,0
2174,2026-09-14 03:55:00,10,LINE_A,L,300.7,310.2,1754,36.8,74,0
2175,2026-09-14 04:04:00,3,LINE_A,L,297.7,309.2,1597,36.5,44,0
2176,2026-09-14 04:08:00,5,LINE_A,M,301.5,310.0,1460,63.9,97,1
2177,2026-09-14 04:15:00,18,LINE_B,L,300.0,311.6,1530,32.9,44,0
2178,2026-09-14 04:40:00,7,LINE_A,H,296.3,306.7,1619,43.8,80,0
2179,2026-09-14 04:47:00,1,LINE_A,L,300.2,308.1,1314,48.7,74,1
2180,2026-09-14 04:53:00,15,LINE_B,H,296.6,308.2,1402,60.3,62,0
2181,2026-09-14 04:54:00,14,LINE_B,M,301.4,312.4,1283,50.8,83,0
2182,2026-09-14 04:55:00,2,LINE_A,H,299.5,309.1,1582,43.5,56,0
2183,2026-09-14 04:56:00,2,LINE_A,H,303.7,312.7,1555,43.6,29,0
2184,2026-09-14 05:08:00,3,LINE_A,L,302.1,310.6,1423,35.1,20,0
2185,2026-09-14 05:09:00,2,LINE_A,M,297.9,310.3,1688,28.6,92,0
2186,2026-09-14 05:14:00,13,LINE_B,L,296.0,305.0,1352,43.4,104,0
2187,2026-09-14 05:24:00,3,LINE_A,H,298.5,307.2,1416,51.4,94,0
2188,2026-09-14 05:33:00,13,LINE_B,M,297.6,307.8,1680,37.6,128,0
2189,2026-09-14 05:39:00,4,LINE_A,L,303.7,312.0,1707,33.3,17,0
2190,2026-09-14 05:47:00,20,LINE_B,H,300.0,309.0,1397,55.3,34,0
2191,2026-09-14 06:14:00,15,LINE_B,L,301.9,312.9,1582,22.9,99,0
2192,2026-09-14 06:22:00,8,LINE_A,M,299.4,309.9,1400,33.8,55,0
2193,2026-09-14 06:24:00,9,LINE_A,M,299.6,309.3,1504,21.1,104,1
2194,2026-09-14 06:29:00,2,LINE_A,L,299.9,310.0,1566,48.9,85,0
2195,2026-09-14 06:31:00,2,LINE_A,M,302.2,311.8,1641,36.2,22,0
2196,2026-09-14 06:52:00,11,LINE_B,H,300.6,310.6,1597,46.0,35,0
2197,2026-09-14 07:00:00,1,LINE_A,L,297.9,307.1,1589,37.7,188,0
2198,2026-09-14 07:23:00,13,LINE_B,M,303.2,312.7,1346,54.0,58,0
2199,2026-09-14 07:37:00,8,LINE_A,L,299.4,308.8,1610,36.9,68,0
2200,2026-09-14 07:41:00,3,LINE_A,M,299.1,308.4,1639,40.3,111,0
2201,2026-09-14 07:45:00,11,LINE_B,L,294.3,305.4,1664,38.4,15,0
2202,2026-09-14 07:53:00,12,LINE_B,H,301.3,312.0,1410,46.6,44,0
2203,2026-09-14 08:03:00,15,LINE_B,H,300.2,309.3,1705,48.5,10,0
2204,2026-09-14 08:07:00,4,LINE_A,L,300.2,309.0,1303,34.1,145,0
2205,2026-09-14 08:15:00,11,LINE_B,L,299.2,309.0,1462,41.8,215,0
2206,2026-09-14 08:22:00,17,LINE_B,M,298.8,311.0,1490,43.1,64,0
2207,2026-09-14 08:32:00,6,LINE_A,M,299.3,308.2,1313,47.2,141,0
2208,2026-09-14 08:40:00,17,LINE_B,L,300.9,310.8,1488,38.4,209,0
2209,2026-09-14 08:47:00,15,LINE_B,L,301.3,311.4,1580,34.5,174,0
2210,2026-09-14 08:57:00,9,LINE_A,L,299.5,309.4,1211,62.1,42,0
2211,2026-09-14 08:59:00,18,LINE_B,H,301.9,311.4,1469,41.6,3,0
2212,2026-09-14 09:01:00,20,LINE_B,L,299.8,311.0,1225,68.9,29,0
2213,2026-09-14 09:11:00,5,LINE_A,H,299.0,309.4,1907,33.2,33,0
2214,2026-09-14 09:17:00,20,LINE_B,L,300.4,311.2,1578,36.5,97,0
2215,2026-09-14 09:22:00,1,LINE_A,H,297.3,307.9,1563,43.7,20,0
2216,2026-09-14 09:23:00,3,LINE_A,L,300.5,311.4,1582,39.6,233,0
2217,2026-09-14 09:42:00,1,LINE_A,L,296.9,308.5,1649,47.5,178,0
2218,2026-09-14 09:45:00,8,LINE_A,H,297.9,309.3,1716,25.4,67,0
2219,2026-09-14 09:57:00,19,LINE_B,H,296.0,308.3,1259,34.0,62,0
2220,2026-09-14 10:03:00,13,LINE_B,L,299.6,310.9,1776,35.8,147,0
2221,2026-09-14 10:13:00,13,LINE_B,L,303.2,312.5,1764,40.0,211,0
2222,2026-09-14 10:31:00,2,LINE_A,L,299.8,310.6,1528,42.6,93,0
2223,2026-09-14 10:33:00,11,LINE_B,L,301.3,312.0,1519,46.0,33,0
2224,2026-09-14 10:37:00,8,LINE_A,L,304.7,316.6,1150,55.9,70,0
2225,2026-09-14 10:40:00,10,LINE_A,H,300.8,309.8,1316,34.9,22,0
2226,2026-09-14 10:43:00,6,LINE_A,L,298.5,309.0,1633,39.4,229,0
2227,2026-09-14 11:06:00,5,LINE_A,M,298.7,308.1,1756,44.1,82,0
2228,2026-09-14 11:14:00,20,LINE_B,L,300.0,310.5,1671,37.4,102,0
2229,2026-09-14 11:16:00,12,LINE_B,L,298.7,308.5,1526,29.9,6,0
2230,2026-09-14 11:34:00,9,LINE_A,M,298.9,309.4,1887,26.9,102,0
2231,2026-09-14 11:43:00,2,LINE_A,L,302.0,310.6,1721,,155,0
2232,2026-09-14 11:55:00,16,LINE_B,M,302.1,312.8,1469,56.5,116,0
2233,2026-09-14 11:57:00,10,LINE_A,L,296.7,306.9,1933,12.6,31,1
2234,2026-09-14 12:06:00,8,LINE_A,H,298.4,308.5,1343,48.8,63,0
2235,2026-09-14 12:33:00,14,LINE_B,M,299.1,311.0,1275,40.5,52,0
2236,2026-09-14 12:36:00,3,LINE_A,H,301.2,310.8,1464,46.3,22,0
2237,2026-09-14 12:52:00,11,LINE_B,L,302.3,312.6,1403,48.8,53,0
2238,2026-09-14 13:09:00,18,LINE_B,L,305.4,315.5,1474,40.1,69,0
2239,2026-09-14 13:13:00,10,LINE_A,L,299.1,309.3,1684,40.7,175,0
2240,2026-09-14 13:14:00,1,LINE_A,M,299.2,311.4,1534,49.3,3,0
2241,2026-09-14 13:14:00,5,LINE_A,L,301.2,311.2,1539,38.7,227,0
2242,2026-09-14 13:15:00,2,LINE_A,L,298.6,308.1,1551,,232,1
2243,2026-09-14 13:23:00,11,LINE_B,L,299.7,311.6,1150,63.1,232,1
2244,2026-09-14 13:24:00,8,LINE_A,L,299.2,308.9,1267,54.8,200,0
2245,2026-09-14 13:25:00,3,LINE_A,L,294.8,303.2,1471,46.6,77,0
2246,2026-09-14 13:30:00,14,LINE_B,L,300.2,309.5,1388,39.0,96,0
2247,2026-09-14 13:31:00,4,LINE_A,L,299.6,308.4,1498,49.1,30,0
2248,2026-09-14 14:11:00,7,LINE_A,M,302.5,310.7,1793,48.8,128,1
2249,2026-09-14 14:28:00,20,LINE_B,L,300.0,309.6,1527,39.4,184,0
2250,2026-09-14 14:28:00,2,LINE_A,L,297.5,307.4,1302,47.9,36,0
2251,2026-09-14 14:29:00,5,LINE_A,M,299.5,310.7,1397,35.8,142,0
2252,2026-09-14 14:47:00,7,LINE_A,M,295.8,306.4,1848,25.0,6,0
2253,2026-09-14 14:47:00,11,LINE_B,L,297.6,308.2,1816,23.1,184,0
2254,2026-09-14 14:51:00,5,LINE_A,M,301.3,310.4,1647,37.8,19,0
2255,2026-09-14 14:59:00,20,LINE_B,H,299.5,310.4,1259,45.7,72,0
2256,2026-09-14 15:09:00,1,LINE_A,M,301.8,313.2,1595,41.3,127,0
2257,2026-09-14 15:34:00,19,LINE_B,H,296.1,306.5,1609,30.8,91,0
2258,2026-09-14 15:34:00,11,LINE_B,M,299.5,309.9,1545,38.5,23,0
2259,2026-09-14 15:38:00,1,LINE_A,L,299.0,307.8,1437,35.4,39,0
2260,2026-09-14 15:41:00,3,LINE_A,L,301.9,313.0,1475,43.5,16,0
2261,2026-09-14 16:02:00,3,LINE_A,M,301.3,313.1,1425,30.4,118,0
2262,2026-09-14 16:06:00,6,LINE_A,H,301.3,311.6,1334,47.4,18,0
2263,2026-09-14 16:09:00,7,LINE_A,L,303.1,312.5,1786,30.4,93,0
2264,2026-09-14 16:20:00,13,LINE_B,L,299.3,309.1,1699,36.7,99,0
2265,2026-09-14 16:22:00,7,LINE_A,M,302.7,312.2,1489,28.3,50,0
2266,2026-09-14 16:29:00,15,LINE_B,L,297.9,307.6,1603,43.3,119,0
2267,2026-09-14 16:35:00,6,LINE_A,M,297.8,308.5,1610,35.5,50,0
2268,2026-09-14 17:40:00,6,LINE_A,M,301.5,311.8,1962,29.1,34,0
2269,2026-09-14 17:48:00,6,LINE_A,M,297.0,308.0,1697,20.3,56,0
2270,2026-09-14 18:06:00,7,LINE_A,H,301.1,311.5,1690,25.6,77,0
2271,2026-09-14 18:59:00,17,LINE_B,M,300.2,309.3,1547,36.7,17,0
2272,2026-09-14 19:08:00,5,LINE_A,M,302.1,311.6,1462,53.3,138,0
2273,2026-09-14 19:57:00,6,LINE_A,M,299.9,309.3,1789,36.8,59,0
2274,2026-09-14 20:03:00,20,LINE_B,H,300.1,309.9,1657,37.5,28,0
2275,2026-09-14 20:10:00,14,LINE_B,H,301.0,312.8,1391,37.1,42,0
2276,2026-09-14 20:14:00,4,LINE_A,L,298.7,310.6,1622,28.7,223,0
2277,2026-09-14 20:21:00,18,LINE_B,M,298.6,309.4,1691,37.7,116,0
2278,2026-09-14 20:33:00,4,LINE_A,L,300.9,311.1,1163,56.9,196,1
2279,2026-09-14 20:34:00,4,LINE_A,H,299.9,308.6,1374,46.7,21,0
2280,2026-09-14 20:41:00,9,LINE_A,M,299.2,309.4,1605,51.7,127,0
2281,2026-09-14 20:46:00,14,LINE_B,L,299.8,309.0,1194,44.9,169,0
2282,2026-09-14 20:57:00,4,LINE_A,L,303.2,314.8,1222,51.0,14,0
2283,2026-09-14 20:59:00,16,LINE_B,L,299.1,307.5,1491,27.9,102,0
2284,2026-09-14 21:38:00,4,LINE_A,M,299.1,309.4,1628,39.0,120,0
2285,2026-09-14 21:48:00,16,LINE_B,L,296.6,305.7,1637,48.9,127,0
2286,2026-09-14 22:09:00,2,LINE_A,L,299.9,309.9,1825,23.1,140,0
2287,2026-09-14 22:17:00,10,LINE_A,H,301.3,312.0,1555,46.3,36,0
2288,2026-09-14 22:22:00,13,LINE_B,M,301.7,312.7,1473,53.5,5,0
2289,2026-09-14 22:22:00,6,LINE_A,L,300.2,310.2,1305,41.5,212,0
2290,2026-09-14 22:35:00,13,LINE_B,L,301.9,312.7,1471,45.8,180,0
2291,2026-09-14 22:45:00,14,LINE_B,H,301.5,310.8,1667,48.8,26,0
2292,2026-09-14 22:54:00,14,LINE_B,M,302.2,312.5,1675,37.8,35,0
2293,2026-09-14 22:55:00,8,LINE_A,M,302.0,313.0,1588,,74,0
2294,2026-09-14 23:00:00,16,LINE_B,L,303.1,313.5,1638,22.9,191,0
2295,2026-09-14 23:11:00,15,LINE_B,L,299.7,309.1,1770,37.9,20,0
2296,2026-09-14 23:46:00,7,LINE_A,L,297.3,307.1,1554,43.7,150,0
2297,2026-09-15 00:01:00,15,LINE_B,M,301.3,312.3,1786,22.0,122,0
2298,2026-09-15 00:08:00,19,LINE_B,L,301.6,310.5,1409,36.2,118,0
2299,2026-09-15 00:23:00,17,LINE_B,L,303.1,312.2,1527,45.2,12,0
2300,2026-09-15 00:52:00,15,LINE_B,M,302.6,313.2,1453,40.2,3,0
2301,2026-09-15 00:52:00,16,LINE_B,H,303.9,313.5,1683,44.6,15,0
2302,2026-09-15 01:00:00,17,LINE_B,M,301.2,309.8,1357,48.0,128,1
2303,2026-09-15 01:01:00,6,LINE_A,L,300.5,311.8,1482,42.2,109,0
2304,2026-09-15 01:05:00,15,LINE_B,L,297.2,306.1,1205,48.7,35,0
2305,2026-09-15 01:15:00,4,LINE_A,L,300.6,310.4,1647,39.1,217,0
2306,2026-09-15 01:43:00,8,LINE_A,L,298.9,308.3,1764,39.7,199,0
2307,2026-09-15 02:14:00,19,LINE_B,M,300.4,310.1,1704,39.4,21,0
2308,2026-09-15 02:16:00,6,LINE_A,L,300.1,309.2,1686,32.2,165,0
2309,2026-09-15 02:38:00,17,LINE_B,M,300.9,311.7,1691,45.4,47,0
2310,2026-09-15 02:42:00,9,LINE_A,H,299.8,309.9,1666,41.5,6,0
2311,2026-09-15 02:45:00,5,LINE_A,H,301.9,312.9,1651,39.8,6,0
2312,2026-09-15 02:45:00,2,LINE_A,L,294.6,303.9,1662,37.1,130,0
2313,2026-09-15 02:55:00,11,LINE_B,L,300.4,312.5,1422,47.5,202,0
2314,2026-09-15 03:01:00,10,LINE_A,L,302.4,310.5,1504,26.4,230,0
2315,2026-09-15 03:04:00,11,LINE_B,L,303.7,312.2,1553,41.6,169,0
2316,2026-09-15 03:08:00,1,LINE_A,L,301.5,313.2,1480,54.9,221,1
2317,2026-09-15 03:09:00,6,LINE_A,L,303.4,313.8,1258,50.2,56,0
2318,2026-09-15 03:20:00,1,LINE_A,M,300.3,310.7,1318,47.3,21,0
2319,2026-09-15 03:29:00,7,LINE_A,L,300.0,310.4,1581,34.0,26,0
2320,2026-09-15 03:30:00,19,LINE_B,H,301.1,311.6,1703,39.1,16,0
2321,2026-09-15 03:54:00,4,LINE_A,L,300.0,310.3,1542,38.4,180,0
2322,2026-09-15 04:03:00,14,LINE_B,L,298.4,307.5,2038,35.5,36,0
2323,2026-09-15 04:04:00,1,LINE_A,L,299.0,309.8,1374,38.1,103,0
2324,2026-09-15 04:08:00,12,LINE_B,L,297.8,308.4,1620,34.0,181,0
2325,2026-09-15 04:17:00,19,LINE_B,L,301.1,312.5,1772,28.2,222,0
2326,2026-09-15 04:18:00,7,LINE_A,H,300.0,311.8,1732,48.9,15,0
2327,2026-09-15 04:23:00,4,LINE_A,L,299.3,309.6,1658,34.9,44,0
2328,2026-09-15 04:33:00,12,LINE_B,L,298.9,307.6,1733,29.8,15,0
2329,2026-09-15 04:42:00,6,LINE_A,M,301.0,312.8,1550,23.0,16,0
2330,2026-09-15 04:43:00,18,LINE_B,L,301.6,310.5,1839,23.7,93,0
2331,2026-09-15 04:46:00,17,LINE_B,M,297.7,308.1,1771,37.3,45,0
2332,2026-09-15 04:48:00,14,LINE_B,L,297.4,307.2,1387,48.8,232,1
2333,2026-09-15 04:49:00,13,LINE_B,H,301.9,311.5,1598,33.1,42,0
2334,2026-09-15 04:53:00,13,LINE_B,L,297.2,308.0,1261,43.6,73,0
2335,2026-09-15 04:55:00,15,LINE_B,L,301.1,311.3,1814,46.7,112,0
2336,2026-09-15 05:01:00,10,LINE_A,M,303.2,313.7,1580,60.4,104,1
2337,2026-09-15 05:05:00,20,LINE_B,H,303.2,312.4,1783,41.9,32,0
2338,2026-09-15 05:08:00,7,LINE_A,L,301.5,311.3,1520,53.1,34,0
2339,2026-09-15 05:23:00,1,LINE_A,M,301.4,310.6,1206,64.2,60,0
2340,2026-09-15 05:27:00,14,LINE_B,L,304.5,314.3,2015,43.5,149,1
2341,2026-09-15 05:36:00,14,LINE_B,L,295.3,305.2,1564,36.9,75,0
2342,2026-09-15 05:36:00,20,LINE_B,L,299.1,310.9,1360,38.4,139,0
2343,2026-09-15 05:44:00,8,LINE_A,M,301.7,311.4,1746,48.5,46,0
2344,2026-09-15 06:04:00,9,LINE_A,L,299.3,307.2,1906,21.3,217,0
2345,2026-09-15 06:10:00,12,LINE_B,M,302.5,313.9,1504,32.9,128,0
2346,2026-09-15 06:16:00,8,LINE_A,L,299.9,310.4,1522,32.5,171,0
2347,2026-09-15 06:21:00,16,LINE_B,H,300.3,310.1,1583,37.7,80,0
2348,2026-09-15 06:22:00,9,LINE_A,H,299.5,309.0,1340,30.1,11,0
2349,2026-09-15 06:25:00,16,LINE_B,L,299.0,308.0,1416,32.3,156,0
2350,2026-09-15 07:06:00,9,LINE_A,L,298.9,310.8,1861,25.4,97,0
2351,2026-09-15 07:36:00,5,LINE_A,L,300.5,310.6,1516,31.1,186,0
2352,2026-09-15 08:00:00,20,LINE_B,H,298.5,306.7,1389,53.0,0,0
2353,2026-09-15 08:13:00,11,LINE_B,L,301.9,312.2,1459,42.5,45,0
2354,2026-09-15 08:14:00,15,LINE_B,M,301.3,312.5,1733,38.8,34,0
2355,2026-09-15 08:42:00,12,LINE_B,L,302.2,312.4,1184,54.4,133,0
2356,2026-09-15 08:43:00,8,LINE_A,M,297.7,306.8,1586,37.0,140,0
2357,2026-09-15 08:44:00,20,LINE_B,L,296.6,305.6,1983,34.6,215,0
2358,2026-09-15 08:44:00,8,LINE_A,M,300.0,309.1,1906,32.6,65,0
2359,2026-09-15 08:48:00,20,LINE_B,H,305.8,317.3,1643,34.4,0,0
2360,2026-09-15 08:51:00,9,LINE_A,L,302.5,312.5,1777,19.4,208,0
2361,2026-09-15 08:51:00,1,LINE_A,H,298.9,307.2,1775,37.1,55,0
2362,2026-09-15 08:55:00,1,LINE_A,L,300.8,311.2,1517,30.6,5,0
2363,2026-09-15 09:04:00,20,LINE_B,L,301.5,311.6,1706,38.0,154,0
2364,2026-09-15 09:13:00,11,LINE_B,H,297.3,306.8,1862,31.0,84,0
2365,2026-09-15 09:42:00,8,LINE_A,M,302.7,311.7,1313,35.9,125,0
2366,2026-09-15 09:51:00,17,LINE_B,M,299.7,308.6,1644,39.0,128,0
2367,2026-09-15 09:55:00,13,LINE_B,L,299.8,310.9,1605,39.6,234,0
2368,2026-09-15 10:03:00,14,LINE_B,L,300.0,310.3,1559,41.0,156,0
2369,2026-09-15 10:16:00,14,LINE_B,L,302.3,312.8,1543,41.1,146,0
2370,2026-09-15 10:18:00,4,LINE_A,M,298.5,308.7,1582,33.5,16,0
2371,2026-09-15 10:43:00,2,LINE_A,L,296.6,306.9,1597,43.0,151,0
2372,2026-09-15 10:45:00,15,LINE_B,L,300.6,310.2,1741,28.5,210,0
2373,2026-09-15 10:47:00,1,LINE_A,L,295.9,305.7,1626,28.8,195,0
2374,2026-09-15 10:50:00,15,LINE_B,L,299.4,310.6,1508,46.4,215,0
2375,2026-09-15 10:53:00,3,LINE_A,L,302.4,313.8,1389,52.0,40,0
2376,2026-09-15 11:03:00,6,LINE_A,L,301.2,309.9,1455,47.4,48,0
2377,2026-09-15 11:04:00,15,LINE_B,H,302.1,311.9,1587,36.9,82,0
2378,2026-09-15 11:10:00,13,LINE_B,M,301.2,312.1,1413,28.3,135,0
2379,2026-09-15 11:13:00,16,LINE_B,L,304.8,316.7,1710,46.7,126,0
2380,2026-09-15 11:19:00,13,LINE_B,M,298.8,310.6,1617,22.0,127,0
2381,2026-09-15 11:27:00,1,LINE_A,H,300.8,310.0,1746,38.5,65,0
2382,2026-09-15 11:28:00,17,LINE_B,L,299.1,310.4,1425,60.3,49,1
2383,2026-09-15 11:29:00,5,LINE_A,L,301.9,312.0,1390,45.7,121,0
2384,2026-09-15 11:29:00,3,LINE_A,L,299.9,310.9,1744,36.2,94,0
2385,2026-09-15 11:31:00,18,LINE_B,L,303.4,314.2,1563,42.3,189,0
2386,2026-09-15 11:34:00,4,LINE_A,M,298.9,307.7,1504,42.7,48,0
2387,2026-09-15 11:41:00,11,LINE_B,H,302.8,313.4,1666,55.0,17,1
2388,2026-09-15 11:44:00,10,LINE_A,L,301.2,312.2,1659,29.7,119,0
2389,2026-09-15 12:02:00,16,LINE_B,M,299.9,309.9,1314,39.0,71,0
2390,2026-09-15 12:21:00,1,LINE_A,L,301.1,310.8,1789,29.9,213,0
2391,2026-09-15 12:26:00,3,LINE_A,M,300.5,309.0,1466,56.1,1,0
2392,2026-09-15 12:28:00,9,LINE_A,M,300.7,311.4,1846,26.2,125,0
2393,2026-09-15 12:36:00,10,LINE_A,L,299.6,309.8,1300,50.6,50,0
2394,2026-09-15 13:05:00,16,LINE_B,L,298.6,307.7,1597,46.9,42,0
2395,2026-09-15 13:29:00,13,LINE_B,M,299.3,309.0,1507,47.2,60,0
2396,2026-09-15 13:39:00,3,LINE_A,H,296.6,306.8,1184,58.8,53,0
2397,2026-09-15 13:41:00,20,LINE_B,L,301.7,311.1,1658,47.8,223,0
2398,2026-09-15 13:46:00,10,LINE_A,L,297.5,307.5,1194,52.9,128,0
2399,2026-09-15 13:55:00,20,LINE_B,L,299.6,307.8,1487,37.9,34,0
2400,2026-09-15 14:02:00,20,LINE_B,M,301.3,312.6,1739,35.2,65,0
2401,2026-09-15 14:11:00,2,LINE_A,M,301.7,311.7,1445,40.1,132,0
2402,2026-09-15 14:12:00,11,LINE_B,M,296.5,305.4,1377,65.1,103,1
2403,2026-09-15 14:25:00,9,LINE_A,M,299.8,307.4,1684,31.4,31,0
2404,2026-09-15 14:35:00,10,LINE_A,H,300.9,311.9,1495,45.2,62,0
2405,2026-09-15 14:38:00,7,LINE_A,H,300.1,310.7,1467,30.2,70,0
2406,2026-09-15 15:03:00,12,LINE_B,L,302.7,312.9,1769,34.2,66,0
2407,2026-09-15 15:10:00,10,LINE_A,M,298.4,309.2,1330,44.0,76,0
2408,2026-09-15 15:13:00,4,LINE_A,L,295.9,306.8,1457,47.9,83,0
2409,2026-09-15 15:39:00,6,LINE_A,L,301.6,311.8,1696,40.9,43,0
2410,2026-09-15 15:48:00,3,LINE_A,H,298.9,308.7,1318,58.0,85,0
2411,2026-09-15 16:07:00,17,LINE_B,M,296.5,306.1,1860,41.1,46,0
2412,2026-09-15 16:14:00,14,LINE_B,H,299.7,310.1,1501,40.6,31,0
2413,2026-09-15 16:15:00,8,LINE_A,L,302.5,313.9,1697,27.7,24,0
2414,2026-09-15 16:23:00,8,LINE_A,M,297.5,307.4,1697,28.7,64,0
2415,2026-09-15 16:34:00,2,LINE_A,L,304.7,316.1,1513,43.2,154,0
2416,2026-09-15 16:39:00,6,LINE_A,L,298.3,308.7,1454,43.8,233,0
2417,2026-09-15 16:40:00,19,LINE_B,L,300.2,310.6,1532,42.3,186,0
2418,2026-09-15 16:40:00,1,LINE_A,M,297.6,310.0,1668,31.9,123,0
2419,2026-09-15 16:42:00,3,LINE_A,L,300.1,311.7,1362,56.8,236,1
2420,2026-09-15 16:55:00,17,LINE_B,H,299.7,311.4,1323,34.7,67,0
2421,2026-09-15 17:01:00,11,LINE_B,L,297.0,306.2,1807,27.3,205,0
2422,2026-09-15 17:38:00,1,LINE_A,L,305.7,317.8,1408,35.4,72,0
2423,2026-09-15 17:40:00,10,LINE_A,M,299.0,308.9,1604,36.4,103,0
2424,2026-09-15 17:43:00,15,LINE_B,L,299.0,308.8,1504,51.1,150,0
2425,2026-09-15 17:45:00,7,LINE_A,H,301.9,309.8,1512,38.6,43,0
2426,2026-09-15 17:53:00,8,LINE_A,M,303.6,314.0,1797,33.1,92,0
2427,2026-09-15 17:54:00,13,LINE_B,L,302.3,311.2,1525,45.8,173,0
2428,2026-09-15 18:04:00,12,LINE_B,M,297.6,308.0,1476,39.2,59,0
2429,2026-09-15 18:06:00,19,LINE_B,M,300.4,309.3,1491,44.5,121,0
2430,2026-09-15 18:08:00,5,LINE_A,M,296.2,308.0,1449,44.7,5,0
2431,2026-09-15 18:38:00,6,LINE_A,H,301.8,312.4,1419,34.6,31,0
2432,2026-09-15 18:43:00,4,LINE_A,M,296.7,309.0,1450,39.0,52,0
2433,2026-09-15 18:53:00,14,LINE_B,M,298.4,307.4,1839,33.9,119,0
2434,2026-09-15 19:13:00,11,LINE_B,L,300.0,311.5,1668,46.4,121,0
2435,2026-09-15 19:32:00,7,LINE_A,M,300.9,309.1,1478,52.1,134,0
2436,2026-09-15 19:37:00,14,LINE_B,H,299.5,309.7,1717,51.5,91,1
2437,2026-09-15 19:40:00,8,LINE_A,M,303.0,312.4,1254,52.5,66,0
2438,2026-09-15 19:57:00,4,LINE_A,M,301.4,311.0,1788,29.3,104,0
2439,2026-09-15 20:19:00,11,LINE_B,L,301.3,310.8,1773,32.5,59,0
2440,2026-09-15 20:40:00,9,LINE_A,M,297.5,306.6,1943,27.0,15,0
2441,2026-09-15 20:42:00,9,LINE_A,H,303.4,312.1,1722,31.3,47,0
2442,2026-09-15 20:43:00,9,LINE_A,L,298.4,308.0,1619,40.7,72,0
2443,2026-09-15 20:45:00,19,LINE_B,L,303.5,313.6,1772,36.5,175,0
2444,2026-09-15 20:46:00,5,LINE_A,M,304.0,315.2,1427,34.0,75,0
2445,2026-09-15 20:55:00,6,LINE_A,L,301.0,311.3,1469,50.8,32,0
2446,2026-09-15 21:06:00,12,LINE_B,M,302.1,313.2,1528,25.7,65,0
2447,2026-09-15 21:20:00,1,LINE_A,L,293.8,302.4,1786,30.8,96,0
2448,2026-09-15 21:22:00,3,LINE_A,L,299.6,309.2,1386,53.8,1,0
2449,2026-09-15 21:27:00,12,LINE_B,M,302.2,312.9,1367,50.1,78,0
2450,2026-09-15 21:33:00,11,LINE_B,M,301.8,312.2,1583,35.9,134,0
2451,2026-09-15 21:55:00,14,LINE_B,M,297.6,306.7,1669,51.9,129,1
2452,2026-09-15 22:04:00,3,LINE_A,M,299.4,310.3,1413,40.3,130,0
2453,2026-09-15 22:07:00,18,LINE_B,M,294.9,304.4,1661,20.4,128,0
2454,2026-09-15 22:19:00,10,LINE_A,M,300.8,310.0,1786,36.2,133,0
2455,2026-09-15 22:20:00,4,LINE_A,M,296.2,306.7,1756,19.3,14,0
2456,2026-09-15 22:21:00,7,LINE_A,M,302.3,312.3,1604,31.4,61,0
2457,2026-09-15 22:34:00,5,LINE_A,M,302.4,311.8,1524,45.5,78,0
2458,2026-09-15 22:56:00,10,LINE_A,L,299.1,308.5,1852,26.9,200,0
2459,2026-09-15 23:10:00,10,LINE_A,L,301.0,310.0,1543,44.6,89,0
2460,2026-09-15 23:19:00,9,LINE_A,M,299.6,309.2,1709,25.7,102,0
2461,2026-09-15 23:40:00,10,LINE_A,H,300.5,311.6,1892,36.3,75,0
2462,2026-09-16 00:07:00,19,LINE_B,M,297.7,308.0,1690,22.0,73,0
2463,2026-09-16 00:07:00,20,LINE_B,L,301.2,312.2,1361,55.9,57,0
2464,2026-09-16 00:07:00,10,LINE_A,M,296.7,307.2,1317,42.9,11,0
2465,2026-09-16 00:15:00,20,LINE_B,L,296.3,305.7,1486,53.9,106,0
2466,2026-09-16 00:21:00,17,LINE_B,M,299.8,308.1,1668,29.4,24,0
2467,2026-09-16 00:29:00,17,LINE_B,H,299.6,308.7,1620,53.0,62,0
2468,2026-09-16 00:47:00,5,LINE_A,M,300.5,309.9,1937,,34,0
2469,2026-09-16 00:53:00,9,LINE_A,M,298.7,308.0,1618,23.3,126,0
2470,2026-09-16 01:08:00,8,LINE_A,L,303.8,314.8,1481,42.1,215,0
2471,2026-09-16 01:22:00,2,LINE_A,L,300.3,311.3,1336,56.0,200,1
2472,2026-09-16 01:29:00,2,LINE_A,H,300.5,312.7,1752,40.0,64,0
2473,2026-09-16 01:30:00,13,LINE_B,M,300.4,309.6,1539,49.3,16,0
2474,2026-09-16 01:43:00,9,LINE_A,M,302.0,313.6,1269,54.6,141,0
2475,2026-09-16 01:44:00,17,LINE_B,L,301.2,312.7,1544,33.3,15,0
2476,2026-09-16 01:49:00,14,LINE_B,L,300.9,310.7,1361,51.5,135,0
2477,2026-09-16 01:51:00,2,LINE_A,L,301.5,311.9,1463,43.0,193,0
2478,2026-09-16 01:56:00,17,LINE_B,L,296.4,307.6,1541,34.3,20,0
2479,2026-09-16 02:17:00,10,LINE_A,L,296.4,306.4,1377,46.3,119,0
2480,2026-09-16 02:19:00,12,LINE_B,H,299.8,309.7,1452,,46,0
2481,2026-09-16 02:20:00,20,LINE_B,M,299.6,309.0,1406,55.3,28,0
2482,2026-09-16 02:24:00,13,LINE_B,L,301.2,308.8,1411,39.8,26,0
2483,2026-09-16 02:25:00,1,LINE_A,L,300.0,310.1,1359,41.0,218,0
2484,2026-09-16 02:37:00,4,LINE_A,L,301.2,310.5,1453,37.0,216,0
2485,2026-09-16 02:39:00,9,LINE_A,H,297.5,306.4,1379,60.0,9,0
2486,2026-09-16 02:41:00,1,LINE_A,L,300.0,310.4,1646,31.7,66,0
2487,2026-09-16 02:57:00,4,LINE_A,M,297.3,305.9,1576,49.3,56,0
2488,2026-09-16 03:13:00,16,LINE_B,H,300.8,311.6,1755,25.3,19,0
2489,2026-09-16 03:21:00,3,LINE_A,L,296.2,306.7,1880,33.9,15,0
2490,2026-09-16 03:26:00,4,LINE_A,M,300.7,310.3,1662,38.4,73,0
2491,2026-09-16 04:01:00,11,LINE_B,H,297.1,307.0,1621,47.4,42,0
2492,2026-09-16 04:12:00,2,LINE_A,L,299.2,308.0,1673,44.7,193,0
2493,2026-09-16 04:33:00,6,LINE_A,L,301.8,312.5,1624,38.1,71,0
2494,2026-09-16 04:38:00,19,LINE_B,H,300.5,310.6,1549,35.4,49,0
2495,2026-09-16 04:44:00,13,LINE_B,H,296.7,307.0,1535,53.2,30,0
2496,2026-09-16 04:44:00,20,LINE_B,M,298.7,309.2,1356,40.4,5,0
2497,2026-09-16 04:58:00,8,LINE_A,M,297.0,306.4,1691,17.3,104,1
2498,2026-09-16 05:25:00,13,LINE_B,L,296.6,305.1,1534,25.3,178,0
2499,2026-09-16 05:36:00,5,LINE_A,H,300.2,311.2,1801,19.3,64,0
2500,2026-09-16 05:46:00,8,LINE_A,L,301.1,311.8,1705,39.8,8,0
2501,2026-09-16 05:56:00,4,LINE_A,L,300.9,310.3,1427,61.1,167,1
2502,2026-09-16 06:21:00,17,LINE_B,M,301.2,311.6,1764,16.9,87,1
2503,2026-09-16 06:27:00,4,LINE_A,H,300.0,311.2,1150,45.4,42,0
2504,2026-09-16 06:36:00,5,LINE_A,H,299.5,310.6,1887,30.3,59,0
2505,2026-09-16 06:40:00,10,LINE_A,L,297.9,307.3,1299,59.6,26,0
2506,2026-09-16 06:41:00,9,LINE_A,L,299.1,307.6,1629,31.0,50,0
2507,2026-09-16 06:45:00,7,LINE_A,H,297.4,306.0,1617,42.4,12,0
2508,2026-09-16 06:59:00,8,LINE_A,H,298.3,308.0,1742,31.9,43,0
2509,2026-09-16 07:02:00,6,LINE_A,M,300.2,311.6,1481,62.6,128,1
2510,2026-09-16 07:09:00,19,LINE_B,M,299.8,309.0,1154,52.7,1,0
2511,2026-09-16 07:11:00,12,LINE_B,L,306.1,315.5,1481,44.6,107,0
2512,2026-09-16 07:14:00,19,LINE_B,L,297.3,306.7,1501,41.9,68,0
2513,2026-09-16 07:23:00,20,LINE_B,L,299.7,309.2,1171,47.7,225,0
2514,2026-09-16 07:28:00,14,LINE_B,L,297.2,307.1,1548,47.4,148,0
2515,2026-09-16 07:33:00,17,LINE_B,L,299.2,307.9,1346,36.5,53,0
2516,2026-09-16 07:35:00,3,LINE_A,H,299.3,310.4,1657,20.5,27,0
2517,2026-09-16 07:41:00,19,LINE_B,L,301.7,311.5,1496,40.1,139,0
2518,2026-09-16 07:41:00,10,LINE_A,L,299.1,311.6,1893,35.9,11,0
2519,2026-09-16 07:54:00,15,LINE_B,M,299.6,308.4,1494,36.7,10,0
2520,2026-09-16 07:58:00,5,LINE_A,L,299.1,310.7,1617,39.2,161,0
2521,2026-09-16 08:04:00,2,LINE_A,L,297.2,308.6,1502,31.4,192,0
2522,2026-09-16 08:24:00,18,LINE_B,M,298.7,308.3,1248,57.3,107,0
2523,2026-09-16 08:26:00,9,LINE_A,L,299.2,308.8,1503,46.3,41,0
2524,2026-09-16 08:36:00,3,LINE_A,M,300.1,309.2,1676,36.1,124,0
2525,2026-09-16 08:36:00,14,LINE_B,H,301.1,310.2,1648,38.1,21,0
2526,2026-09-16 08:38:00,2,LINE_A,L,299.5,309.5,1487,30.4,210,0
2527,2026-09-16 08:51:00,10,LINE_A,H,299.5,309.5,1278,37.1,28,0
2528,2026-09-16 09:03:00,15,LINE_B,H,296.6,305.0,1656,35.5,48,0
2529,2026-09-16 09:14:00,15,LINE_B,H,301.1,313.4,1616,41.8,92,0
2530,2026-09-16 09:25:00,10,LINE_A,M,298.6,308.3,1692,40.0,58,0
2531,2026-09-16 09:49:00,8,LINE_A,M,301.5,311.6,1491,38.6,96,0
2532,2026-09-16 10:03:00,17,LINE_B,M,302.6,312.0,1237,55.1,84,0
2533,2026-09-16 10:04:00,4,LINE_A,M,299.6,309.4,1636,48.5,10,0
2534,2026-09-16 10:06:00,2,LINE_A,L,298.0,307.6,1538,39.3,190,0
2535,2026-09-16 10:14:00,4,LINE_A,H,300.0,310.0,1791,35.0,34,0
2536,2026-09-16 10:32:00,17,LINE_B,M,300.7,310.7,1545,38.2,68,0
2537,2026-09-16 10:56:00,10,LINE_A,M,299.4,310.2,1532,39.2,44,0
2538,2026-09-16 10:57:00,1,LINE_A,L,298.9,309.1,1615,39.1,238,0
2539,2026-09-16 11:07:00,4,LINE_A,L,301.1,311.8,1433,56.8,132,0
2540,2026-09-16 11:16:00,1,LINE_A,M,301.0,311.0,1424,50.8,92,0
2541,2026-09-16 11:17:00,17,LINE_B,M,299.3,309.5,1522,47.1,75,0
2542,2026-09-16 11:24:00,10,LINE_A,L,296.7,306.5,1374,41.3,73,0
2543,2026-09-16 11:28:00,2,LINE_A,L,300.9,311.9,1499,34.1,140,0
2544,2026-09-16 11:31:00,5,LINE_A,L,298.5,308.8,1889,32.6,190,0
2545,2026-09-16 11:57:00,13,LINE_B,M,300.4,310.3,1728,44.3,13,0
2546,2026-09-16 12:02:00,12,LINE_B,L,300.3,310.1,1595,52.1,36,1
2547,2026-09-16 12:12:00,17,LINE_B,H,296.2,306.1,1819,12.0,16,1
2548,2026-09-16 12:34:00,1,LINE_A,L,300.2,310.2,1392,64.0,224,1
2549,2026-09-16 12:38:00,2,LINE_A,L,301.0,311.0,1988,29.9,138,0
2550,2026-09-16 12:40:00,1,LINE_A,L,301.3,310.7,1457,49.8,81,0
2551,2026-09-16 12:47:00,8,LINE_A,M,300.2,311.0,1901,15.3,28,1
2552,2026-09-16 12:52:00,15,LINE_B,L,296.0,306.9,1900,27.3,164,0
2553,2026-09-16 12:54:00,14,LINE_B,M,302.6,314.3,1224,56.1,75,0
2554,2026-09-16 13:08:00,5,LINE_A,H,300.8,310.2,1804,22.7,60,0
2555,2026-09-16 13:25:00,14,LINE_B,L,297.6,308.3,1489,18.4,171,1
2556,2026-09-16 13:32:00,14,LINE_B,M,298.4,306.5,1438,45.8,14,0
2557,2026-09-16 13:34:00,4,LINE_A,L,300.5,311.3,1634,36.8,163,0
2558,2026-09-16 13:34:00,15,LINE_B,L,301.4,309.9,1359,57.0,173,1
2559,2026-09-16 13:49:00,9,LINE_A,L,299.0,308.0,1630,36.0,66,0
2560,2026-09-16 14:02:00,2,LINE_A,L,301.7,312.0,1371,44.4,74,0
2561,2026-09-16 14:08:00,8,LINE_A,M,296.4,305.8,1572,44.6,85,0
2562,2026-09-16 14:09:00,16,LINE_B,M,297.9,307.2,1780,,55,0
2563,2026-09-16 14:20:00,14,LINE_B,M,295.9,305.4,1610,32.2,134,0
2564,2026-09-16 14:29:00,6,LINE_A,M,298.2,308.9,1475,49.5,14,0
2565,2026-09-16 14:36:00,16,LINE_B,M,303.0,312.1,1637,32.9,24,0
2566,2026-09-16 14:54:00,8,LINE_A,L,304.1,314.1,1287,47.7,194,0
2567,2026-09-16 15:27:00,10,LINE_A,L,300.5,310.1,1389,49.9,163,0
2568,2026-09-16 15:31:00,2,LINE_A,L,298.7,309.5,1463,49.1,206,0
2569,2026-09-16 15:34:00,20,LINE_B,M,299.6,310.4,1682,38.3,3,0
2570,2026-09-16 15:47:00,17,LINE_B,H,300.9,309.1,1613,29.2,13,0
2571,2026-09-16 15:54:00,4,LINE_A,L,296.9,307.9,1636,22.1,200,0
2572,2026-09-16 16:29:00,12,LINE_B,M,298.9,308.2,1535,38.6,117,0
2573,2026-09-16 17:06:00,16,LINE_B,M,302.9,313.1,1398,52.0,119,0
2574,2026-09-16 17:14:00,11,LINE_B,H,297.9,307.0,1808,35.6,86,0
2575,2026-09-16 17:25:00,5,LINE_A,M,298.5,308.9,1414,45.7,33,0
2576,2026-09-16 17:27:00,20,LINE_B,M,300.0,312.6,1615,37.7,14,0
2577,2026-09-16 17:32:00,6,LINE_A,M,300.6,310.7,1520,43.1,43,0
2578,2026-09-16 17:42:00,7,LINE_A,H,298.7,308.3,1641,29.0,96,0
2579,2026-09-16 18:13:00,8,LINE_A,L,300.2,309.9,1431,49.5,124,0
2580,2026-09-16 18:19:00,18,LINE_B,H,301.2,309.7,1729,41.1,0,0
2581,2026-09-16 18:28:00,11,LINE_B,L,303.9,315.4,1788,29.7,178,0
2582,2026-09-16 18:30:00,15,LINE_B,H,299.7,310.1,1718,38.1,81,0
2583,2026-09-16 18:34:00,19,LINE_B,L,299.9,308.9,1568,25.4,29,0
2584,2026-09-16 18:36:00,19,LINE_B,L,303.1,312.0,1462,43.8,133,0
2585,2026-09-16 18:44:00,18,LINE_B,L,298.9,308.9,2048,23.7,178,0
2586,2026-09-16 18:46:00,19,LINE_B,L,297.4,308.3,1362,55.4,229,1
2587,2026-09-16 18:54:00,19,LINE_B,L,300.5,309.3,1699,33.7,145,0
2588,2026-09-16 19:06:00,20,LINE_B,L,302.2,313.3,1600,45.2,81,0
2589,2026-09-16 19:08:00,13,LINE_B,L,300.7,310.6,1529,37.2,218,0
2590,2026-09-16 19:12:00,3,LINE_A,L,299.8,308.9,1573,20.7,86,1
2591,2026-09-16 19:41:00,3,LINE_A,M,297.1,306.6,1448,41.0,91,0
2592,2026-09-16 20:13:00,16,LINE_B,H,299.9,311.6,1617,39.3,80,0
2593,2026-09-16 20:24:00,7,LINE_A,M,302.5,311.1,1597,39.5,76,0
2594,2026-09-16 20:37:00,17,LINE_B,L,297.5,306.8,2022,26.9,170,0
2595,2026-09-16 21:08:00,19,LINE_B,L,299.5,310.5,1733,30.2,202,0
2596,2026-09-16 21:10:00,13,LINE_B,H,299.2,309.4,1633,34.6,58,0
2597,2026-09-16 21:45:00,16,LINE_B,L,298.6,307.8,1644,27.9,100,0
2598,2026-09-16 21:52:00,6,LINE_A,L,300.5,311.5,1871,14.1,154,1
2599,2026-09-16 21:52:00,9,LINE_A,H,300.9,311.9,1365,44.4,38,0
2600,2026-09-16 22:07:00,20,LINE_B,H,300.9,311.2,1507,35.0,65,0
2601,2026-09-16 22:15:00,17,LINE_B,L,298.0,307.4,1197,58.9,19,0
2602,2026-09-16 22:17:00,5,LINE_A,M,296.7,306.2,1641,19.5,7,1
2603,2026-09-16 22:33:00,19,LINE_B,L,300.5,310.8,1693,37.7,113,0
2604,2026-09-16 22:45:00,10,LINE_A,M,299.0,307.7,1361,62.3,17,0
2605,2026-09-16 22:56:00,17,LINE_B,L,303.7,315.0,1798,30.8,175,0
2606,2026-09-16 23:13:00,11,LINE_B,L,303.8,315.5,1411,43.9,43,0
2607,2026-09-16 23:19:00,13,LINE_B,M,304.0,313.7,1478,45.3,71,0
2608,2026-09-16 23:26:00,4,LINE_A,L,298.1,308.5,1562,43.4,42,0
2609,2026-09-16 23:46:00,7,LINE_A,M,301.1,312.3,1827,28.1,133,0
2610,2026-09-16 23:55:00,15,LINE_B,L,301.7,313.7,1386,36.6,202,0
2611,2026-09-16 23:56:00,17,LINE_B,H,301.5,313.1,1592,43.6,0,0
2612,2026-09-17 00:07:00,2,LINE_A,H,299.3,307.6,1679,20.6,38,0
2613,2026-09-17 00:19:00,2,LINE_A,L,302.6,312.2,1642,43.6,226,0
2614,2026-09-17 00:54:00,14,LINE_B,M,300.0,310.5,1649,33.6,70,0
2615,2026-09-17 00:56:00,9,LINE_A,L,300.3,309.8,1677,35.9,202,0
2616,2026-09-17 00:57:00,17,LINE_B,L,296.9,308.7,1440,38.8,21,0
2617,2026-09-17 01:09:00,2,LINE_A,L,301.3,312.9,1844,42.3,103,0
2618,2026-09-17 01:25:00,7,LINE_A,H,299.5,308.7,1520,42.6,83,0
2619,2026-09-17 01:42:00,1,LINE_A,H,300.9,310.8,1496,38.7,18,0
2620,2026-09-17 01:46:00,15,LINE_B,H,300.5,309.7,1783,29.9,1,0
2621,2026-09-17 01:55:00,18,LINE_B,H,300.4,310.2,1426,42.2,70,0
2622,2026-09-17 02:07:00,4,LINE_A,H,299.9,309.7,1598,57.4,8,1
2623,2026-09-17 02:07:00,7,LINE_A,L,301.6,312.5,1410,33.4,72,0
2624,2026-09-17 02:16:00,17,LINE_B,H,299.6,308.7,1993,35.1,78,0
2625,2026-09-17 02:19:00,1,LINE_A,M,297.1,304.5,1956,32.1,128,0
2626,2026-09-17 02:25:00,20,LINE_B,L,301.1,309.5,1520,52.9,31,1
2627,2026-09-17 02:33:00,18,LINE_B,M,298.4,307.4,1634,42.2,71,0
2628,2026-09-17 02:38:00,4,LINE_A,L,297.4,306.7,1541,40.0,190,0
2629,2026-09-17 02:39:00,3,LINE_A,L,298.0,308.1,1477,50.0,93,0
2630,2026-09-17 02:47:00,14,LINE_B,L,300.6,309.5,1562,41.2,84,0
2631,2026-09-17 02:51:00,1,LINE_A,L,299.8,308.6,1533,46.3,130,0
2632,2026-09-17 02:55:00,11,LINE_B,L,295.7,304.8,1266,59.6,186,1
2633,2026-09-17 03:05:00,2,LINE_A,H,299.2,308.1,1587,39.3,4,0
2634,2026-09-17 03:09:00,11,LINE_B,M,302.3,311.8,1532,36.8,7,0
2635,2026-09-17 03:18:00,8,LINE_A,M,299.1,308.5,1596,33.2,15,0
2636,2026-09-17 03:30:00,15,LINE_B,L,299.7,310.4,1526,44.0,81,0
2637,2026-09-17 03:44:00,18,LINE_B,L,302.1,311.1,1475,34.9,66,0
2638,2026-09-17 03:51:00,10,LINE_A,L,301.6,311.2,1697,32.5,115,0
2639,2026-09-17 03:52:00,13,LINE_B,H,302.0,311.5,1636,29.4,29,0
2640,2026-09-17 03:59:00,13,LINE_B,L,294.5,305.3,1791,36.5,150,0
2641,2026-09-17 04:01:00,20,LINE_B,M,303.5,313.3,1629,31.3,46,0
2642,2026-09-17 04:22:00,5,LINE_A,M,301.3,312.3,1504,30.8,120,0
2643,2026-09-17 04:27:00,5,LINE_A,M,304.9,313.8,1651,27.8,44,0
2644,2026-09-17 04:56:00,8,LINE_A,H,298.4,308.4,1183,46.1,23,0
2645,2026-09-17 05:01:00,15,LINE_B,L,296.5,305.9,1919,24.8,206,0
2646,2026-09-17 05:01:00,18,LINE_B,H,300.0,308.8,1589,40.5,63,0
2647,2026-09-17 05:02:00,6,LINE_A,M,299.4,309.4,1933,26.9,7,0
2648,2026-09-17 05:24:00,3,LINE_A,M,301.3,313.0,1384,47.7,22,0
2649,2026-09-17 05:50:00,13,LINE_B,M,302.1,311.3,1339,49.6,7,0
2650,2026-09-17 06:04:00,12,LINE_B,H,299.8,309.7,1606,43.9,76,0
2651,2026-09-17 06:13:00,8,LINE_A,H,299.5,308.2,1605,22.8,60,0
2652,2026-09-17 06:19:00,4,LINE_A,L,301.0,309.6,1601,29.2,223,0
2653,2026-09-17 06:21:00,17,LINE_B,H,299.5,308.7,1573,43.4,31,0
2654,2026-09-17 06:21:00,17,LINE_B,M,299.3,308.9,1427,45.1,7,0
2655,2026-09-17 06:33:00,15,LINE_B,L,302.1,311.7,1273,55.8,110,0
2656,2026-09-17 06:36:00,12,LINE_B,H,302.5,312.3,1591,26.1,8,0
2657,2026-09-17 06:54:00,6,LINE_A,L,302.2,310.5,1309,,34,1
2658,2026-09-17 07:02:00,9,LINE_A,M,299.7,309.0,1292,45.1,113,0
2659,2026-09-17 07:12:00,2,LINE_A,L,295.7,306.2,1471,43.4,90,0
2660,2026-09-17 07:20:00,5,LINE_A,L,299.7,308.3,1618,38.0,211,0
2661,2026-09-17 07:55:00,10,LINE_A,H,298.5,308.1,1898,33.0,49,0
2662,2026-09-17 07:57:00,9,LINE_A,L,299.7,310.0,1716,33.8,155,0
2663,2026-09-17 07:58:00,2,LINE_A,L,298.7,307.9,1798,43.2,200,0
2664,2026-09-17 08:07:00,20,LINE_B,L,300.0,310.3,1658,50.0,110,0
2665,2026-09-17 08:07:00,6,LINE_A,L,297.9,306.4,1606,29.1,76,0
2666,2026-09-17 08:10:00,11,LINE_B,H,297.4,308.3,1991,26.8,74,0
2667,2026-09-17 08:13:00,10,LINE_A,H,302.4,312.8,1302,53.5,80,0
2668,2026-09-17 08:14:00,10,LINE_A,L,298.1,308.1,1466,46.9,71,0
2669,2026-09-17 08:29:00,17,LINE_B,M,300.0,311.1,1480,38.5,118,0
2670,2026-09-17 08:56:00,15,LINE_B,L,301.9,311.6,1701,37.2,238,0
2671,2026-09-17 09:04:00,18,LINE_B,M,301.8,311.2,1364,32.6,28,0
2672,2026-09-17 09:12:00,8,LINE_A,L,301.6,313.0,1677,35.7,203,0
2673,2026-09-17 09:13:00,6,LINE_A,L,300.6,312.4,1644,25.2,20,0
2674,2026-09-17 09:32:00,9,LINE_A,L,301.4,310.8,1686,39.7,212,0
2675,2026-09-17 09:34:00,12,LINE_B,M,302.7,312.6,1683,26.8,128,0
2676,2026-09-17 09:39:00,7,LINE_A,M,300.9,311.9,1817,33.0,123,0
2677,2026-09-17 09:52:00,10,LINE_A,L,296.3,306.2,1531,42.8,83,0
2678,2026-09-17 09:52:00,4,LINE_A,H,298.9,309.5,1635,37.7,89,0
2679,2026-09-17 09:58:00,12,LINE_B,M,301.4,312.2,1407,38.9,79,0
2680,2026-09-17 10:07:00,15,LINE_B,L,298.7,308.2,1366,43.5,15,0
2681,2026-09-17 10:19:00,11,LINE_B,H,303.2,313.7,1858,39.9,81,0
2682,2026-09-17 10:21:00,18,LINE_B,H,299.9,309.9,1394,41.0,87,0
2683,2026-09-17 10:33:00,20,LINE_B,L,300.2,309.0,1655,36.7,72,0
2684,2026-09-17 10:44:00,19,LINE_B,M,302.2,311.3,1636,32.7,35,0
2685,2026-09-17 10:46:00,2,LINE_A,L,299.6,309.0,1751,41.8,136,0
2686,2026-09-17 10:53:00,18,LINE_B,M,300.4,311.3,1242,49.6,52,0
2687,2026-09-17 10:56:00,7,LINE_A,L,301.8,312.8,1700,29.1,153,0
2688,2026-09-17 11:07:00,10,LINE_A,M,297.1,307.8,1530,40.4,53,0
2689,2026-09-17 11:08:00,9,LINE_A,L,299.4,309.9,1432,41.3,52,0
2690,2026-09-17 11:14:00,6,LINE_A,M,301.7,312.1,1495,52.5,33,0
2691,2026-09-17 11:22:00,18,LINE_B,H,300.1,310.4,1727,34.0,63,0
2692,2026-09-17 11:27:00,13,LINE_B,L,302.9,313.3,1672,25.0,105,0
2693,2026-09-17 11:29:00,20,LINE_B,H,296.8,307.3,1517,44.7,1,0
2694,2026-09-17 11:35:00,20,LINE_B,H,296.6,305.2,1335,60.4,48,1
2695,2026-09-17 11:47:00,9,LINE_A,H,301.5,310.7,1348,55.3,76,0
2696,2026-09-17 12:17:00,15,LINE_B,L,301.7,310.7,1676,27.1,35,0
2697,2026-09-17 12:21:00,11,LINE_B,H,299.6,310.7,1310,44.7,23,0
2698,2026-09-17 12:22:00,10,LINE_A,L,300.8,312.5,1519,40.4,86,0
2699,2026-09-17 12:24:00,15,LINE_B,L,301.5,309.3,2023,25.4,222,0
2700,2026-09-17 12:28:00,14,LINE_B,H,298.4,309.9,1623,40.6,33,0
2701,2026-09-17 12:30:00,19,LINE_B,M,298.6,308.7,1674,33.2,121,0
2702,2026-09-17 12:49:00,16,LINE_B,M,300.4,311.4,1349,38.4,97,0
2703,2026-09-17 13:03:00,13,LINE_B,L,301.8,312.3,1319,54.2,238,1
2704,2026-09-17 13:21:00,19,LINE_B,H,297.7,309.1,1683,26.7,56,0
2705,2026-09-17 13:32:00,3,LINE_A,M,299.6,309.8,1489,35.1,46,0
2706,2026-09-17 13:33:00,16,LINE_B,L,299.5,308.1,1751,24.6,171,0
2707,2026-09-17 13:36:00,8,LINE_A,H,300.8,310.7,1566,44.1,8,0
2708,2026-09-17 13:43:00,9,LINE_A,L,300.0,310.5,2180,21.6,188,0
2709,2026-09-17 13:51:00,16,LINE_B,L,298.9,308.7,1455,49.6,56,0
2710,2026-09-17 13:52:00,6,LINE_A,M,302.5,313.2,1610,31.6,96,0
2711,2026-09-17 13:55:00,18,LINE_B,H,298.9,308.9,1397,34.3,56,0
2712,2026-09-17 13:59:00,10,LINE_A,L,299.4,308.8,1744,30.3,57,0
2713,2026-09-17 14:04:00,7,LINE_A,L,296.8,305.7,1637,35.6,115,0
2714,2026-09-17 14:04:00,7,LINE_A,L,298.6,308.2,1385,,120,0
2715,2026-09-17 14:10:00,9,LINE_A,H,301.0,311.2,1501,27.7,74,0
2716,2026-09-17 14:27:00,19,LINE_B,L,300.6,308.7,1805,35.9,111,0
2717,2026-09-17 14:31:00,3,LINE_A,M,301.2,310.4,1783,25.5,8,0
2718,2026-09-17 14:48:00,11,LINE_B,H,301.1,309.1,1303,41.9,7,1
2719,2026-09-17 14:52:00,17,LINE_B,L,304.2,313.6,1474,51.4,159,0
2720,2026-09-17 15:07:00,10,LINE_A,M,298.5,309.7,1886,12.2,128,1
2721,2026-09-17 15:08:00,12,LINE_B,M,296.8,305.6,1528,42.9,62,0
2722,2026-09-17 15:12:00,7,LINE_A,H,297.9,308.6,1591,41.0,8,0
2723,2026-09-17 15:14:00,3,LINE_A,L,298.6,311.4,1743,27.4,41,0
2724,2026-09-17 15:21:00,13,LINE_B,L,298.1,309.5,1318,43.1,234,0
2725,2026-09-17 15:30:00,19,LINE_B,L,300.2,310.3,1389,54.3,168,0
2726,2026-09-17 15:31:00,11,LINE_B,M,302.5,313.4,1500,56.9,4,0
2727,2026-09-17 15:34:00,9,LINE_A,M,303.1,311.7,1775,41.5,37,0
2728,2026-09-17 16:07:00,3,LINE_A,L,301.0,309.4,1742,49.0,175,0
2729,2026-09-17 16:15:00,19,LINE_B,L,304.3,314.3,1688,30.0,151,0
2730,2026-09-17 16:16:00,18,LINE_B,H,299.3,309.7,1533,27.6,28,0
2731,2026-09-17 16:20:00,19,LINE_B,L,296.7,307.8,1761,32.9,167,0
2732,2026-09-17 16:20:00,8,LINE_A,L,302.1,311.5,1531,46.7,217,0
2733,2026-09-17 16:27:00,13,LINE_B,M,296.3,306.5,1662,21.5,130,0
2734,2026-09-17 16:33:00,9,LINE_A,L,298.5,308.6,1722,27.1,197,0
2735,2026-09-17 16:40:00,5,LINE_A,L,301.0,310.9,1863,23.8,85,0
2736,2026-09-17 16:43:00,5,LINE_A,L,299.8,309.7,1548,42.6,6,0
2737,2026-09-17 16:45:00,8,LINE_A,L,299.6,308.8,1493,43.2,93,0
2738,2026-09-17 16:49:00,12,LINE_B,M,297.6,307.9,1791,26.3,3,0
2739,2026-09-17 16:50:00,3,LINE_A,M,300.0,310.2,1805,33.5,82,0
2740,2026-09-17 17:21:00,15,LINE_B,M,302.0,311.6,1460,33.2,86,0
2741,2026-09-17 17:23:00,10,LINE_A,L,300.0,310.7,1359,42.0,82,0
2742,2026-09-17 17:29:00,18,LINE_B,H,298.3,309.4,1777,22.8,14,0
2743,2026-09-17 17:34:00,6,LINE_A,L,297.5,308.2,1262,47.1,125,0
2744,2026-09-17 17:46:00,2,LINE_A,M,298.4,307.3,1253,42.2,2,0
2745,2026-09-17 17:49:00,7,LINE_A,L,300.8,310.9,1510,46.4,66,0
2746,2026-09-17 17:50:00,20,LINE_B,M,300.7,309.8,1558,39.2,139,0
2747,2026-09-17 18:22:00,7,LINE_A,L,298.4,308.5,1349,43.9,219,0
2748,2026-09-17 18:23:00,15,LINE_B,L,295.6,304.7,1580,52.9,151,0
2749,2026-09-17 18:24:00,17,LINE_B,L,300.8,312.1,1588,41.6,89,0
2750,2026-09-17 18:32:00,6,LINE_A,L,298.2,309.0,1454,39.6,2,0
2751,2026-09-17 18:55:00,13,LINE_B,L,301.4,312.5,1906,24.3,156,0
2752,2026-09-17 19:20:00,5,LINE_A,M,298.5,309.5,1617,28.2,70,0
2753,2026-09-17 19:25:00,8,LINE_A,H,298.0,307.8,1743,33.4,68,0
2754,2026-09-17 19:39:00,6,LINE_A,L,300.3,309.9,1278,50.3,37,0
2755,2026-09-17 19:49:00,14,LINE_B,H,304.7,316.5,1276,32.6,80,0
2756,2026-09-17 20:13:00,18,LINE_B,M,301.5,311.3,1623,26.6,116,0
2757,2026-09-17 20:22:00,6,LINE_A,H,300.3,308.9,1874,25.9,41,0
2758,2026-09-17 20:46:00,6,LINE_A,M,300.7,311.7,1358,36.7,4,0
2759,2026-09-17 20:47:00,17,LINE_B,M,296.5,306.6,1566,39.6,67,0
2760,2026-09-17 21:09:00,10,LINE_A,M,297.8,309.3,1318,48.1,53,0
2761,2026-09-17 21:12:00,11,LINE_B,M,295.0,305.2,1411,42.9,109,0
2762,2026-09-17 21:38:00,15,LINE_B,H,303.5,313.4,1575,43.4,23,0
2763,2026-09-17 21:53:00,3,LINE_A,L,303.1,314.6,1451,38.0,4,0
2764,2026-09-17 21:57:00,18,LINE_B,L,300.8,309.2,1305,46.7,235,1
2765,2026-09-17 21:58:00,8,LINE_A,L,300.3,309.7,1301,39.1,57,0
2766,2026-09-17 22:10:00,14,LINE_B,H,296.9,306.0,1201,52.5,7,0
2767,2026-09-17 22:14:00,9,LINE_A,L,299.6,307.4,1626,38.0,205,0
2768,2026-09-17 22:20:00,16,LINE_B,M,303.6,314.5,1648,27.2,103,0
2769,2026-09-17 22:22:00,13,LINE_B,H,300.3,309.7,1647,35.6,26,0
2770,2026-09-17 22:27:00,4,LINE_A,H,298.9,309.8,1376,44.6,46,0
2771,2026-09-17 22:36:00,4,LINE_A,L,296.5,306.9,1721,36.8,165,0
2772,2026-09-17 22:51:00,18,LINE_B,M,302.8,313.4,1667,38.7,117,0
2773,2026-09-17 22:53:00,11,LINE_B,H,299.9,309.4,1541,34.2,36,0
2774,2026-09-17 22:56:00,6,LINE_A,L,296.5,305.7,1512,47.0,51,0
2775,2026-09-17 22:57:00,3,LINE_A,M,298.2,308.2,1423,47.7,2,0
2776,2026-09-17 23:02:00,3,LINE_A,L,297.4,308.4,1575,33.2,205,0
2777,2026-09-17 23:09:00,19,LINE_B,M,299.7,309.7,1831,22.1,117,0
2778,2026-09-17 23:17:00,20,LINE_B,M,300.4,309.7,1745,28.7,137,0
2779,2026-09-17 23:19:00,8,LINE_A,L,299.0,307.8,1494,29.6,179,0
2780,2026-09-17 23:22:00,5,LINE_A,L,301.6,311.8,1637,38.8,51,0
2781,2026-09-17 23:31:00,9,LINE_A,L,300.2,309.6,1342,55.4,57,0
2782,2026-09-17 23:32:00,3,LINE_A,L,302.1,312.1,1671,47.4,58,0
2783,2026-09-17 23:52:00,11,LINE_B,M,299.3,309.0,1390,35.8,65,0
2784,2026-09-18 00:10:00,13,LINE_B,L,306.1,315.6,1664,42.6,231,0
2785,2026-09-18 00:22:00,20,LINE_B,L,298.9,309.2,2074,24.6,165,0
2786,2026-09-18 00:27:00,7,LINE_A,M,298.2,308.7,1437,23.9,62,0
2787,2026-09-18 00:36:00,4,LINE_A,M,297.9,309.9,2066,21.6,106,0
2788,2026-09-18 00:46:00,3,LINE_A,M,299.6,310.3,1628,33.8,120,0
2789,2026-09-18 01:00:00,8,LINE_A,H,296.6,308.2,1405,53.7,38,0
2790,2026-09-18 01:07:00,13,LINE_B,L,300.6,309.8,1397,37.3,202,0
2791,2026-09-18 01:13:00,2,LINE_A,H,296.2,304.6,1966,31.7,2,0
2792,2026-09-18 01:15:00,16,LINE_B,L,300.3,310.3,1629,36.5,74,0
2793,2026-09-18 01:21:00,10,LINE_A,M,297.3,308.2,1438,31.5,24,0
2794,2026-09-18 01:33:00,16,LINE_B,H,299.2,309.9,1503,36.7,17,0
2795,2026-09-18 01:33:00,10,LINE_A,H,301.2,312.4,1618,49.9,19,0
2796,2026-09-18 01:45:00,4,LINE_A,M,304.6,312.1,1538,38.7,52,0
2797,2026-09-18 02:14:00,1,LINE_A,M,297.8,309.1,1602,45.4,104,0
2798,2026-09-18 02:17:00,12,LINE_B,L,299.7,310.0,1859,,142,0
2799,2026-09-18 02:20:00,11,LINE_B,M,298.6,307.0,1337,42.5,63,1
2800,2026-09-18 02:29:00,17,LINE_B,M,298.3,309.0,1656,26.3,71,0
2801,2026-09-18 02:34:00,18,LINE_B,H,298.6,308.7,1527,31.2,17,0
2802,2026-09-18 02:55:00,4,LINE_A,L,301.6,312.0,1450,54.3,176,0
2803,2026-09-18 03:39:00,7,LINE_A,L,299.0,310.0,1733,35.4,181,0
2804,2026-09-18 03:51:00,5,LINE_A,M,304.5,314.9,1277,34.0,79,0
2805,2026-09-18 04:01:00,3,LINE_A,L,300.8,309.4,1150,58.4,195,1
2806,2026-09-18 04:16:00,1,LINE_A,L,298.0,307.8,1580,24.5,193,0
2807,2026-09-18 04:25:00,2,LINE_A,L,299.3,307.6,1515,34.1,193,0
2808,2026-09-18 04:26:00,11,LINE_B,M,298.4,309.0,1296,48.0,14,0
2809,2026-09-18 04:49:00,4,LINE_A,L,301.6,313.0,1232,69.4,20,0
2810,2026-09-18 04:51:00,4,LINE_A,L,296.7,305.5,1888,36.1,105,0
2811,2026-09-18 05:20:00,3,LINE_A,L,297.3,306.6,1623,33.6,13,0
2812,2026-09-18 05:24:00,15,LINE_B,H,298.8,307.9,1544,40.1,1,0
2813,2026-09-18 05:28:00,13,LINE_B,M,301.4,310.9,1935,35.5,19,0
2814,2026-09-18 05:34:00,20,LINE_B,L,302.5,312.9,1724,45.9,28,0
2815,2026-09-18 05:49:00,3,LINE_A,L,302.8,312.3,1858,28.5,78,0
2816,2026-09-18 05:50:00,5,LINE_A,M,301.1,311.7,1328,44.6,47,0
2817,2026-09-18 06:10:00,10,LINE_A,L,299.8,310.9,1321,39.9,196,0
2818,2026-09-18 06:14:00,13,LINE_B,M,301.6,312.7,1651,42.0,130,0
2819,2026-09-18 06:35:00,3,LINE_A,L,297.7,306.6,1615,46.0,40,0
2820,2026-09-18 07:06:00,5,LINE_A,H,296.3,307.7,1765,17.7,36,1
2821,2026-09-18 07:26:00,9,LINE_A,L,300.9,312.3,1246,45.6,121,0
2822,2026-09-18 07:31:00,1,LINE_A,M,298.0,309.5,1667,26.5,39,0
2823,2026-09-18 07:42:00,8,LINE_A,L,299.9,309.7,1718,35.9,79,0
2824,2026-09-18 07:49:00,16,LINE_B,H,300.2,309.5,1709,25.0,64,0
2825,2026-09-18 07:59:00,11,LINE_B,H,300.5,309.5,1467,31.6,41,0
2826,2026-09-18 08:00:00,9,LINE_A,M,301.9,310.8,1633,46.2,101,0
2827,2026-09-18 08:01:00,10,LINE_A,L,301.7,311.7,1400,42.9,17,0
2828,2026-09-18 08:01:00,19,LINE_B,L,300.4,311.2,1487,41.1,115,0
2829,2026-09-18 08:23:00,11,LINE_B,H,299.1,310.4,1352,49.1,30,0
2830,2026-09-18 08:30:00,11,LINE_B,M,300.2,309.7,1403,51.9,41,0
2831,2026-09-18 08:36:00,19,LINE_B,L,298.8,308.8,1497,38.0,112,0
2832,2026-09-18 09:11:00,4,LINE_A,L,299.6,309.5,1452,39.5,72,0
2833,2026-09-18 09:17:00,2,LINE_A,L,305.2,314.6,1403,41.0,181,0
2834,2026-09-18 09:17:00,9,LINE_A,H,300.4,311.1,1306,55.7,18,0
2835,2026-09-18 09:22:00,7,LINE_A,M,300.9,311.3,1893,28.9,128,0
2836,2026-09-18 09:27:00,5,LINE_A,M,298.6,308.7,1450,40.4,52,0
2837,2026-09-18 09:29:00,3,LINE_A,M,302.0,312.4,1599,41.3,76,0
2838,2026-09-18 09:34:00,18,LINE_B,L,301.5,312.1,1223,64.1,40,0
2839,2026-09-18 09:43:00,13,LINE_B,L,301.5,312.1,1784,33.3,220,0
2840,2026-09-18 09:47:00,14,LINE_B,L,300.4,309.6,1570,36.9,154,0
2841,2026-09-18 10:02:00,3,LINE_A,M,302.1,313.0,1460,57.9,110,0
2842,2026-09-18 10:11:00,7,LINE_A,L,302.5,312.8,1462,53.0,214,1
2843,2026-09-18 10:42:00,13,LINE_B,L,300.6,310.1,1696,44.8,238,0
2844,2026-09-18 10:46:00,11,LINE_B,L,299.8,310.0,1150,47.7,61,0
2845,2026-09-18 11:16:00,14,LINE_B,L,301.8,312.1,1392,39.7,78,0
2846,2026-09-18 11:30:00,14,LINE_B,M,298.2,309.3,1519,26.0,35,0
2847,2026-09-18 11:31:00,9,LINE_A,L,298.6,307.5,1516,48.4,120,0
2848,2026-09-18 11:39:00,16,LINE_B,L,299.9,311.2,1991,27.1,215,0
2849,2026-09-18 11:41:00,6,LINE_A,M,296.5,306.5,1479,27.4,106,0
2850,2026-09-18 11:44:00,2,LINE_A,L,301.7,311.1,1718,44.3,136,0
2851,2026-09-18 11:46:00,19,LINE_B,L,298.1,307.5,1866,27.5,113,0
2852,2026-09-18 11:54:00,1,LINE_A,L,299.1,308.1,1661,34.7,175,0
2853,2026-09-18 12:09:00,6,LINE_A,H,299.6,307.8,1419,31.5,45,0
2854,2026-09-18 12:11:00,3,LINE_A,L,300.1,310.8,1309,50.9,213,0
2855,2026-09-18 12:34:00,5,LINE_A,M,299.3,311.3,1674,40.0,80,0
2856,2026-09-18 12:41:00,8,LINE_A,H,299.9,308.2,1836,30.7,64,0
2857,2026-09-18 12:59:00,3,LINE_A,M,299.9,308.9,1638,33.7,98,0
2858,2026-09-18 13:01:00,10,LINE_A,L,299.1,309.9,1762,54.4,178,1
2859,2026-09-18 13:01:00,19,LINE_B,M,298.5,308.4,2007,16.4,68,1
2860,2026-09-18 13:08:00,3,LINE_A,L,302.2,313.0,1691,29.7,92,0
2861,2026-09-18 13:23:00,19,LINE_B,L,295.8,305.7,1342,51.6,99,0
2862,2026-09-18 13:31:00,9,LINE_A,M,299.6,309.0,1549,31.6,135,0
2863,2026-09-18 13:56:00,12,LINE_B,L,299.1,308.8,1787,23.9,26,0
2864,2026-09-18 14:09:00,9,LINE_A,L,300.8,308.5,1495,50.4,168,0
2865,2026-09-18 14:12:00,7,LINE_A,L,297.1,305.9,1811,36.7,230,0
2866,2026-09-18 14:30:00,3,LINE_A,L,299.0,309.9,1528,44.2,17,0
2867,2026-09-18 14:31:00,12,LINE_B,L,299.8,311.0,1600,39.6,148,0
2868,2026-09-18 15:08:00,19,LINE_B,M,302.1,313.5,1477,36.4,85,0
2869,2026-09-18 15:24:00,11,LINE_B,H,300.7,311.1,1569,37.1,32,0
2870,2026-09-18 16:04:00,12,LINE_B,L,297.6,305.4,1578,38.2,22,0
2871,2026-09-18 16:24:00,13,LINE_B,M,299.0,308.4,1250,55.5,97,0
2872,2026-09-18 16:30:00,8,LINE_A,L,301.8,313.1,1461,45.8,125,0
2873,2026-09-18 16:50:00,3,LINE_A,L,297.6,309.2,1318,39.2,180,0
2874,2026-09-18 16:53:00,11,LINE_B,L,299.8,311.2,1467,48.5,21,0
2875,2026-09-18 17:04:00,18,LINE_B,L,300.0,309.7,1397,30.9,224,0
2876,2026-09-18 17:13:00,7,LINE_A,L,299.2,307.9,1722,32.0,150,0
2877,2026-09-18 17:22:00,18,LINE_B,L,305.4,315.4,1724,25.3,106,0
2878,2026-09-18 17:25:00,18,LINE_B,L,299.2,309.2,1641,30.1,109,0
2879,2026-09-18 17:37:00,5,LINE_A,M,300.9,312.5,1312,62.3,137,0
2880,2026-09-18 17:57:00,12,LINE_B,L,298.5,308.7,1522,28.8,132,0
2881,2026-09-18 18:07:00,15,LINE_B,L,301.1,311.1,1298,40.7,139,0
2882,2026-09-18 18:14:00,10,LINE_A,L,301.7,311.8,1513,44.9,155,0
2883,2026-09-18 18:26:00,14,LINE_B,M,298.8,309.2,1657,32.7,45,0
2884,2026-09-18 18:29:00,19,LINE_B,L,299.9,310.5,1719,35.9,60,0
2885,2026-09-18 18:31:00,13,LINE_B,M,298.2,307.5,1625,48.9,108,0
2886,2026-09-18 18:53:00,17,LINE_B,L,297.7,306.7,1767,38.4,76,0
2887,2026-09-18 19:05:00,17,LINE_B,L,302.1,313.4,1587,34.8,8,0
2888,2026-09-18 19:30:00,17,LINE_B,H,298.9,307.3,1498,40.2,46,0
2889,2026-09-18 19:36:00,18,LINE_B,L,295.2,306.8,1697,39.5,2,0
2890,2026-09-18 19:48:00,5,LINE_A,L,303.5,311.6,1703,40.2,135,0
2891,2026-09-18 19:51:00,1,LINE_A,L,298.4,307.8,1446,43.0,154,0
2892,2026-09-18 20:05:00,4,LINE_A,H,299.5,310.5,1608,40.8,88,0
2893,2026-09-18 20:06:00,5,LINE_A,M,303.3,313.3,1487,44.5,87,0
2894,2026-09-18 20:31:00,14,LINE_B,M,299.7,308.4,1178,50.1,50,0
2895,2026-09-18 20:32:00,11,LINE_B,H,299.7,310.1,1619,32.8,62,0
2896,2026-09-18 20:44:00,10,LINE_A,L,297.5,307.6,1307,52.9,142,0
2897,2026-09-18 20:56:00,1,LINE_A,H,296.7,306.5,1599,40.6,71,0
2898,2026-09-18 21:07:00,14,LINE_B,L,299.7,309.0,1264,31.6,221,0
2899,2026-09-18 21:17:00,8,LINE_A,M,300.7,310.7,1410,37.3,14,0
2900,2026-09-18 21:26:00,16,LINE_B,L,300.6,310.0,1462,38.5,172,0
2901,2026-09-18 21:34:00,3,LINE_A,L,299.0,311.5,1756,31.9,193,0
2902,2026-09-18 21:40:00,6,LINE_A,H,300.0,309.8,1444,52.5,31,0
2903,2026-09-18 21:44:00,2,LINE_A,L,296.3,306.0,1347,,96,1
2904,2026-09-18 21:50:00,6,LINE_A,H,300.9,310.4,1606,18.4,40,1
2905,2026-09-18 21:53:00,19,LINE_B,L,300.3,312.1,1501,43.6,89,0
2906,2026-09-18 21:55:00,10,LINE_A,M,303.9,312.3,1682,36.3,126,0
2907,2026-09-18 21:56:00,9,LINE_A,H,300.0,310.4,1358,44.0,31,0
2908,2026-09-18 21:57:00,6,LINE_A,L,298.1,307.9,1578,43.2,105,0
2909,2026-09-18 22:05:00,6,LINE_A,H,299.9,308.5,1985,27.9,56,0
2910,2026-09-18 22:19:00,14,LINE_B,M,299.3,308.5,1497,38.4,36,0
2911,2026-09-18 22:21:00,20,LINE_B,M,300.9,311.2,1574,39.2,100,0
2912,2026-09-18 22:26:00,15,LINE_B,L,300.1,309.2,1241,53.4,125,0
2913,2026-09-18 22:26:00,15,LINE_B,M,297.5,307.7,1386,48.3,24,0
2914,2026-09-18 22:30:00,10,LINE_A,M,296.7,308.5,1623,39.0,26,0
2915,2026-09-18 22:30:00,2,LINE_A,L,300.5,310.7,1481,37.1,6,0
2916,2026-09-18 22:35:00,15,LINE_B,L,302.8,311.3,1651,59.2,139,1
2917,2026-09-18 22:35:00,17,LINE_B,L,300.2,309.3,1616,40.6,192,0
2918,2026-09-18 22:37:00,11,LINE_B,H,301.6,311.3,1303,53.2,95,0
2919,2026-09-18 22:38:00,2,LINE_A,L,302.0,311.7,1723,30.5,158,0
2920,2026-09-18 22:42:00,15,LINE_B,M,300.5,310.7,1316,48.2,139,0
2921,2026-09-18 23:11:00,19,LINE_B,H,298.4,308.7,1402,45.6,95,0
2922,2026-09-18 23:11:00,5,LINE_A,L,300.4,312.1,1581,23.5,147,0
2923,2026-09-18 23:14:00,4,LINE_A,L,302.4,312.4,1822,25.8,90,0
2924,2026-09-18 23:17:00,15,LINE_B,M,301.1,309.9,1359,,127,0
2925,2026-09-18 23:23:00,7,LINE_A,L,301.5,312.7,1567,34.4,151,0
2926,2026-09-18 23:32:00,15,LINE_B,M,299.1,310.3,1568,30.6,117,0
2927,2026-09-18 23:40:00,15,LINE_B,M,299.6,309.8,1658,36.8,32,0
2928,2026-09-18 23:43:00,6,LINE_A,M,299.8,309.5,1753,44.8,137,0
2929,2026-09-18 23:48:00,1,LINE_A,L,299.9,310.5,1467,43.2,103,0
2930,2026-09-18 23:52:00,12,LINE_B,M,302.3,312.1,1722,25.1,125,0
2931,2026-09-18 23:55:00,9,LINE_A,M,295.3,303.2,1779,24.6,54,0
2932,2026-09-18 23:56:00,18,LINE_B,L,300.1,310.6,1861,27.4,215,0
2933,2026-09-18 23:59:00,8,LINE_A,M,299.8,310.7,1630,26.0,97,0
2934,2026-09-19 00:06:00,5,LINE_A,H,297.3,308.7,1568,41.6,22,0
2935,2026-09-19 00:13:00,18,LINE_B,M,301.3,310.6,1455,53.4,21,0
2936,2026-09-19 00:16:00,15,LINE_B,L,298.6,308.8,1277,43.3,37,0
2937,2026-09-19 00:22:00,13,LINE_B,L,299.3,309.5,1490,42.1,89,0
2938,2026-09-19 00:24:00,20,LINE_B,L,303.7,313.8,1560,36.0,10,0
2939,2026-09-19 00:24:00,16,LINE_B,L,302.0,312.1,1520,35.6,131,0
2940,2026-09-19 00:35:00,18,LINE_B,L,301.1,311.2,1648,38.3,158,0
2941,2026-09-19 00:35:00,16,LINE_B,H,300.8,311.0,1278,42.5,71,0
2942,2026-09-19 00:41:00,9,LINE_A,L,299.7,310.4,1507,34.5,224,0
2943,2026-09-19 00:41:00,2,LINE_A,H,304.0,315.2,1899,16.3,77,1
2944,2026-09-19 00:52:00,13,LINE_B,L,301.6,310.8,1719,35.1,238,0
2945,2026-09-19 01:02:00,16,LINE_B,L,298.5,308.3,1651,45.2,144,0
2946,2026-09-19 01:02:00,20,LINE_B,L,297.2,306.8,1610,43.5,204,0
2947,2026-09-19 01:04:00,14,LINE_B,L,301.1,310.6,1474,53.9,185,0
2948,2026-09-19 01:26:00,12,LINE_B,M,299.9,308.3,1224,44.1,119,1
2949,2026-09-19 01:32:00,12,LINE_B,H,297.1,307.2,1622,44.3,39,0
2950,2026-09-19 01:34:00,3,LINE_A,H,300.9,311.3,1150,42.9,50,0
2951,2026-09-19 01:34:00,1,LINE_A,L,299.5,309.3,1481,47.4,219,0
2952,2026-09-19 01:59:00,1,LINE_A,M,301.1,311.1,1539,53.2,65,0
2953,2026-09-19 01:59:00,19,LINE_B,L,300.9,311.3,1460,46.4,145,0
2954,2026-09-19 02:20:00,16,LINE_B,H,298.8,310.2,1931,41.6,61,0
2955,2026-09-19 02:21:00,6,LINE_A,M,301.3,310.8,1868,25.4,26,0
2956,2026-09-19 02:23:00,9,LINE_A,L,299.0,307.8,1726,33.3,5,0
2957,2026-09-19 02:26:00,10,LINE_A,L,299.1,309.0,1373,37.7,166,0
2958,2026-09-19 02:39:00,5,LINE_A,L,298.9,310.8,1886,29.9,190,0
2959,2026-09-19 03:16:00,9,LINE_A,L,302.3,311.1,1651,38.8,139,0
2960,2026-09-19 03:37:00,7,LINE_A,H,299.4,310.1,1370,45.3,63,0
2961,2026-09-19 03:37:00,14,LINE_B,M,302.7,313.9,1546,36.0,10,0
2962,2026-09-19 03:51:00,16,LINE_B,H,303.6,311.2,1713,30.9,16,0
2963,2026-09-19 03:52:00,2,LINE_A,L,298.5,308.9,1432,46.0,177,0
2964,2026-09-19 03:54:00,10,LINE_A,M,294.2,304.8,1565,38.0,91,0
2965,2026-09-19 04:00:00,20,LINE_B,L,302.1,311.8,1597,29.1,47,0
2966,2026-09-19 04:19:00,18,LINE_B,M,299.3,308.7,1342,30.8,86,0
2967,2026-09-19 04:20:00,16,LINE_B,L,298.3,307.7,1491,36.7,8,0
2968,2026-09-19 04:21:00,15,LINE_B,L,298.8,308.5,1355,34.5,189,0
2969,2026-09-19 04:32:00,1,LINE_A,M,299.2,308.9,1696,28.6,4,0
2970,2026-09-19 04:33:00,20,LINE_B,L,302.6,312.1,1377,41.5,200,0
2971,2026-09-19 04:48:00,15,LINE_B,L,300.3,310.0,1593,37.3,53,0
2972,2026-09-19 04:49:00,18,LINE_B,M,302.6,313.8,1290,42.2,36,0
2973,2026-09-19 05:01:00,19,LINE_B,L,301.0,309.8,1336,63.7,222,1
2974,2026-09-19 05:04:00,6,LINE_A,H,299.4,307.6,1327,36.3,78,1
2975,2026-09-19 05:17:00,1,LINE_A,M,299.2,310.4,1488,51.2,48,0
2976,2026-09-19 05:32:00,14,LINE_B,H,301.1,310.9,1572,37.7,17,0
2977,2026-09-19 05:39:00,10,LINE_A,M,301.6,311.3,1606,32.8,16,0
2978,2026-09-19 05:40:00,1,LINE_A,M,302.0,311.9,1221,54.3,56,0
2979,2026-09-19 05:46:00,6,LINE_A,M,299.5,309.7,1510,37.3,83,0
2980,2026-09-19 05:57:00,20,LINE_B,H,300.4,309.8,1405,37.6,47,0
2981,2026-09-19 06:02:00,8,LINE_A,M,301.2,311.7,1636,51.4,129,0
2982,2026-09-19 06:09:00,6,LINE_A,L,299.2,308.3,1492,23.9,193,0
2983,2026-09-19 06:10:00,14,LINE_B,L,297.7,307.4,1525,38.5,62,0
2984,2026-09-19 06:19:00,14,LINE_B,M,298.4,306.2,1406,45.5,130,0
2985,2026-09-19 06:27:00,7,LINE_A,L,299.5,310.7,1850,42.0,110,0
2986,2026-09-19 06:40:00,17,LINE_B,L,301.3,311.1,1309,43.7,4,0
2987,2026-09-19 06:41:00,12,LINE_B,L,302.5,313.2,1468,63.4,204,1
2988,2026-09-19 06:45:00,4,LINE_A,M,297.3,307.8,1559,45.5,106,0
2989,2026-09-19 06:49:00,7,LINE_A,L,298.8,309.4,1495,22.4,85,0
2990,2026-09-19 07:10:00,17,LINE_B,M,299.3,309.3,1402,32.5,126,0
2991,2026-09-19 07:10:00,2,LINE_A,M,301.6,312.0,1214,51.7,130,0
2992,2026-09-19 07:22:00,1,LINE_A,H,298.9,308.0,1416,34.6,92,0
2993,2026-09-19 07:40:00,14,LINE_B,L,299.1,308.0,1367,49.6,219,0
2994,2026-09-19 07:44:00,9,LINE_A,M,297.2,307.1,1842,27.3,38,0
2995,2026-09-19 07:50:00,6,LINE_A,M,301.0,310.3,1948,18.2,80,0
2996,2026-09-19 07:52:00,10,LINE_A,L,299.7,311.1,1531,32.6,41,0
2997,2026-09-19 07:55:00,4,LINE_A,M,298.7,309.1,1287,54.4,98,0
2998,2026-09-19 08:04:00,8,LINE_A,L,299.5,308.8,1673,19.8,119,1
2999,2026-09-19 08:19:00,5,LINE_A,H,302.3,312.0,1363,53.7,84,0
3000,2026-09-19 08:20:00,12,LINE_B,L,298.0,308.1,1441,51.6,216,1
3001,2026-09-19 08:27:00,14,LINE_B,H,298.3,308.2,1427,40.7,30,0
3002,2026-09-19 08:29:00,19,LINE_B,M,302.5,312.8,1450,31.5,45,0
3003,2026-09-19 08:32:00,2,LINE_A,L,300.2,310.2,1476,46.4,7,0
3004,2026-09-19 08:46:00,7,LINE_A,M,301.3,309.9,1304,43.2,73,0
3005,2026-09-19 08:48:00,6,LINE_A,L,300.8,308.7,1414,31.7,92,0
3006,2026-09-19 09:01:00,12,LINE_B,M,299.9,309.6,1724,49.8,143,0
3007,2026-09-19 09:03:00,11,LINE_B,M,299.3,309.9,1534,33.1,118,0
3008,2026-09-19 09:21:00,18,LINE_B,L,301.7,311.3,1563,27.5,109,0
3009,2026-09-19 09:21:00,19,LINE_B,L,302.3,313.6,1150,54.0,136,0
3010,2026-09-19 09:45:00,16,LINE_B,M,302.2,312.1,1711,34.3,90,0
3011,2026-09-19 09:48:00,4,LINE_A,L,297.6,309.0,1417,55.6,216,1
3012,2026-09-19 09:49:00,1,LINE_A,H,302.6,313.8,1742,30.9,95,0
3013,2026-09-19 10:01:00,18,LINE_B,M,299.3,310.3,1568,36.2,60,0
3014,2026-09-19 10:09:00,19,LINE_B,M,298.5,307.3,1439,45.7,53,0
3015,2026-09-19 10:15:00,6,LINE_A,L,299.7,309.7,1238,50.7,171,0
3016,2026-09-19 10:21:00,1,LINE_A,M,301.7,312.9,1931,30.1,39,0
3017,2026-09-19 10:32:00,14,LINE_B,H,301.1,311.4,1685,37.8,13,0
3018,2026-09-19 10:41:00,12,LINE_B,L,299.5,310.0,1695,36.7,67,0
3019,2026-09-19 10:42:00,18,LINE_B,L,301.7,310.3,1867,26.8,75,0
3020,2026-09-19 11:01:00,12,LINE_B,L,300.3,312.2,1580,45.5,148,0
3021,2026-09-19 11:09:00,16,LINE_B,L,298.9,308.1,1783,29.8,176,0
3022,2026-09-19 11:19:00,16,LINE_B,M,298.6,306.6,1454,49.0,23,0
3023,2026-09-19 11:20:00,1,LINE_A,L,300.8,310.5,1673,47.1,10,0
3024,2026-09-19 11:22:00,3,LINE_A,M,299.8,307.4,1427,38.0,23,0
3025,2026-09-19 11:30:00,16,LINE_B,L,297.2,306.2,1449,62.0,218,1
3026,2026-09-19 11:35:00,4,LINE_A,L,301.7,314.3,1557,33.8,62,0
3027,2026-09-19 11:40:00,5,LINE_A,L,299.0,308.7,1312,41.2,126,0
3028,2026-09-19 11:53:00,16,LINE_B,H,303.2,311.8,1599,42.5,52,0
3029,2026-09-19 11:58:00,5,LINE_A,M,297.2,307.2,1484,45.2,40,0
3030,2026-09-19 12:05:00,3,LINE_A,L,299.6,308.7,1182,51.3,202,0
3031,2026-09-19 12:16:00,1,LINE_A,M,298.6,309.5,1458,49.0,9,0
3032,2026-09-19 12:19:00,10,LINE_A,L,298.0,307.2,1478,43.9,127,0
3033,2026-09-19 12:19:00,13,LINE_B,L,299.0,309.3,1694,51.9,99,1
3034,2026-09-19 12:20:00,15,LINE_B,L,303.5,312.4,1591,38.0,187,0
3035,2026-09-19 12:22:00,19,LINE_B,H,300.3,312.9,1801,25.3,19,0
3036,2026-09-19 12:27:00,14,LINE_B,M,298.4,308.9,1634,32.8,137,0
3037,2026-09-19 12:30:00,16,LINE_B,M,296.3,306.2,1440,46.8,114,0
3038,2026-09-19 12:31:00,5,LINE_A,L,296.6,306.3,1529,44.2,177,0
3039,2026-09-19 12:33:00,7,LINE_A,L,298.9,308.4,1477,43.5,118,0
3040,2026-09-19 12:36:00,7,LINE_A,M,298.7,308.0,1628,30.6,92,0
3041,2026-09-19 12:39:00,2,LINE_A,L,299.6,308.8,1551,48.5,49,0
3042,2026-09-19 13:22:00,20,LINE_B,H,295.5,307.1,1427,58.9,0,0
3043,2026-09-19 13:25:00,5,LINE_A,M,299.8,309.3,1542,40.2,107,0
3044,2026-09-19 13:26:00,9,LINE_A,L,302.1,309.9,1623,52.0,107,0
3045,2026-09-19 13:33:00,8,LINE_A,M,303.2,312.1,1359,52.4,50,0
3046,2026-09-19 14:16:00,1,LINE_A,H,296.2,307.1,1597,56.0,26,1
3047,2026-09-19 14:19:00,19,LINE_B,L,298.4,308.1,1256,52.3,148,0
3048,2026-09-19 14:33:00,5,LINE_A,M,298.3,308.2,1739,35.1,73,0
3049,2026-09-19 15:03:00,3,LINE_A,H,300.3,311.5,1635,43.9,65,0
3050,2026-09-19 15:09:00,7,LINE_A,L,297.6,306.8,1833,27.7,228,1
3051,2026-09-19 15:11:00,3,LINE_A,H,303.4,314.0,1339,49.3,80,0
3052,2026-09-19 15:13:00,20,LINE_B,L,300.1,309.4,1744,44.5,76,0
3053,2026-09-19 15:25:00,4,LINE_A,M,299.8,310.3,1708,41.5,35,0
3054,2026-09-19 15:55:00,7,LINE_A,M,303.2,312.8,1507,40.7,23,0
3055,2026-09-19 15:59:00,6,LINE_A,M,300.0,309.7,1472,43.6,82,0
3056,2026-09-19 16:06:00,1,LINE_A,L,300.8,311.6,1345,51.9,198,0
3057,2026-09-19 16:10:00,1,LINE_A,M,298.5,309.2,1298,53.1,36,0
3058,2026-09-19 16:18:00,11,LINE_B,L,297.3,307.1,1405,50.1,237,1
3059,2026-09-19 16:22:00,5,LINE_A,L,298.8,308.3,1314,49.5,103,0
3060,2026-09-19 16:25:00,2,LINE_A,L,304.4,316.0,1827,24.8,187,0
3061,2026-09-19 16:29:00,6,LINE_A,M,301.3,311.9,1270,42.8,43,0
3062,2026-09-19 16:32:00,6,LINE_A,L,300.5,310.2,1567,42.9,33,0
3063,2026-09-19 16:42:00,9,LINE_A,L,298.0,307.4,1618,44.3,123,0
3064,2026-09-19 16:59:00,20,LINE_B,H,301.8,312.8,1604,43.7,53,0
3065,2026-09-19 17:06:00,7,LINE_A,L,297.3,307.4,1620,32.2,114,0
3066,2026-09-19 17:06:00,15,LINE_B,L,296.9,306.7,1710,33.7,97,0
3067,2026-09-19 17:10:00,16,LINE_B,L,298.9,309.0,1460,33.0,155,0
3068,2026-09-19 17:29:00,2,LINE_A,L,303.9,314.2,1556,28.4,152,0
3069,2026-09-19 17:35:00,11,LINE_B,M,303.8,313.7,1487,42.2,22,0
3070,2026-09-19 17:38:00,9,LINE_A,L,299.1,310.3,1774,43.8,160,0
3071,2026-09-19 17:54:00,11,LINE_B,L,298.7,309.9,1918,29.5,79,0
3072,2026-09-19 17:59:00,4,LINE_A,H,296.7,307.3,1325,61.7,77,0
3073,2026-09-19 18:04:00,10,LINE_A,H,300.2,311.5,1174,49.7,48,0
3074,2026-09-19 18:14:00,3,LINE_A,M,300.3,310.3,1642,37.2,34,0
3075,2026-09-19 18:14:00,19,LINE_B,H,301.6,312.3,1733,26.3,17,0
3076,2026-09-19 18:27:00,12,LINE_B,H,301.8,312.8,1892,26.7,92,0
3077,2026-09-19 18:35:00,1,LINE_A,L,299.6,310.6,1673,26.5,172,0
3078,2026-09-19 18:58:00,11,LINE_B,M,301.1,312.0,1791,20.1,31,0
3079,2026-09-19 19:05:00,19,LINE_B,M,298.6,309.2,1839,21.7,72,0
3080,2026-09-19 19:10:00,15,LINE_B,L,301.1,313.0,1804,32.8,29,0
3081,2026-09-19 19:13:00,6,LINE_A,L,299.0,308.4,1699,,200,0
3082,2026-09-19 19:13:00,18,LINE_B,L,300.9,310.8,1309,42.9,198,0
3083,2026-09-19 19:20:00,4,LINE_A,M,300.8,310.5,1538,43.3,115,0
3084,2026-09-19 19:22:00,5,LINE_A,M,300.1,309.8,1594,26.0,67,0
3085,2026-09-19 19:24:00,4,LINE_A,M,301.6,309.6,1522,41.2,23,0
3086,2026-09-19 19:27:00,19,LINE_B,L,296.9,308.2,1533,47.0,117,0
3087,2026-09-19 19:28:00,15,LINE_B,L,297.9,306.8,1822,39.0,122,0
3088,2026-09-19 19:43:00,11,LINE_B,L,299.5,309.6,1404,48.2,76,0
3089,2026-09-19 19:55:00,14,LINE_B,M,297.1,305.7,1684,35.3,54,0
3090,2026-09-19 20:01:00,6,LINE_A,H,299.2,309.8,1597,33.3,4,0
3091,2026-09-19 20:06:00,2,LINE_A,H,299.3,308.5,1386,,50,0
3092,2026-09-19 20:37:00,17,LINE_B,H,302.6,311.5,1346,59.0,18,0
3093,2026-09-19 20:37:00,20,LINE_B,H,300.3,310.5,1234,51.4,80,0
3094,2026-09-19 20:40:00,1,LINE_A,H,302.1,311.4,1627,36.5,73,0
3095,2026-09-19 20:44:00,2,LINE_A,L,300.6,310.0,1529,44.9,144,0
3096,2026-09-19 20:47:00,12,LINE_B,L,298.9,309.1,1391,44.9,53,0
3097,2026-09-19 21:05:00,1,LINE_A,L,300.3,311.1,1202,51.9,160,0
3098,2026-09-19 21:19:00,15,LINE_B,L,301.5,310.6,1618,35.7,238,1
3099,2026-09-19 21:35:00,19,LINE_B,L,302.4,311.4,1509,37.6,151,0
3100,2026-09-19 21:35:00,6,LINE_A,L,299.7,309.8,1412,51.8,188,0
3101,2026-09-19 21:37:00,6,LINE_A,H,296.7,307.2,1366,29.6,86,0
3102,2026-09-19 21:39:00,18,LINE_B,L,296.6,308.0,1497,45.1,203,0
3103,2026-09-19 21:56:00,8,LINE_A,H,299.3,308.3,1625,33.6,15,0
3104,2026-09-19 22:00:00,5,LINE_A,M,295.3,305.0,1481,26.5,125,0
3105,2026-09-19 22:07:00,2,LINE_A,M,303.6,314.8,1326,38.6,110,0
3106,2026-09-19 22:17:00,17,LINE_B,M,301.2,313.2,1530,40.0,103,0
3107,2026-09-19 22:17:00,19,LINE_B,L,298.7,307.7,1728,35.2,54,0
3108,2026-09-19 22:37:00,2,LINE_A,M,297.8,307.0,1547,45.7,67,0
3109,2026-09-19 22:44:00,17,LINE_B,L,302.1,312.4,1552,46.1,216,0
3110,2026-09-19 23:13:00,4,LINE_A,H,297.8,307.2,1481,29.4,88,0
3111,2026-09-19 23:15:00,3,LINE_A,L,298.0,307.2,1380,47.8,27,0
3112,2026-09-19 23:23:00,8,LINE_A,L,298.5,308.7,1374,50.8,102,0
3113,2026-09-19 23:23:00,9,LINE_A,M,300.2,311.8,1241,50.7,87,0
3114,2026-09-19 23:25:00,18,LINE_B,M,301.2,309.9,1753,37.6,13,0
3115,2026-09-19 23:55:00,14,LINE_B,L,302.4,313.9,1623,22.0,59,0
3116,2026-09-19 23:59:00,3,LINE_A,M,302.1,311.5,1555,31.6,86,0
3117,2026-09-20 00:10:00,12,LINE_B,L,300.0,310.3,1593,49.3,157,0
3118,2026-09-20 00:29:00,18,LINE_B,M,302.0,313.6,1601,35.9,15,0
3119,2026-09-20 00:32:00,14,LINE_B,L,298.7,309.0,1408,61.8,101,1
3120,2026-09-20 00:42:00,5,LINE_A,L,296.4,306.1,1481,31.5,157,0
3121,2026-09-20 00:43:00,3,LINE_A,L,298.7,309.4,1455,55.1,237,1
3122,2026-09-20 00:47:00,10,LINE_A,L,298.4,308.2,1992,21.6,239,0
3123,2026-09-20 00:55:00,10,LINE_A,L,298.7,309.3,1724,41.4,74,0
3124,2026-09-20 01:02:00,8,LINE_A,L,298.1,307.9,1570,36.7,162,0
3125,2026-09-20 02:00:00,3,LINE_A,L,299.1,309.9,1786,33.5,132,0
3126,2026-09-20 02:06:00,3,LINE_A,L,301.2,309.8,1763,38.1,50,0
3127,2026-09-20 02:16:00,11,LINE_B,M,303.4,312.4,1292,42.5,73,0
3128,2026-09-20 02:41:00,19,LINE_B,L,296.5,305.1,1500,47.6,33,0
3129,2026-09-20 03:04:00,12,LINE_B,M,297.4,307.4,1537,38.0,17,0
3130,2026-09-20 03:12:00,9,LINE_A,H,298.4,306.9,1650,38.1,34,0
3131,2026-09-20 03:35:00,19,LINE_B,L,301.5,310.8,1500,20.0,62,1
3132,2026-09-20 03:36:00,14,LINE_B,H,299.6,308.5,1522,37.8,14,0
3133,2026-09-20 03:38:00,15,LINE_B,L,298.6,310.0,1457,52.6,12,0
3134,2026-09-20 03:41:00,12,LINE_B,L,301.4,310.4,1729,39.9,136,0
3135,2026-09-20 03:51:00,16,LINE_B,M,301.9,310.6,1280,54.9,1,0
3136,2026-09-20 03:51:00,11,LINE_B,M,300.0,310.2,1463,42.7,112,0
3137,2026-09-20 03:59:00,13,LINE_B,H,298.4,310.1,1208,63.4,7,0
3138,2026-09-20 04:33:00,13,LINE_B,L,300.5,310.4,1355,47.9,157,0
3139,2026-09-20 04:43:00,16,LINE_B,M,299.5,309.5,1597,33.0,21,0
3140,2026-09-20 04:48:00,18,LINE_B,L,299.5,310.8,1601,45.0,148,0
3141,2026-09-20 04:53:00,6,LINE_A,L,299.0,309.9,1484,49.1,34,0
3142,2026-09-20 05:09:00,14,LINE_B,L,301.8,312.3,1742,39.0,104,0
3143,2026-09-20 05:29:00,1,LINE_A,H,300.5,309.9,1784,29.5,63,0
3144,2026-09-20 05:33:00,11,LINE_B,L,302.1,312.5,1528,42.6,41,0
3145,2026-09-20 05:38:00,18,LINE_B,H,302.7,311.3,1585,49.8,12,0
3146,2026-09-20 05:43:00,13,LINE_B,M,300.9,310.3,1459,46.3,92,0
3147,2026-09-20 05:49:00,6,LINE_A,M,299.0,310.4,1653,24.8,92,0
3148,2026-09-20 05:51:00,13,LINE_B,M,302.1,313.4,1325,41.4,60,0
3149,2026-09-20 05:52:00,8,LINE_A,H,300.9,311.4,1863,24.9,12,0
3150,2026-09-20 06:09:00,9,LINE_A,L,305.2,313.3,1745,27.8,73,0
3151,2026-09-20 06:16:00,5,LINE_A,L,300.6,309.4,1324,29.6,52,0
3152,2026-09-20 06:16:00,13,LINE_B,M,301.4,310.7,1398,59.4,95,0
3153,2026-09-20 06:22:00,4,LINE_A,L,300.6,310.4,1616,30.7,72,0
3154,2026-09-20 06:43:00,9,LINE_A,L,299.8,308.6,1479,35.4,90,0
3155,2026-09-20 06:43:00,19,LINE_B,L,299.5,309.2,1638,21.5,62,0
3156,2026-09-20 06:45:00,16,LINE_B,L,300.6,312.4,1475,48.9,40,0
3157,2026-09-20 06:48:00,9,LINE_A,L,301.0,311.4,1814,31.0,194,0
3158,2026-09-20 06:58:00,20,LINE_B,L,302.3,312.5,1541,37.1,116,0
3159,2026-09-20 07:09:00,1,LINE_A,H,300.6,309.6,1976,24.5,55,0
3160,2026-09-20 07:26:00,20,LINE_B,L,299.1,307.4,1648,41.4,69,0
3161,2026-09-20 07:27:00,8,LINE_A,H,299.3,308.1,1297,43.4,8,0
3162,2026-09-20 07:32:00,17,LINE_B,H,297.4,305.7,1916,12.8,70,1
3163,2026-09-20 07:38:00,19,LINE_B,L,303.3,313.4,1738,23.7,173,0
3164,2026-09-20 07:40:00,13,LINE_B,M,298.9,309.3,1608,27.2,7,0
3165,2026-09-20 07:48:00,13,LINE_B,M,301.9,311.0,1656,38.7,127,0
3166,2026-09-20 07:55:00,15,LINE_B,M,300.6,310.7,1326,53.9,122,0
3167,2026-09-20 08:04:00,5,LINE_A,L,300.6,312.1,1215,61.5,203,1
3168,2026-09-20 08:11:00,4,LINE_A,L,299.8,311.7,1532,27.1,110,0
3169,2026-09-20 09:00:00,7,LINE_A,L,298.4,309.2,1788,37.5,166,0
3170,2026-09-20 09:12:00,10,LINE_A,M,298.1,307.9,1611,32.9,2,0
3171,2026-09-20 09:15:00,15,LINE_B,H,303.5,314.2,1848,54.2,57,1
3172,2026-09-20 09:29:00,6,LINE_A,M,300.2,311.6,1778,43.9,19,0
3173,2026-09-20 09:37:00,12,LINE_B,M,302.3,310.2,1544,53.5,131,0
3174,2026-09-20 09:44:00,1,LINE_A,H,302.8,314.3,1753,40.0,90,0
3175,2026-09-20 09:51:00,1,LINE_A,M,299.2,308.6,1814,34.8,22,0
3176,2026-09-20 09:53:00,20,LINE_B,L,300.8,310.3,1526,37.2,128,0
3177,2026-09-20 10:47:00,18,LINE_B,H,300.1,309.7,1502,36.4,57,0
3178,2026-09-20 11:05:00,18,LINE_B,L,297.7,308.0,1565,32.8,184,0
3179,2026-09-20 11:09:00,7,LINE_A,L,299.6,308.5,1150,56.6,117,0
3180,2026-09-20 11:15:00,11,LINE_B,M,301.2,310.9,1590,51.0,127,0
3181,2026-09-20 11:28:00,14,LINE_B,H,299.0,309.5,1670,33.3,33,0
3182,2026-09-20 11:28:00,6,LINE_A,L,299.4,309.6,1566,33.4,76,0
3183,2026-09-20 11:31:00,15,LINE_B,L,299.7,310.0,1602,26.3,174,0
3184,2026-09-20 11:32:00,14,LINE_B,L,304.2,313.9,1532,42.2,131,0
3185,2026-09-20 11:34:00,9,LINE_A,L,296.3,307.0,1181,60.6,19,0
3186,2026-09-20 11:53:00,9,LINE_A,L,301.0,312.1,1839,41.3,156,0
3187,2026-09-20 12:14:00,7,LINE_A,M,299.5,310.5,1474,53.0,40,0
3188,2026-09-20 12:16:00,17,LINE_B,H,298.7,309.1,1429,46.7,80,0
3189,2026-09-20 12:17:00,20,LINE_B,L,299.4,310.4,1784,33.4,200,0
3190,2026-09-20 12:17:00,20,LINE_B,L,301.3,312.2,1716,45.0,100,0
3191,2026-09-20 12:20:00,16,LINE_B,L,301.4,314.1,1589,29.6,204,0
3192,2026-09-20 12:27:00,7,LINE_A,L,300.4,311.6,1678,32.3,228,1
3193,2026-09-20 12:35:00,16,LINE_B,M,302.2,312.1,1332,59.9,105,0
3194,2026-09-20 12:41:00,5,LINE_A,M,302.5,311.6,1525,31.8,87,0
3195,2026-09-20 12:42:00,18,LINE_B,M,301.6,311.4,1773,32.7,134,0
3196,2026-09-20 12:59:00,6,LINE_A,L,298.9,308.6,1418,48.7,209,0
3197,2026-09-20 13:14:00,9,LINE_A,M,301.0,311.5,1360,46.1,68,0
3198,2026-09-20 13:37:00,2,LINE_A,L,301.0,310.3,1554,48.8,20,0
3199,2026-09-20 13:49:00,2,LINE_A,L,298.4,309.6,1558,51.7,144,0
3200,2026-09-20 13:58:00,8,LINE_A,H,296.9,305.5,1657,40.3,44,0
3201,2026-09-20 14:11:00,12,LINE_B,M,296.0,304.3,1292,58.6,52,1
3202,2026-09-20 14:13:00,1,LINE_A,H,300.1,310.0,1150,44.3,17,0
3203,2026-09-20 14:37:00,17,LINE_B,H,300.6,309.8,1706,33.8,68,0
3204,2026-09-20 14:37:00,3,LINE_A,M,297.6,306.4,1345,65.1,131,1
3205,2026-09-20 14:54:00,20,LINE_B,H,302.1,311.5,1430,58.8,57,0
3206,2026-09-20 15:00:00,6,LINE_A,L,300.3,309.5,1150,41.5,56,0
3207,2026-09-20 15:01:00,8,LINE_A,L,302.7,312.7,1724,34.4,0,0
3208,2026-09-20 15:03:00,4,LINE_A,L,300.7,310.1,1603,39.2,171,0
3209,2026-09-20 15:04:00,17,LINE_B,L,297.9,307.3,1596,41.7,37,0
3210,2026-09-20 15:06:00,15,LINE_B,L,300.9,310.9,1595,48.6,15,0
3211,2026-09-20 15:07:00,2,LINE_A,L,301.3,312.4,1169,65.8,47,0
3212,2026-09-20 15:17:00,3,LINE_A,M,298.9,310.4,1363,45.6,29,0
3213,2026-09-20 15:19:00,13,LINE_B,M,297.1,307.3,1459,51.4,49,0
3214,2026-09-20 15:35:00,18,LINE_B,M,300.2,310.4,1405,49.2,46,0
3215,2026-09-20 15:35:00,3,LINE_A,L,298.0,307.8,1491,41.3,47,0
3216,2026-09-20 15:50:00,5,LINE_A,M,302.2,312.7,1584,25.1,112,0
3217,2026-09-20 15:54:00,11,LINE_B,L,299.2,309.6,1721,42.7,198,0
3218,2026-09-20 16:02:00,3,LINE_A,L,303.4,314.8,1274,52.8,60,0
3219,2026-09-20 16:30:00,7,LINE_A,L,295.8,303.9,1538,43.2,88,0
3220,2026-09-20 16:49:00,1,LINE_A,L,300.3,310.0,1668,28.3,196,0
3221,2026-09-20 16:54:00,10,LINE_A,L,302.9,313.2,1374,60.7,228,1
3222,2026-09-20 17:05:00,15,LINE_B,H,298.2,308.2,1505,42.3,76,0
3223,2026-09-20 17:07:00,9,LINE_A,M,299.7,308.7,1624,28.3,79,0
3224,2026-09-20 17:19:00,6,LINE_A,M,299.2,307.9,1542,29.5,143,0
3225,2026-09-20 17:21:00,9,LINE_A,L,298.6,309.4,1661,41.8,174,0
3226,2026-09-20 17:26:00,11,LINE_B,H,300.5,309.7,1557,45.1,65,0
3227,2026-09-20 17:27:00,4,LINE_A,M,297.4,305.7,1484,38.0,4,0
3228,2026-09-20 17:29:00,3,LINE_A,L,299.8,310.6,1329,50.0,152,0
3229,2026-09-20 17:30:00,4,LINE_A,M,301.0,311.5,1584,44.0,41,0
3230,2026-09-20 17:31:00,20,LINE_B,L,299.6,309.5,1558,40.6,144,0
3231,2026-09-20 17:33:00,15,LINE_B,L,298.0,307.1,1361,39.8,137,0
3232,2026-09-20 17:48:00,3,LINE_A,L,302.1,311.9,1645,44.5,26,0
3233,2026-09-20 18:04:00,7,LINE_A,M,301.5,312.7,1768,39.9,66,0
3234,2026-09-20 18:09:00,9,LINE_A,L,297.9,306.3,1421,48.1,123,0
3235,2026-09-20 18:17:00,4,LINE_A,L,297.4,305.8,1409,37.3,11,0
3236,2026-09-20 18:21:00,18,LINE_B,L,298.1,307.5,1402,33.5,204,0
3237,2026-09-20 18:28:00,19,LINE_B,H,301.1,311.1,1238,49.7,90,0
3238,2026-09-20 18:33:00,5,LINE_A,L,300.6,310.1,1901,36.6,5,0
3239,2026-09-20 18:34:00,1,LINE_A,L,301.6,312.2,1459,50.7,28,0
3240,2026-09-20 18:36:00,6,LINE_A,L,299.3,310.4,1385,49.3,30,0
3241,2026-09-20 18:38:00,12,LINE_B,H,298.2,308.4,1337,42.5,42,0
3242,2026-09-20 18:47:00,17,LINE_B,M,301.8,312.4,1470,35.7,86,0
3243,2026-09-20 18:50:00,7,LINE_A,H,298.9,309.2,1415,43.6,23,0
3244,2026-09-20 18:59:00,6,LINE_A,L,300.4,310.4,1799,32.2,203,0
3245,2026-09-20 19:15:00,5,LINE_A,L,296.9,305.6,1315,55.6,74,0
3246,2026-09-20 19:15:00,1,LINE_A,M,298.9,307.8,1263,44.5,44,0
3247,2026-09-20 19:17:00,1,LINE_A,L,302.0,310.7,1639,33.8,141,0
3248,2026-09-20 19:40:00,9,LINE_A,H,298.6,308.4,1521,57.0,84,1
3249,2026-09-20 19:48:00,13,LINE_B,H,301.6,311.9,1500,53.6,24,0
3250,2026-09-20 19:53:00,1,LINE_A,L,295.3,303.9,1641,29.9,81,0
3251,2026-09-20 20:12:00,5,LINE_A,H,298.9,309.0,1565,51.0,32,0
3252,2026-09-20 20:15:00,19,LINE_B,M,299.7,308.8,1532,31.3,67,0
3253,2026-09-20 20:17:00,20,LINE_B,L,303.5,312.4,1287,44.1,102,0
3254,2026-09-20 20:17:00,13,LINE_B,L,297.7,307.0,1240,46.4,228,1
3255,2026-09-20 20:20:00,11,LINE_B,L,301.3,310.2,1414,43.2,35,0
3256,2026-09-20 20:28:00,12,LINE_B,H,302.1,312.7,1345,50.8,40,0
3257,2026-09-20 20:28:00,8,LINE_A,L,298.6,308.4,1588,39.4,60,0
3258,2026-09-20 20:31:00,5,LINE_A,L,299.3,310.1,1216,54.6,143,0
3259,2026-09-20 20:36:00,8,LINE_A,M,300.3,309.8,1460,39.2,112,0
3260,2026-09-20 20:47:00,14,LINE_B,L,297.0,306.6,1509,43.9,224,0
3261,2026-09-20 20:48:00,14,LINE_B,L,299.1,311.0,1533,40.8,105,0
3262,2026-09-20 20:48:00,14,LINE_B,M,302.6,310.9,1612,26.7,38,0
3263,2026-09-20 21:18:00,13,LINE_B,L,301.0,312.3,1481,45.6,231,1
3264,2026-09-20 21:27:00,2,LINE_A,L,299.7,311.3,1420,44.4,22,0
3265,2026-09-20 21:27:00,13,LINE_B,L,300.2,311.0,1764,27.6,31,0
3266,2026-09-20 21:51:00,18,LINE_B,L,301.2,310.8,1482,38.3,229,1
3267,2026-09-20 22:04:00,13,LINE_B,L,301.5,313.0,1795,29.1,212,0
3268,2026-09-20 22:19:00,12,LINE_B,M,298.9,308.6,1481,39.8,80,0
3269,2026-09-20 22:50:00,5,LINE_A,H,303.1,312.4,1537,54.2,31,0
3270,2026-09-20 22:51:00,16,LINE_B,L,302.6,312.2,1515,57.5,231,1
3271,2026-09-20 23:13:00,10,LINE_A,H,301.4,310.8,1582,16.9,92,1
3272,2026-09-20 23:13:00,6,LINE_A,M,298.3,307.4,1464,46.2,125,0
3273,2026-09-20 23:50:00,10,LINE_A,M,298.0,309.1,1557,47.1,111,0
3274,2026-09-20 23:58:00,3,LINE_A,M,299.3,308.6,1816,30.0,85,0
3275,2026-09-21 00:12:00,19,LINE_B,M,300.1,310.1,1729,41.8,53,0
3276,2026-09-21 00:19:00,15,LINE_B,H,296.5,305.0,1730,47.5,45,0
3277,2026-09-21 00:24:00,7,LINE_A,L,301.0,311.0,1298,36.3,130,0
3278,2026-09-21 00:26:00,16,LINE_B,M,302.6,311.4,1328,47.4,69,0
3279,2026-09-21 00:29:00,2,LINE_A,L,301.2,310.0,1579,54.5,206,1
3280,2026-09-21 00:33:00,8,LINE_A,L,298.6,308.5,1679,25.9,39,0
3281,2026-09-21 00:37:00,14,LINE_B,M,298.4,309.5,1447,41.9,11,0
3282,2026-09-21 00:45:00,1,LINE_A,L,300.6,311.0,1414,40.2,108,0
3283,2026-09-21 00:57:00,15,LINE_B,L,299.7,310.2,1791,40.9,49,0
3284,2026-09-21 01:07:00,17,LINE_B,L,300.9,310.8,1663,45.8,197,0
3285,2026-09-21 01:19:00,12,LINE_B,L,301.2,310.9,1730,35.6,203,0
3286,2026-09-21 01:20:00,5,LINE_A,M,302.2,313.0,1461,42.6,142,0
3287,2026-09-21 01:35:00,15,LINE_B,M,297.7,307.2,1446,29.1,55,0
3288,2026-09-21 01:49:00,7,LINE_A,L,300.4,311.3,1711,46.3,230,0
3289,2026-09-21 01:53:00,15,LINE_B,L,299.3,310.5,1493,38.6,24,0
3290,2026-09-21 01:56:00,13,LINE_B,L,299.8,309.0,1430,42.2,230,1
3291,2026-09-21 02:03:00,2,LINE_A,L,301.7,311.0,1376,52.7,59,0
3292,2026-09-21 02:09:00,2,LINE_A,M,301.9,311.4,1448,44.3,2,0
3293,2026-09-21 02:13:00,1,LINE_A,M,302.8,311.3,1698,43.3,119,0
3294,2026-09-21 02:14:00,2,LINE_A,L,300.9,310.4,1268,53.0,123,0
3295,2026-09-21 02:16:00,6,LINE_A,L,299.8,311.1,1653,38.2,99,0
3296,2026-09-21 02:28:00,1,LINE_A,H,299.5,308.4,1413,46.3,19,0
3297,2026-09-21 02:31:00,19,LINE_B,M,296.5,307.9,1502,32.2,59,0
3298,2026-09-21 02:31:00,19,LINE_B,L,302.7,312.2,1514,39.6,147,0
3299,2026-09-21 02:34:00,4,LINE_A,L,299.4,311.5,1500,49.9,34,0
3300,2026-09-21 02:39:00,7,LINE_A,L,301.0,310.3,1488,34.4,227,0
3301,2026-09-21 02:42:00,15,LINE_B,H,301.4,311.2,1460,36.7,69,0
3302,2026-09-21 02:45:00,14,LINE_B,L,297.5,306.6,1437,36.0,210,0
3303,2026-09-21 02:51:00,12,LINE_B,L,298.2,307.5,1778,34.1,10,0
3304,2026-09-21 03:03:00,20,LINE_B,H,303.1,314.4,1545,51.1,83,0
3305,2026-09-21 03:17:00,13,LINE_B,M,300.6,311.1,1517,45.1,124,0
3306,2026-09-21 03:25:00,14,LINE_B,L,298.8,309.9,1424,26.1,87,0
3307,2026-09-21 03:29:00,11,LINE_B,L,299.7,308.4,1467,47.4,136,0
3308,2026-09-21 03:31:00,11,LINE_B,L,302.2,312.8,1425,39.9,120,0
3309,2026-09-21 03:34:00,6,LINE_A,M,301.9,310.9,1678,39.9,119,0
3310,2026-09-21 03:48:00,11,LINE_B,L,297.1,305.7,1404,42.9,67,0
3311,2026-09-21 04:00:00,19,LINE_B,H,303.3,313.5,1150,44.8,88,0
3312,2026-09-21 04:22:00,8,LINE_A,H,301.9,312.2,1550,39.1,53,0
3313,2026-09-21 04:32:00,3,LINE_A,M,299.7,309.7,1490,38.0,0,0
3314,2026-09-21 04:33:00,12,LINE_B,M,297.6,308.3,1435,45.6,43,0
3315,2026-09-21 04:45:00,16,LINE_B,L,302.1,313.0,1704,28.0,34,0
3316,2026-09-21 04:49:00,20,LINE_B,L,301.0,312.4,1150,42.7,194,0
3317,2026-09-21 04:54:00,11,LINE_B,M,297.1,305.9,1824,37.3,59,0
3318,2026-09-21 04:57:00,16,LINE_B,L,299.5,311.0,1730,43.2,111,0
3319,2026-09-21 05:05:00,6,LINE_A,L,306.3,318.1,1427,48.0,84,0
3320,2026-09-21 05:06:00,9,LINE_A,L,300.0,309.7,1459,37.2,168,0
3321,2026-09-21 05:09:00,9,LINE_A,L,298.5,306.8,1631,31.4,238,0
3322,2026-09-21 05:15:00,7,LINE_A,L,298.0,306.6,1636,,209,0
3323,2026-09-21 05:18:00,15,LINE_B,M,303.5,313.1,1426,50.5,142,0
3324,2026-09-21 05:20:00,18,LINE_B,H,301.7,313.7,1249,42.1,28,0
3325,2026-09-21 05:34:00,7,LINE_A,M,302.8,312.8,1920,35.7,95,0
3326,2026-09-21 05:38:00,3,LINE_A,H,300.5,309.9,1712,39.9,60,0
3327,2026-09-21 05:57:00,17,LINE_B,L,302.5,311.8,1568,49.1,72,0
3328,2026-09-21 06:18:00,17,LINE_B,H,298.3,307.0,1572,47.6,81,0
3329,2026-09-21 06:30:00,19,LINE_B,M,300.3,311.2,1652,41.0,132,0
3330,2026-09-21 06:37:00,6,LINE_A,L,300.6,310.5,1673,24.2,228,1
3331,2026-09-21 07:01:00,15,LINE_B,H,302.8,314.9,1164,56.1,95,0
3332,2026-09-21 07:33:00,15,LINE_B,L,300.6,311.3,1477,42.8,39,0
3333,2026-09-21 07:43:00,16,LINE_B,L,298.7,309.6,1458,39.5,35,0
3334,2026-09-21 08:00:00,17,LINE_B,L,300.1,309.9,1511,51.8,163,0
3335,2026-09-21 08:00:00,20,LINE_B,L,296.6,305.6,1679,34.6,174,0
3336,2026-09-21 08:06:00,10,LINE_A,L,295.4,304.5,1218,45.4,104,0
3337,2026-09-21 08:18:00,2,LINE_A,M,301.7,310.3,1297,56.3,23,0
3338,2026-09-21 08:34:00,4,LINE_A,H,299.3,310.2,1417,40.4,27,0
3339,2026-09-21 08:35:00,18,LINE_B,L,299.5,309.1,1568,34.5,30,0
3340,2026-09-21 08:43:00,17,LINE_B,M,301.7,312.6,1690,26.5,22,0
3341,2026-09-21 08:52:00,1,LINE_A,L,302.8,312.9,1834,24.6,45,0
3342,2026-09-21 09:07:00,8,LINE_A,H,301.1,310.8,1488,35.7,56,0
3343,2026-09-21 09:35:00,5,LINE_A,L,303.9,312.7,1689,40.5,123,0
3344,2026-09-21 09:41:00,7,LINE_A,L,301.0,311.3,1668,28.0,80,0
3345,2026-09-21 09:47:00,13,LINE_B,M,300.6,310.4,1638,22.2,78,0
3346,2026-09-21 09:50:00,11,LINE_B,M,300.5,311.4,1536,42.6,96,0
3347,2026-09-21 09:53:00,10,LINE_A,M,297.4,306.7,1468,37.1,14,0
3348,2026-09-21 09:54:00,9,LINE_A,M,301.9,312.5,1348,45.6,40,0
3349,2026-09-21 10:06:00,13,LINE_B,M,295.1,306.7,1336,56.4,29,0
3350,2026-09-21 10:06:00,14,LINE_B,L,298.8,309.1,1602,38.7,0,0
3351,2026-09-21 10:23:00,1,LINE_A,L,300.0,310.8,1530,52.4,27,0
3352,2026-09-21 10:31:00,3,LINE_A,L,298.4,309.0,1465,41.7,184,0
3353,2026-09-21 10:37:00,7,LINE_A,L,299.1,311.0,1660,44.5,210,0
3354,2026-09-21 10:44:00,9,LINE_A,L,303.7,314.1,1504,36.7,38,0
3355,2026-09-21 11:00:00,20,LINE_B,L,302.2,312.9,1376,45.8,184,1
3356,2026-09-21 11:15:00,18,LINE_B,L,298.6,308.6,1492,34.0,60,0
3357,2026-09-21 11:17:00,13,LINE_B,M,299.1,308.3,1688,29.1,20,0
3358,2026-09-21 11:41:00,1,LINE_A,L,297.4,306.2,1356,43.7,56,0
3359,2026-09-21 11:56:00,3,LINE_A,M,301.4,312.7,1578,28.2,132,0
3360,2026-09-21 11:58:00,10,LINE_A,M,299.5,308.5,1530,41.6,49,0
3361,2026-09-21 12:10:00,12,LINE_B,L,296.1,306.8,1403,41.7,177,0
3362,2026-09-21 12:12:00,14,LINE_B,L,300.2,310.6,1487,43.5,116,0
3363,2026-09-21 12:13:00,3,LINE_A,M,300.9,311.8,1257,,62,0
3364,2026-09-21 12:14:00,18,LINE_B,M,301.9,311.4,1560,45.0,116,0
3365,2026-09-21 12:21:00,10,LINE_A,L,299.9,309.1,1294,61.0,237,1
3366,2026-09-21 12:32:00,12,LINE_B,L,299.3,309.6,1733,46.1,156,0
3367,2026-09-21 12:42:00,1,LINE_A,M,304.0,313.7,1523,55.7,122,0
3368,2026-09-21 12:48:00,17,LINE_B,M,300.0,308.8,1437,43.4,21,0
3369,2026-09-21 12:54:00,11,LINE_B,L,301.4,313.4,1749,30.9,216,0
3370,2026-09-21 12:56:00,5,LINE_A,L,298.9,308.1,1354,49.5,44,0
3371,2026-09-21 13:25:00,7,LINE_A,H,301.4,310.4,1405,42.1,18,0
3372,2026-09-21 13:38:00,8,LINE_A,L,297.1,306.8,1211,36.0,203,0
3373,2026-09-21 14:02:00,1,LINE_A,H,299.1,310.3,1776,39.5,46,0
3374,2026-09-21 14:04:00,19,LINE_B,L,297.6,305.4,1877,28.0,59,0
3375,2026-09-21 14:08:00,17,LINE_B,M,298.8,310.0,1239,37.3,4,0
3376,2026-09-21 14:09:00,18,LINE_B,L,302.5,311.6,1393,40.3,52,0
3377,2026-09-21 14:19:00,8,LINE_A,L,298.8,309.0,1553,37.9,197,0
3378,2026-09-21 14:20:00,12,LINE_B,H,301.4,310.8,1447,42.9,0,0
3379,2026-09-21 14:34:00,10,LINE_A,L,303.0,315.0,1534,40.4,220,0
3380,2026-09-21 14:38:00,10,LINE_A,H,299.9,310.1,1519,51.6,74,0
3381,2026-09-21 14:43:00,12,LINE_B,L,302.0,311.3,1613,27.5,49,0
3382,2026-09-21 15:02:00,10,LINE_A,H,301.1,310.8,1367,44.0,71,0
3383,2026-09-21 15:05:00,16,LINE_B,H,300.2,310.3,1575,31.9,50,0
3384,2026-09-21 15:14:00,2,LINE_A,M,301.5,311.7,1339,56.1,50,0
3385,2026-09-21 15:17:00,4,LINE_A,L,303.7,314.1,1466,37.7,121,0
3386,2026-09-21 15:17:00,18,LINE_B,M,298.7,308.7,1227,46.6,1,0
3387,2026-09-21 15:19:00,18,LINE_B,M,298.1,306.7,1467,50.6,127,0
3388,2026-09-21 15:20:00,17,LINE_B,H,298.0,307.6,1437,53.7,75,0
3389,2026-09-21 15:21:00,8,LINE_A,L,302.0,312.6,1710,46.7,43,0
3390,2026-09-21 15:30:00,10,LINE_A,L,302.3,311.6,1529,27.2,23,0
3391,2026-09-21 15:30:00,1,LINE_A,L,298.9,309.6,1562,43.2,101,0
3392,2026-09-21 15:32:00,6,LINE_A,M,295.7,305.8,1536,42.3,66,0
3393,2026-09-21 15:47:00,15,LINE_B,H,298.7,308.4,1157,51.1,74,0
3394,2026-09-21 16:04:00,7,LINE_A,L,301.1,312.3,1181,51.3,201,0
3395,2026-09-21 16:09:00,10,LINE_A,M,299.9,308.1,1483,52.0,9,0
3396,2026-09-21 16:12:00,3,LINE_A,H,300.4,309.7,1590,46.8,23,0
3397,2026-09-21 16:23:00,10,LINE_A,L,299.0,310.2,1498,48.4,140,0
3398,2026-09-21 16:33:00,15,LINE_B,L,302.0,313.9,1384,46.3,91,0
3399,2026-09-21 16:40:00,12,LINE_B,M,300.7,313.0,1497,59.5,142,1
3400,2026-09-21 16:43:00,12,LINE_B,M,301.2,311.2,1481,38.6,95,0
3401,2026-09-21 17:09:00,19,LINE_B,L,300.3,310.8,1680,22.9,77,0
3402,2026-09-21 17:25:00,5,LINE_A,H,301.0,311.9,1670,34.0,64,0
3403,2026-09-21 17:28:00,6,LINE_A,M,300.9,312.2,1440,43.5,62,0
3404,2026-09-21 17:41:00,13,LINE_B,H,298.1,308.5,1531,50.7,44,0
3405,2026-09-21 17:53:00,10,LINE_A,H,300.7,311.7,1590,34.4,68,0
3406,2026-09-21 17:53:00,20,LINE_B,H,301.6,312.0,1616,41.6,42,0
3407,2026-09-21 18:01:00,2,LINE_A,M,302.3,312.8,1837,19.3,100,0
3408,2026-09-21 18:02:00,3,LINE_A,L,300.8,309.9,1535,48.8,100,0
3409,2026-09-21 18:20:00,7,LINE_A,M,298.1,307.7,1750,34.2,85,0
3410,2026-09-21 18:23:00,10,LINE_A,L,298.4,307.9,1331,44.0,116,0
3411,2026-09-21 18:32:00,18,LINE_B,M,299.1,307.9,1425,60.5,82,1
3412,2026-09-21 18:45:00,10,LINE_A,L,300.4,308.7,1156,60.1,83,1
3413,2026-09-21 18:49:00,9,LINE_A,M,299.8,309.3,1567,30.9,17,0
3414,2026-09-21 19:01:00,4,LINE_A,L,297.8,307.5,1657,35.6,61,0
3415,2026-09-21 19:05:00,9,LINE_A,L,297.7,307.8,1150,73.6,85,0
3416,2026-09-21 19:08:00,11,LINE_B,L,295.8,306.4,1574,54.8,75,1
3417,2026-09-21 19:24:00,12,LINE_B,M,293.8,303.9,1649,44.1,61,0
3418,2026-09-21 19:43:00,13,LINE_B,M,299.7,309.5,1639,22.3,68,0
3419,2026-09-21 19:48:00,9,LINE_A,L,304.6,313.7,1325,57.1,60,0
3420,2026-09-21 19:57:00,4,LINE_A,H,303.6,314.5,1679,30.7,36,0
3421,2026-09-21 20:23:00,4,LINE_A,H,298.0,307.9,1542,50.5,27,0
3422,2026-09-21 20:33:00,4,LINE_A,L,300.3,309.9,1646,31.0,140,0
3423,2026-09-21 20:39:00,13,LINE_B,M,297.1,306.9,1517,44.6,68,0
3424,2026-09-21 20:45:00,18,LINE_B,L,297.4,306.6,1609,32.8,151,0
3425,2026-09-21 20:46:00,18,LINE_B,L,297.6,307.1,1740,31.1,103,0
3426,2026-09-21 20:47:00,7,LINE_A,M,299.5,309.0,1503,46.1,143,0
3427,2026-09-21 20:54:00,2,LINE_A,L,299.6,309.3,1591,27.9,116,0
3428,2026-09-21 20:56:00,13,LINE_B,H,300.5,311.2,1765,52.2,59,1
3429,2026-09-21 21:07:00,1,LINE_A,H,301.3,311.7,1516,32.5,42,0
3430,2026-09-21 21:10:00,13,LINE_B,H,299.3,310.9,1337,37.4,70,0
3431,2026-09-21 21:11:00,8,LINE_A,M,300.1,311.3,1662,41.4,80,0
3432,2026-09-21 21:12:00,17,LINE_B,M,297.8,309.8,1798,42.6,14,0
3433,2026-09-21 21:42:00,13,LINE_B,H,297.3,307.9,1772,30.5,70,0
3434,2026-09-21 21:50:00,15,LINE_B,L,297.0,307.5,1669,27.6,182,0
3435,2026-09-21 21:53:00,9,LINE_A,L,301.3,310.8,1150,44.3,96,0
3436,2026-09-21 21:58:00,17,LINE_B,M,299.3,310.2,1426,35.2,73,0
3437,2026-09-21 22:05:00,11,LINE_B,L,296.3,305.6,1435,45.6,2,0
3438,2026-09-21 22:35:00,13,LINE_B,L,299.9,308.4,1548,39.2,207,0
3439,2026-09-21 22:37:00,8,LINE_A,L,297.5,309.0,1844,34.3,186,0
3440,2026-09-21 22:37:00,9,LINE_A,M,303.3,312.1,1346,48.8,140,0
3441,2026-09-21 22:46:00,17,LINE_B,L,298.8,309.3,1944,34.5,143,0
3442,2026-09-21 22:49:00,8,LINE_A,L,301.4,310.5,1471,38.8,55,0
3443,2026-09-21 22:50:00,1,LINE_A,L,302.2,313.3,1402,38.2,69,0
3444,2026-09-21 22:51:00,8,LINE_A,L,298.1,309.4,1692,36.7,222,0
3445,2026-09-21 23:00:00,8,LINE_A,H,300.2,310.7,1706,34.6,4,0
3446,2026-09-21 23:21:00,9,LINE_A,L,301.1,312.4,1657,38.5,161,0
3447,2026-09-21 23:23:00,2,LINE_A,M,300.2,310.2,1401,38.5,10,0
3448,2026-09-21 23:23:00,3,LINE_A,M,300.7,313.0,1630,42.4,106,0
3449,2026-09-21 23:32:00,7,LINE_A,L,297.3,308.1,1354,36.2,139,0
3450,2026-09-21 23:45:00,9,LINE_A,H,301.1,310.2,1396,40.8,45,0
3451,2026-09-21 23:53:00,1,LINE_A,M,299.0,309.1,1523,49.5,101,0
3452,2026-09-21 23:59:00,8,LINE_A,M,300.7,310.5,1392,35.4,51,0
3453,2026-09-22 00:06:00,7,LINE_A,L,301.8,311.6,1729,42.7,137,0
3454,2026-09-22 00:19:00,1,LINE_A,L,301.3,309.7,1436,31.8,192,0
3455,2026-09-22 00:30:00,6,LINE_A,H,300.7,311.1,1500,28.5,44,0
3456,2026-09-22 00:36:00,6,LINE_A,M,301.3,309.9,1382,32.8,3,0
3457,2026-09-22 00:39:00,3,LINE_A,H,301.4,308.9,1727,35.3,95,0
3458,2026-09-22 00:59:00,16,LINE_B,H,303.0,312.6,1420,49.4,52,0
3459,2026-09-22 01:08:00,2,LINE_A,L,299.9,309.2,1746,44.2,103,0
3460,2026-09-22 01:08:00,12,LINE_B,M,300.3,309.5,1732,43.9,10,0
3461,2026-09-22 01:15:00,14,LINE_B,L,301.9,308.8,1460,49.3,21,0
3462,2026-09-22 01:17:00,17,LINE_B,M,299.0,308.2,1545,33.2,37,0
3463,2026-09-22 01:17:00,11,LINE_B,L,297.3,307.2,1455,35.8,221,0
3464,2026-09-22 01:18:00,11,LINE_B,L,301.0,310.4,1638,43.4,174,0
3465,2026-09-22 01:23:00,16,LINE_B,M,299.6,310.0,1505,52.4,59,0
3466,2026-09-22 01:29:00,18,LINE_B,M,297.6,309.0,1465,34.0,109,0
3467,2026-09-22 01:37:00,5,LINE_A,M,301.0,311.5,1548,50.1,56,0
3468,2026-09-22 01:39:00,16,LINE_B,L,302.9,313.9,1255,33.2,213,0
3469,2026-09-22 01:50:00,10,LINE_A,L,296.7,307.8,1526,43.5,78,0
3470,2026-09-22 02:04:00,2,LINE_A,H,302.0,311.0,1657,35.7,68,0
3471,2026-09-22 02:23:00,13,LINE_B,L,294.9,305.4,1565,37.6,104,0
3472,2026-09-22 02:26:00,20,LINE_B,L,299.2,310.2,1711,35.1,161,0
3473,2026-09-22 02:32:00,3,LINE_A,M,303.7,313.2,1472,35.2,26,0
3474,2026-09-22 02:47:00,1,LINE_A,L,299.3,308.6,1457,46.0,226,0
3475,2026-09-22 02:52:00,19,LINE_B,M,300.2,310.7,1339,46.5,41,0
3476,2026-09-22 03:05:00,12,LINE_B,L,301.5,310.0,1467,49.7,128,0
3477,2026-09-22 03:07:00,5,LINE_A,H,296.6,305.5,1894,42.1,66,0
3478,2026-09-22 03:11:00,16,LINE_B,H,300.1,309.5,1590,39.5,62,0
3479,2026-09-22 03:22:00,8,LINE_A,H,300.1,310.6,1435,36.6,53,0
3480,2026-09-22 03:24:00,7,LINE_A,M,303.7,313.9,1359,36.3,125,0
3481,2026-09-22 03:37:00,6,LINE_A,L,297.5,308.6,1252,62.2,232,1
3482,2026-09-22 03:42:00,12,LINE_B,M,299.2,308.3,1391,57.0,110,0
3483,2026-09-22 03:56:00,3,LINE_A,H,298.1,307.2,1677,43.0,18,0
3484,2026-09-22 04:02:00,8,LINE_A,M,297.9,308.5,1463,42.8,110,0
3485,2026-09-22 04:15:00,7,LINE_A,M,302.3,311.5,1368,51.7,72,0
3486,2026-09-22 04:15:00,2,LINE_A,M,300.1,309.4,1387,55.0,77,0
3487,2026-09-22 04:18:00,16,LINE_B,M,298.9,307.0,1657,31.5,135,0
3488,2026-09-22 04:19:00,1,LINE_A,M,299.0,309.3,1525,40.7,76,0
3489,2026-09-22 04:30:00,20,LINE_B,L,298.9,310.4,1427,34.5,204,0
3490,2026-09-22 04:58:00,2,LINE_A,L,299.1,308.0,1484,40.6,155,0
3491,2026-09-22 05:06:00,8,LINE_A,M,297.5,308.5,1937,40.4,12,0
3492,2026-09-22 05:08:00,2,LINE_A,L,299.5,309.4,1760,42.0,168,0
3493,2026-09-22 05:11:00,8,LINE_A,H,299.3,307.5,1804,33.1,47,0
3494,2026-09-22 05:18:00,13,LINE_B,M,298.5,307.6,1225,27.9,79,0
3495,2026-09-22 05:37:00,2,LINE_A,L,300.3,309.4,1513,35.6,72,0
3496,2026-09-22 05:49:00,11,LINE_B,H,300.5,310.2,1424,44.3,18,0
3497,2026-09-22 05:56:00,16,LINE_B,M,298.9,309.3,1638,35.3,107,0
3498,2026-09-22 05:57:00,10,LINE_A,M,299.7,311.6,1731,34.5,35,0
3499,2026-09-22 05:58:00,3,LINE_A,L,304.3,312.9,1599,40.2,22,0
3500,2026-09-22 05:59:00,14,LINE_B,H,304.2,313.8,1383,40.4,47,0
3501,2026-09-22 06:10:00,4,LINE_A,L,297.9,307.0,1421,43.5,170,0
3502,2026-09-22 06:18:00,1,LINE_A,M,298.2,306.9,1652,35.5,29,0
3503,2026-09-22 06:31:00,9,LINE_A,L,297.9,308.0,1670,30.5,86,0
3504,2026-09-22 06:49:00,6,LINE_A,M,302.1,312.1,1565,54.0,61,0
3505,2026-09-22 06:50:00,1,LINE_A,M,299.2,307.4,1563,35.5,133,0
3506,2026-09-22 06:53:00,16,LINE_B,M,300.5,310.5,1549,21.7,21,0
3507,2026-09-22 06:59:00,12,LINE_B,L,304.0,312.8,1588,52.8,220,1
3508,2026-09-22 07:00:00,19,LINE_B,H,300.0,310.0,1669,29.4,14,0
3509,2026-09-22 07:01:00,10,LINE_A,M,301.4,312.7,1653,43.8,83,0
3510,2026-09-22 07:01:00,9,LINE_A,L,301.0,311.5,1544,34.4,202,0
3511,2026-09-22 07:06:00,17,LINE_B,H,298.8,309.0,1531,44.8,87,0
3512,2026-09-22 07:10:00,2,LINE_A,M,302.1,311.6,1524,40.1,78,0
3513,2026-09-22 07:16:00,8,LINE_A,H,298.3,308.4,1400,52.2,47,0
3514,2026-09-22 07:26:00,16,LINE_B,H,302.7,313.2,1397,42.6,75,0
3515,2026-09-22 07:36:00,6,LINE_A,H,298.8,309.3,1638,31.8,87,0
3516,2026-09-22 07:44:00,18,LINE_B,M,299.0,308.9,1412,45.9,1,0
3517,2026-09-22 07:48:00,6,LINE_A,M,297.8,308.0,1687,32.5,37,0
3518,2026-09-22 07:49:00,9,LINE_A,L,298.2,306.8,1531,24.8,68,0
3519,2026-09-22 07:51:00,18,LINE_B,M,299.1,308.4,1688,30.8,120,0
3520,2026-09-22 08:01:00,5,LINE_A,M,295.1,305.8,1655,59.5,2,1
3521,2026-09-22 08:09:00,20,LINE_B,M,299.5,310.4,1692,20.9,18,0
3522,2026-09-22 08:16:00,1,LINE_A,H,299.0,309.1,1454,44.5,0,0
3523,2026-09-22 08:23:00,6,LINE_A,L,301.6,313.1,1614,35.8,228,0
3524,2026-09-22 08:39:00,12,LINE_B,L,300.8,311.4,1673,50.7,7,0
3525,2026-09-22 08:45:00,12,LINE_B,M,298.6,308.4,1261,39.5,38,0
3526,2026-09-22 08:46:00,19,LINE_B,L,299.1,307.9,1846,31.6,125,0
3527,2026-09-22 09:03:00,20,LINE_B,L,299.5,311.0,1948,33.3,83,0
3528,2026-09-22 09:24:00,14,LINE_B,L,303.0,313.7,1711,33.5,21,0
3529,2026-09-22 09:29:00,14,LINE_B,H,298.4,310.2,1685,29.5,40,0
3530,2026-09-22 09:30:00,7,LINE_A,L,298.6,310.7,1646,36.6,191,0
3531,2026-09-22 09:37:00,17,LINE_B,L,297.7,306.5,1482,39.3,69,0
3532,2026-09-22 09:48:00,13,LINE_B,L,297.0,305.8,1520,38.1,123,0
3533,2026-09-22 10:01:00,1,LINE_A,L,300.6,307.8,1714,42.2,112,0
3534,2026-09-22 10:12:00,17,LINE_B,L,300.4,311.3,1365,48.5,58,0
3535,2026-09-22 10:22:00,8,LINE_A,M,302.6,313.2,1349,50.1,0,0
3536,2026-09-22 10:42:00,10,LINE_A,M,302.1,312.2,1468,44.8,121,0
3537,2026-09-22 10:44:00,10,LINE_A,L,304.8,313.6,1658,44.1,238,0
3538,2026-09-22 10:54:00,17,LINE_B,M,299.9,309.8,1384,55.1,73,0
3539,2026-09-22 10:57:00,6,LINE_A,L,299.5,309.7,1499,38.9,199,0
3540,2026-09-22 11:02:00,8,LINE_A,L,297.4,308.2,1521,47.1,84,0
3541,2026-09-22 11:21:00,1,LINE_A,H,301.4,311.7,1358,35.1,90,0
3542,2026-09-22 11:27:00,7,LINE_A,M,300.2,310.9,1150,33.7,82,0
3543,2026-09-22 11:35:00,2,LINE_A,H,301.3,311.2,1355,60.2,77,0
3544,2026-09-22 11:59:00,12,LINE_B,L,297.7,308.9,1587,35.9,161,0
3545,2026-09-22 11:59:00,18,LINE_B,L,300.7,311.3,1628,39.4,221,0
3546,2026-09-22 12:19:00,10,LINE_A,L,300.4,309.2,1629,27.5,134,0
3547,2026-09-22 12:29:00,19,LINE_B,L,300.3,311.7,1650,26.5,203,0
3548,2026-09-22 12:32:00,20,LINE_B,H,298.6,309.9,1427,37.7,89,0
3549,2026-09-22 12:50:00,2,LINE_A,L,302.4,312.8,1389,49.7,182,0
3550,2026-09-22 12:59:00,11,LINE_B,H,304.1,314.4,1608,33.8,34,0
3551,2026-09-22 12:59:00,11,LINE_B,H,297.8,309.4,1502,38.5,8,0
3552,2026-09-22 13:03:00,8,LINE_A,M,301.4,309.8,1703,29.1,59,0
3553,2026-09-22 13:07:00,17,LINE_B,L,294.2,305.5,1609,47.3,166,0
3554,2026-09-22 13:08:00,8,LINE_A,M,301.3,310.9,1771,40.0,124,0
3555,2026-09-22 13:41:00,2,LINE_A,L,296.3,307.4,1456,38.6,184,0
3556,2026-09-22 13:46:00,11,LINE_B,M,299.0,309.1,1732,39.7,91,0
3557,2026-09-22 13:48:00,5,LINE_A,L,297.4,306.1,1906,27.1,128,0
3558,2026-09-22 13:55:00,8,LINE_A,H,299.6,309.1,1550,37.0,92,0
3559,2026-09-22 14:07:00,11,LINE_B,M,301.7,312.7,1630,36.9,35,0
3560,2026-09-22 14:21:00,15,LINE_B,M,296.3,306.1,1373,50.2,114,0
3561,2026-09-22 14:27:00,6,LINE_A,M,299.3,308.7,1701,28.0,79,0
3562,2026-09-22 14:41:00,8,LINE_A,M,299.0,308.3,1743,37.9,74,0
3563,2026-09-22 14:52:00,2,LINE_A,H,303.2,313.8,1451,62.7,38,1
3564,2026-09-22 14:59:00,8,LINE_A,L,300.9,312.6,1646,38.3,152,0
3565,2026-09-22 15:02:00,12,LINE_B,H,297.6,305.5,1590,38.8,96,0
3566,2026-09-22 15:28:00,13,LINE_B,H,299.1,311.9,1610,37.2,39,0
3567,2026-09-22 15:44:00,6,LINE_A,H,303.1,313.3,1686,39.4,11,0
3568,2026-09-22 15:54:00,2,LINE_A,L,301.4,312.0,1633,24.3,30,0
3569,2026-09-22 16:06:00,12,LINE_B,H,298.2,307.7,1515,54.4,17,0
3570,2026-09-22 16:08:00,14,LINE_B,L,299.5,309.5,1690,43.3,97,0
3571,2026-09-22 16:44:00,2,LINE_A,M,299.5,309.7,1740,28.8,0,0
3572,2026-09-22 16:45:00,11,LINE_B,L,298.9,307.9,1440,43.2,67,0
3573,2026-09-22 16:56:00,2,LINE_A,L,296.6,305.8,1540,35.6,166,0
3574,2026-09-22 16:57:00,10,LINE_A,L,298.6,309.8,1222,51.9,162,0
3575,2026-09-22 17:00:00,13,LINE_B,L,302.8,311.2,1645,37.3,160,0
3576,2026-09-22 17:19:00,15,LINE_B,L,299.2,309.7,1760,35.2,160,0
3577,2026-09-22 17:19:00,15,LINE_B,H,299.8,309.4,1494,33.2,7,0
3578,2026-09-22 17:20:00,16,LINE_B,L,300.3,309.3,1564,35.4,224,0
3579,2026-09-22 17:22:00,5,LINE_A,M,304.4,316.4,1500,50.4,43,0
3580,2026-09-22 17:24:00,17,LINE_B,L,300.0,309.1,1471,37.8,19,0
3581,2026-09-22 17:37:00,7,LINE_A,M,302.2,311.1,1582,17.6,116,1
3582,2026-09-22 17:37:00,8,LINE_A,M,298.8,308.6,1399,43.0,67,0
3583,2026-09-22 17:53:00,16,LINE_B,L,299.5,308.7,1498,60.6,83,1
3584,2026-09-22 18:02:00,7,LINE_A,M,300.0,310.0,1377,51.7,57,0
3585,2026-09-22 18:07:00,2,LINE_A,H,298.5,308.6,1646,32.1,56,0
3586,2026-09-22 18:09:00,15,LINE_B,H,299.6,309.8,1583,38.3,50,0
3587,2026-09-22 18:17:00,14,LINE_B,L,301.8,311.7,1462,47.8,3,0
3588,2026-09-22 18:27:00,12,LINE_B,L,298.4,307.7,1547,25.7,28,0
3589,2026-09-22 18:27:00,3,LINE_A,M,300.0,310.6,1500,34.3,136,0
3590,2026-09-22 18:35:00,13,LINE_B,L,301.4,311.3,1746,37.0,117,0
3591,2026-09-22 18:46:00,4,LINE_A,H,298.4,307.9,1461,55.1,95,0
3592,2026-09-22 18:53:00,12,LINE_B,L,302.2,313.7,1654,33.1,157,0
3593,2026-09-22 18:56:00,11,LINE_B,H,300.1,310.0,1413,56.3,70,0
3594,2026-09-22 19:05:00,16,LINE_B,L,299.7,310.8,1687,29.6,75,0
3595,2026-09-22 19:11:00,20,LINE_B,L,296.0,307.2,1727,7.3,201,1
3596,2026-09-22 19:14:00,4,LINE_A,H,299.3,310.5,1735,40.1,62,0
3597,2026-09-22 19:15:00,3,LINE_A,H,300.7,311.4,1805,36.4,72,0
3598,2026-09-22 19:26:00,12,LINE_B,H,303.5,313.5,1593,44.3,25,0
3599,2026-09-22 19:35:00,20,LINE_B,H,301.1,311.1,1763,38.9,56,0
3600,2026-09-22 19:38:00,4,LINE_A,L,302.3,312.0,1832,32.8,88,0
3601,2026-09-22 19:51:00,10,LINE_A,L,297.6,305.4,1338,44.0,218,1
3602,2026-09-22 19:56:00,9,LINE_A,L,299.7,310.5,1431,41.5,217,0
3603,2026-09-22 20:06:00,7,LINE_A,M,302.4,312.7,1271,44.4,50,0
3604,2026-09-22 20:14:00,14,LINE_B,L,298.2,309.1,1731,31.1,6,0
3605,2026-09-22 20:24:00,6,LINE_A,H,301.9,311.8,1268,33.7,24,0
3606,2026-09-22 20:27:00,10,LINE_A,L,301.5,312.1,1220,39.9,65,0
3607,2026-09-22 20:36:00,17,LINE_B,L,300.5,309.2,1342,44.6,4,0
3608,2026-09-22 20:40:00,8,LINE_A,L,299.3,308.2,1227,31.5,224,0
3609,2026-09-22 20:44:00,1,LINE_A,L,298.0,305.6,1589,22.5,111,0
3610,2026-09-22 21:02:00,18,LINE_B,L,303.6,313.4,1345,43.2,35,0
3611,2026-09-22 21:04:00,6,LINE_A,M,301.3,310.5,1236,48.1,88,0
3612,2026-09-22 21:06:00,16,LINE_B,L,300.7,309.8,1532,37.7,95,0
3613,2026-09-22 21:18:00,16,LINE_B,M,299.2,309.5,1543,20.9,25,1
3614,2026-09-22 21:24:00,11,LINE_B,H,300.1,309.7,1203,62.5,43,0
3615,2026-09-22 21:25:00,2,LINE_A,M,300.3,308.9,1412,32.4,86,0
3616,2026-09-22 21:28:00,20,LINE_B,M,300.8,313.3,1527,33.9,94,0
3617,2026-09-22 21:43:00,14,LINE_B,L,301.5,311.4,1476,31.8,54,0
3618,2026-09-22 21:49:00,9,LINE_A,L,298.4,307.4,1481,52.2,146,0
3619,2026-09-22 21:58:00,18,LINE_B,L,297.1,306.4,1752,37.0,190,0
3620,2026-09-22 22:01:00,16,LINE_B,H,300.2,310.0,1926,24.6,60,0
3621,2026-09-22 22:14:00,16,LINE_B,M,296.5,306.3,1484,37.3,137,0
3622,2026-09-22 22:23:00,4,LINE_A,L,299.4,310.7,1302,48.6,225,0
3623,2026-09-22 22:30:00,13,LINE_B,L,299.0,308.9,1498,31.3,118,0
3624,2026-09-22 22:38:00,6,LINE_A,H,301.0,312.8,1575,42.0,38,0
3625,2026-09-22 22:38:00,2,LINE_A,M,304.0,313.5,1530,35.9,65,0
3626,2026-09-22 22:43:00,7,LINE_A,M,296.1,306.5,1650,40.9,70,0
3627,2026-09-22 22:45:00,3,LINE_A,H,304.5,315.6,1938,31.9,16,0
3628,2026-09-22 23:02:00,3,LINE_A,M,299.5,310.7,1232,44.5,139,0
3629,2026-09-22 23:23:00,15,LINE_B,M,300.7,312.0,1449,26.3,82,0
3630,2026-09-22 23:27:00,11,LINE_B,L,297.2,306.9,1817,29.7,30,0
3631,2026-09-22 23:27:00,8,LINE_A,L,302.0,312.0,1446,31.2,216,0
3632,2026-09-22 23:32:00,4,LINE_A,H,300.1,307.6,1682,36.4,91,0
3633,2026-09-22 23:34:00,16,LINE_B,M,299.9,309.7,1654,34.5,80,0
3634,2026-09-22 23:35:00,13,LINE_B,L,296.1,307.2,1763,28.6,227,1
3635,2026-09-22 23:40:00,12,LINE_B,M,300.1,311.0,1884,19.3,139,0
3636,2026-09-22 23:41:00,4,LINE_A,L,301.7,311.6,1600,47.7,228,0
3637,2026-09-23 00:29:00,3,LINE_A,H,299.5,311.2,1226,45.8,92,0
3638,2026-09-23 00:29:00,3,LINE_A,L,302.3,312.0,1414,62.6,16,1
3639,2026-09-23 00:35:00,1,LINE_A,H,302.3,311.5,1933,28.5,3,0
3640,2026-09-23 00:44:00,20,LINE_B,M,298.7,308.2,1285,50.4,83,0
3641,2026-09-23 01:02:00,8,LINE_A,L,303.2,312.1,1629,37.6,179,0
3642,2026-09-23 01:03:00,14,LINE_B,L,300.1,310.7,1150,54.4,201,0
3643,2026-09-23 01:04:00,20,LINE_B,H,300.1,310.4,1297,56.0,62,0
3644,2026-09-23 01:11:00,19,LINE_B,L,300.2,310.8,1700,44.0,75,0
3645,2026-09-23 01:15:00,7,LINE_A,L,300.1,309.7,1546,25.7,223,0
3646,2026-09-23 01:24:00,10,LINE_A,M,294.7,304.7,1472,48.9,85,0
3647,2026-09-23 01:33:00,10,LINE_A,L,299.6,307.5,1393,48.4,163,0
3648,2026-09-23 01:46:00,1,LINE_A,L,297.3,307.6,1181,51.1,61,0
3649,2026-09-23 01:50:00,16,LINE_B,L,303.3,313.4,1665,50.0,182,0
3650,2026-09-23 01:50:00,12,LINE_B,H,303.2,312.1,1489,55.6,12,0
3651,2026-09-23 01:51:00,8,LINE_A,L,301.7,311.6,1266,55.5,208,1
3652,2026-09-23 01:51:00,12,LINE_B,L,299.5,309.3,1545,35.5,204,0
3653,2026-09-23 01:54:00,15,LINE_B,L,298.0,309.7,1645,27.3,163,0
3654,2026-09-23 02:12:00,1,LINE_A,L,298.7,307.6,1504,47.1,235,1
3655,2026-09-23 02:16:00,13,LINE_B,L,303.9,314.2,1561,50.2,218,0
3656,2026-09-23 02:34:00,18,LINE_B,L,298.6,307.5,1547,23.6,16,0
3657,2026-09-23 02:35:00,15,LINE_B,L,295.3,304.7,1413,52.5,52,0
3658,2026-09-23 02:38:00,13,LINE_B,L,302.1,312.3,1550,37.7,29,0
3659,2026-09-23 02:41:00,2,LINE_A,H,303.0,312.8,1672,21.6,30,0
3660,2026-09-23 02:41:00,15,LINE_B,L,303.3,313.3,1726,38.2,141,0
3661,2026-09-23 02:42:00,16,LINE_B,L,302.1,312.4,1682,43.0,34,0
3662,2026-09-23 02:45:00,10,LINE_A,H,302.4,311.9,1418,40.8,8,0
3663,2026-09-23 02:50:00,12,LINE_B,H,300.1,311.0,1655,28.1,62,0
3664,2026-09-23 03:02:00,13,LINE_B,M,295.8,305.5,1624,51.2,91,0
3665,2026-09-23 03:09:00,3,LINE_A,L,300.1,310.0,1412,38.5,87,0
3666,2026-09-23 03:11:00,6,LINE_A,L,301.2,311.6,1456,51.8,172,0
3667,2026-09-23 03:13:00,16,LINE_B,L,299.7,310.0,1662,24.2,142,0
3668,2026-09-23 03:23:00,20,LINE_B,L,299.6,310.3,1788,35.9,99,0
3669,2026-09-23 03:37:00,6,LINE_A,L,298.1,308.4,1214,52.9,16,0
3670,2026-09-23 03:41:00,9,LINE_A,M,298.0,308.5,1835,38.1,109,0
3671,2026-09-23 03:44:00,19,LINE_B,L,303.7,313.4,1750,45.7,149,0
3672,2026-09-23 03:59:00,4,LINE_A,M,303.7,312.7,1576,32.4,16,0
3673,2026-09-23 04:01:00,6,LINE_A,L,300.0,308.6,1497,45.5,45,0
3674,2026-09-23 04:03:00,2,LINE_A,L,300.6,308.9,1610,27.0,72,0
3675,2026-09-23 04:20:00,5,LINE_A,M,298.0,309.8,1425,32.4,25,0
3676,2026-09-23 04:34:00,13,LINE_B,H,301.3,309.1,1508,36.3,77,0
3677,2026-09-23 04:39:00,7,LINE_A,L,303.5,314.7,1274,51.2,224,1
3678,2026-09-23 04:47:00,20,LINE_B,M,296.9,306.1,1227,62.8,13,0
3679,2026-09-23 04:53:00,18,LINE_B,L,300.9,312.1,1960,42.3,57,0
3680,2026-09-23 04:55:00,18,LINE_B,L,301.1,308.9,1551,36.8,68,0
3681,2026-09-23 05:00:00,15,LINE_B,M,301.1,310.8,1577,41.3,143,0
3682,2026-09-23 05:02:00,15,LINE_B,L,303.3,314.7,1534,47.7,149,0
3683,2026-09-23 05:08:00,11,LINE_B,L,304.1,314.8,1391,50.6,228,1
3684,2026-09-23 05:09:00,20,LINE_B,L,299.5,309.2,1485,40.3,59,0
3685,2026-09-23 05:13:00,2,LINE_A,L,301.3,309.4,1556,40.1,16,0
3686,2026-09-23 05:15:00,15,LINE_B,L,300.2,308.8,1505,40.2,115,0
3687,2026-09-23 05:36:00,3,LINE_A,L,298.7,310.1,1405,42.4,196,0
3688,2026-09-23 05:37:00,7,LINE_A,H,300.5,310.2,1626,34.7,80,0
3689,2026-09-23 05:47:00,6,LINE_A,M,301.3,311.3,1574,38.0,68,0
3690,2026-09-23 05:48:00,13,LINE_B,L,300.4,310.7,1611,34.6,64,0
3691,2026-09-23 05:51:00,16,LINE_B,L,298.2,306.9,1667,27.1,11,0
3692,2026-09-23 05:52:00,2,LINE_A,M,299.1,309.5,1509,47.8,62,0
3693,2026-09-23 05:54:00,13,LINE_B,L,299.1,308.7,1510,45.0,128,0
3694,2026-09-23 05:56:00,5,LINE_A,M,298.3,308.6,1807,47.0,2,0
3695,2026-09-23 06:06:00,2,LINE_A,M,300.6,310.0,1370,48.1,134,0
3696,2026-09-23 06:10:00,9,LINE_A,L,300.8,309.3,1203,46.8,170,1
3697,2026-09-23 06:15:00,12,LINE_B,L,302.0,311.5,1640,32.0,78,0
3698,2026-09-23 06:25:00,5,LINE_A,L,298.3,308.9,1427,43.8,85,0
3699,2026-09-23 06:42:00,8,LINE_A,L,298.8,309.2,1346,50.2,85,0
3700,2026-09-23 06:53:00,20,LINE_B,L,303.1,313.1,1699,33.3,206,0
3701,2026-09-23 07:10:00,7,LINE_A,H,299.7,310.6,1514,29.0,69,0
3702,2026-09-23 07:13:00,20,LINE_B,L,300.1,309.9,1313,40.9,21,0
3703,2026-09-23 07:33:00,17,LINE_B,M,299.6,309.7,1888,29.7,44,0
3704,2026-09-23 07:36:00,8,LINE_A,M,302.3,311.8,1250,54.6,112,0
3705,2026-09-23 07:42:00,12,LINE_B,L,302.3,313.3,1524,28.6,85,0
3706,2026-09-23 08:15:00,15,LINE_B,L,302.2,312.5,1200,52.3,195,0
3707,2026-09-23 08:25:00,10,LINE_A,L,300.1,309.5,1589,40.3,121,0
3708,2026-09-23 08:37:00,9,LINE_A,M,298.3,306.8,1425,39.8,112,0
3709,2026-09-23 08:56:00,7,LINE_A,L,303.9,315.0,1687,30.9,126,0
3710,2026-09-23 08:58:00,3,LINE_A,M,301.7,311.0,1537,34.2,106,0
3711,2026-09-23 08:59:00,1,LINE_A,H,299.1,309.2,1783,33.8,41,0
3712,2026-09-23 09:26:00,7,LINE_A,M,302.8,315.2,1463,51.3,34,0
3713,2026-09-23 09:31:00,16,LINE_B,H,298.9,309.7,1251,58.2,84,0
3714,2026-09-23 09:54:00,5,LINE_A,M,302.8,314.4,1583,29.7,60,0
3715,2026-09-23 09:54:00,4,LINE_A,H,303.0,312.4,1495,39.9,1,0
3716,2026-09-23 09:55:00,7,LINE_A,H,298.2,309.2,1213,32.3,37,0
3717,2026-09-23 09:58:00,12,LINE_B,M,301.2,311.2,1350,46.6,59,0
3718,2026-09-23 10:00:00,5,LINE_A,H,301.6,311.9,1407,48.8,23,0
3719,2026-09-23 10:13:00,5,LINE_A,H,305.2,317.3,1820,44.2,84,0
3720,2026-09-23 10:17:00,3,LINE_A,L,298.5,308.2,1667,21.9,118,0
3721,2026-09-23 10:32:00,7,LINE_A,M,302.9,312.9,1477,33.2,53,0
3722,2026-09-23 10:44:00,5,LINE_A,M,300.0,309.1,1625,38.6,100,0
3723,2026-09-23 10:50:00,17,LINE_B,H,297.5,308.4,1173,38.1,61,0
3724,2026-09-23 10:52:00,19,LINE_B,L,299.8,309.2,1438,44.4,114,0
3725,2026-09-23 10:58:00,8,LINE_A,H,300.0,311.0,1612,42.8,93,0
3726,2026-09-23 11:01:00,2,LINE_A,M,297.9,306.2,1570,28.9,140,0
3727,2026-09-23 11:02:00,2,LINE_A,H,300.6,311.2,1443,44.0,46,0
3728,2026-09-23 11:03:00,7,LINE_A,L,301.9,311.3,1533,30.5,170,0
3729,2026-09-23 11:16:00,10,LINE_A,M,300.5,311.2,1601,49.2,7,0
3730,2026-09-23 11:19:00,11,LINE_B,M,298.9,308.9,1538,41.7,64,0
3731,2026-09-23 11:35:00,7,LINE_A,H,299.7,309.2,1695,30.2,42,0
3732,2026-09-23 11:52:00,8,LINE_A,H,300.0,309.6,1597,28.4,38,0
3733,2026-09-23 11:54:00,6,LINE_A,M,300.4,309.6,1632,40.4,121,0
3734,2026-09-23 12:04:00,11,LINE_B,M,302.2,313.1,1848,41.6,84,0
3735,2026-09-23 12:14:00,14,LINE_B,L,300.5,309.5,1689,29.4,113,0
3736,2026-09-23 12:22:00,1,LINE_A,H,297.2,306.9,1853,27.1,41,0
3737,2026-09-23 12:24:00,10,LINE_A,L,298.9,309.2,1419,37.6,148,0
3738,2026-09-23 12:24:00,13,LINE_B,M,300.3,311.9,1253,61.0,32,0
3739,2026-09-23 12:35:00,14,LINE_B,M,302.2,312.2,1515,25.5,35,0
3740,2026-09-23 12:44:00,12,LINE_B,L,302.6,312.4,1499,51.5,125,0
3741,2026-09-23 12:49:00,11,LINE_B,L,303.5,313.8,1803,29.1,76,0
3742,2026-09-23 13:24:00,14,LINE_B,L,300.3,308.2,1337,45.5,161,1
3743,2026-09-23 13:38:00,8,LINE_A,H,301.5,310.3,1526,37.7,86,0
3744,2026-09-23 13:41:00,12,LINE_B,M,297.1,306.7,1613,39.7,52,0
3745,2026-09-23 14:03:00,7,LINE_A,L,300.9,310.1,1558,33.6,138,0
3746,2026-09-23 14:06:00,9,LINE_A,M,297.8,306.2,1509,49.4,40,0
3747,2026-09-23 14:16:00,3,LINE_A,L,299.9,310.7,1605,46.9,190,0
3748,2026-09-23 14:49:00,8,LINE_A,H,306.1,316.3,1734,26.3,21,0
3749,2026-09-23 15:04:00,3,LINE_A,L,300.6,310.7,1816,37.0,125,0
3750,2026-09-23 15:09:00,5,LINE_A,L,298.3,307.6,1546,37.0,87,0
3751,2026-09-23 15:21:00,9,LINE_A,L,300.8,310.9,1393,44.8,183,0
3752,2026-09-23 15:25:00,11,LINE_B,M,299.0,309.5,1816,43.9,35,0
3753,2026-09-23 15:40:00,19,LINE_B,L,298.1,307.8,1346,40.4,48,0
3754,2026-09-23 15:46:00,1,LINE_A,M,304.2,314.7,1862,37.7,110,0
3755,2026-09-23 15:57:00,18,LINE_B,L,302.1,311.3,1782,36.4,133,0
3756,2026-09-23 16:00:00,7,LINE_A,L,300.7,310.8,1808,30.4,153,0
3757,2026-09-23 16:05:00,15,LINE_B,L,299.2,310.4,1663,39.2,190,0
3758,2026-09-23 16:15:00,14,LINE_B,L,299.4,310.6,1160,53.4,68,0
3759,2026-09-23 16:20:00,20,LINE_B,H,303.1,314.4,1353,36.3,23,0
3760,2026-09-23 16:52:00,3,LINE_A,L,300.6,310.9,1595,33.5,238,0
3761,2026-09-23 16:53:00,20,LINE_B,H,293.8,303.9,1418,35.3,10,0
3762,2026-09-23 16:59:00,2,LINE_A,L,304.8,314.4,1483,39.5,154,0
3763,2026-09-23 17:05:00,18,LINE_B,L,300.4,308.6,1650,47.5,93,0
3764,2026-09-23 17:06:00,14,LINE_B,L,300.7,309.3,1509,45.6,34,0
3765,2026-09-23 17:13:00,10,LINE_A,L,302.2,312.0,1321,35.1,228,0
3766,2026-09-23 17:42:00,8,LINE_A,M,300.9,310.8,1699,33.0,119,0
3767,2026-09-23 17:43:00,2,LINE_A,M,301.5,312.9,1633,39.1,32,0
3768,2026-09-23 17:46:00,17,LINE_B,L,299.2,310.5,1495,47.3,180,0
3769,2026-09-23 17:53:00,15,LINE_B,M,297.5,306.9,1668,31.0,110,0
3770,2026-09-23 18:02:00,19,LINE_B,M,300.6,311.4,1557,29.6,72,0
3771,2026-09-23 18:22:00,15,LINE_B,H,302.9,312.4,1780,32.4,92,0
3772,2026-09-23 18:26:00,20,LINE_B,H,298.7,309.4,1567,43.7,22,0
3773,2026-09-23 18:46:00,18,LINE_B,M,298.5,309.3,1778,34.7,10,0
3774,2026-09-23 18:48:00,9,LINE_A,H,302.4,313.7,1203,43.0,78,0
3775,2026-09-23 18:51:00,15,LINE_B,M,299.1,308.6,1623,51.6,51,0
3776,2026-09-23 18:56:00,6,LINE_A,L,299.2,310.2,1468,41.4,29,0
3777,2026-09-23 19:02:00,16,LINE_B,M,299.3,307.4,1385,46.2,139,0
3778,2026-09-23 19:05:00,13,LINE_B,L,299.9,311.2,1749,28.4,100,0
3779,2026-09-23 19:09:00,9,LINE_A,M,296.9,306.8,1700,44.1,124,0
3780,2026-09-23 19:25:00,13,LINE_B,H,298.9,308.9,1179,55.4,78,0
3781,2026-09-23 19:46:00,6,LINE_A,L,300.5,308.4,1669,38.7,72,0
3782,2026-09-23 19:48:00,13,LINE_B,H,300.4,310.1,1647,27.6,77,0
3783,2026-09-23 19:50:00,10,LINE_A,H,302.3,313.7,1410,52.7,45,0
3784,2026-09-23 19:50:00,7,LINE_A,L,303.7,313.3,1390,50.6,151,0
3785,2026-09-23 19:51:00,20,LINE_B,M,303.0,313.7,1254,56.7,41,0
3786,2026-09-23 19:56:00,2,LINE_A,H,301.8,311.9,1479,42.1,0,0
3787,2026-09-23 19:58:00,16,LINE_B,H,299.7,310.8,1508,40.4,18,0
3788,2026-09-23 20:00:00,5,LINE_A,L,298.8,308.9,1683,34.2,79,0
3789,2026-09-23 20:00:00,5,LINE_A,L,300.0,309.1,1588,56.8,131,1
3790,2026-09-23 20:05:00,4,LINE_A,M,301.2,311.2,1349,41.4,122,0
3791,2026-09-23 20:15:00,3,LINE_A,L,301.6,313.2,1583,29.2,42,0
3792,2026-09-23 20:20:00,3,LINE_A,L,301.2,311.7,1494,38.4,173,0
3793,2026-09-23 20:23:00,17,LINE_B,L,299.8,309.6,1372,40.8,179,0
3794,2026-09-23 20:25:00,19,LINE_B,L,301.6,313.8,1254,58.7,194,1
3795,2026-09-23 20:27:00,12,LINE_B,M,302.5,313.7,1652,25.8,117,0
3796,2026-09-23 20:42:00,1,LINE_A,M,301.8,312.6,1620,33.1,9,0
3797,2026-09-23 20:51:00,18,LINE_B,M,299.9,310.3,1640,38.5,31,0
3798,2026-09-23 20:59:00,13,LINE_B,M,298.3,309.1,1409,54.1,135,0
3799,2026-09-23 21:11:00,11,LINE_B,L,298.3,309.0,1571,44.8,151,0
3800,2026-09-23 21:33:00,19,LINE_B,L,298.6,306.5,1292,60.4,54,1
3801,2026-09-23 21:34:00,9,LINE_A,L,300.5,310.9,1362,48.1,239,1
3802,2026-09-23 21:41:00,8,LINE_A,L,301.0,310.9,1546,38.2,79,0
3803,2026-09-23 21:42:00,16,LINE_B,L,297.2,306.7,1587,45.4,69,0
3804,2026-09-23 21:56:00,11,LINE_B,L,299.0,308.8,1247,37.9,201,0
3805,2026-09-23 22:08:00,15,LINE_B,L,300.5,308.9,1350,32.0,230,1
3806,2026-09-23 22:08:00,14,LINE_B,L,298.2,306.4,1474,49.8,97,0
3807,2026-09-23 22:20:00,17,LINE_B,M,300.9,312.1,1713,36.5,92,0
3808,2026-09-23 22:23:00,7,LINE_A,M,299.4,309.8,1394,52.1,92,0
3809,2026-09-23 22:43:00,2,LINE_A,H,298.6,306.1,1565,32.4,22,0
3810,2026-09-23 22:55:00,10,LINE_A,M,300.1,309.5,1584,49.0,79,0
3811,2026-09-23 22:56:00,13,LINE_B,M,300.8,311.7,1495,46.7,8,0
3812,2026-09-23 23:12:00,17,LINE_B,L,298.3,308.0,1588,38.3,207,0
3813,2026-09-23 23:19:00,6,LINE_A,M,299.5,310.8,1298,48.9,119,0
3814,2026-09-23 23:30:00,15,LINE_B,L,300.9,312.0,1422,46.3,37,0
3815,2026-09-23 23:34:00,17,LINE_B,L,298.5,307.1,1798,25.4,146,0
3816,2026-09-23 23:40:00,17,LINE_B,L,296.7,306.5,1811,28.8,23,0
3817,2026-09-24 00:01:00,17,LINE_B,L,296.9,306.5,1692,38.1,21,0
3818,2026-09-24 00:09:00,20,LINE_B,L,299.2,307.8,1738,30.7,151,0
3819,2026-09-24 00:18:00,14,LINE_B,M,297.4,305.9,1211,38.1,115,1
3820,2026-09-24 00:22:00,8,LINE_A,H,299.3,308.5,1369,47.5,81,0
3821,2026-09-24 00:51:00,9,LINE_A,M,303.3,312.7,1484,48.4,47,0
3822,2026-09-24 01:03:00,15,LINE_B,M,297.2,307.5,1975,35.5,133,0
3823,2026-09-24 01:10:00,5,LINE_A,M,299.4,310.5,1484,45.9,77,0
3824,2026-09-24 01:18:00,13,LINE_B,L,304.3,314.8,1674,42.5,95,0
3825,2026-09-24 01:22:00,12,LINE_B,M,300.8,311.6,1608,45.9,49,0
3826,2026-09-24 02:01:00,14,LINE_B,M,299.3,309.0,1604,38.7,106,0
3827,2026-09-24 02:05:00,9,LINE_A,L,299.7,310.3,1536,23.2,88,0
3828,2026-09-24 02:05:00,15,LINE_B,L,300.9,310.7,1324,55.8,93,0
3829,2026-09-24 02:09:00,2,LINE_A,H,303.4,313.0,1150,44.6,37,0
3830,2026-09-24 02:19:00,15,LINE_B,M,298.9,310.8,1771,24.0,46,0
3831,2026-09-24 02:21:00,17,LINE_B,L,298.5,306.2,1429,34.5,95,0
3832,2026-09-24 02:27:00,18,LINE_B,M,297.2,305.4,1204,70.0,3,1
3833,2026-09-24 02:57:00,19,LINE_B,L,300.2,310.6,1619,41.2,209,0
3834,2026-09-24 03:01:00,7,LINE_A,L,297.2,306.9,1615,29.4,60,0
3835,2026-09-24 03:12:00,1,LINE_A,L,299.1,307.6,1678,30.4,107,0
3836,2026-09-24 03:33:00,14,LINE_B,L,298.2,307.1,1741,34.0,40,0
3837,2026-09-24 03:50:00,2,LINE_A,M,302.1,311.2,1375,49.3,77,0
3838,2026-09-24 03:52:00,6,LINE_A,L,299.0,309.9,1383,47.0,64,0
3839,2026-09-24 04:07:00,15,LINE_B,M,300.8,312.0,1483,34.3,24,0
3840,2026-09-24 04:08:00,12,LINE_B,L,296.8,308.4,1688,38.1,69,0
3841,2026-09-24 04:11:00,13,LINE_B,M,300.3,308.7,1162,46.5,130,1
3842,2026-09-24 04:14:00,16,LINE_B,M,297.6,306.2,1563,47.7,124,0
3843,2026-09-24 04:18:00,4,LINE_A,M,299.1,307.7,1708,35.4,113,0
3844,2026-09-24 04:19:00,16,LINE_B,M,304.4,315.7,1700,29.1,29,0
3845,2026-09-24 04:21:00,12,LINE_B,H,301.9,312.3,1668,41.7,62,0
3846,2026-09-24 04:31:00,9,LINE_A,M,299.7,309.8,1731,37.3,118,0
3847,2026-09-24 04:36:00,10,LINE_A,M,306.4,316.6,1150,47.9,93,0
3848,2026-09-24 04:41:00,11,LINE_B,M,298.2,308.1,1830,37.1,124,0
3849,2026-09-24 04:46:00,12,LINE_B,L,302.3,311.2,1599,43.2,48,0
3850,2026-09-24 04:53:00,7,LINE_A,L,296.9,307.4,1780,42.4,111,0
3851,2026-09-24 05:13:00,5,LINE_A,L,299.5,309.3,1329,52.0,79,0
3852,2026-09-24 05:17:00,4,LINE_A,L,297.3,306.1,1224,47.8,173,0
3853,2026-09-24 05:18:00,7,LINE_A,L,300.5,311.1,1862,16.8,30,1
3854,2026-09-24 05:50:00,6,LINE_A,L,300.1,309.7,1373,46.5,76,0
3855,2026-09-24 06:02:00,11,LINE_B,M,299.4,309.6,1484,44.4,101,0
3856,2026-09-24 06:19:00,19,LINE_B,L,302.2,312.1,1635,37.6,4,0
3857,2026-09-24 06:24:00,3,LINE_A,H,298.9,309.8,1679,11.7,24,1
3858,2026-09-24 06:34:00,7,LINE_A,L,300.7,310.9,1734,39.6,170,0
3859,2026-09-24 06:58:00,1,LINE_A,M,301.6,310.8,1580,31.5,34,0
3860,2026-09-24 07:10:00,20,LINE_B,L,297.0,307.4,1350,,145,0
3861,2026-09-24 07:33:00,15,LINE_B,L,298.5,308.9,1667,49.8,96,0
3862,2026-09-24 07:36:00,5,LINE_A,L,300.1,310.6,1670,34.1,110,0
3863,2026-09-24 07:44:00,9,LINE_A,M,301.3,312.3,1213,53.3,51,0
3864,2026-09-24 07:59:00,15,LINE_B,L,302.8,312.2,1795,32.6,215,0
3865,2026-09-24 08:16:00,20,LINE_B,H,299.6,310.2,1150,55.9,69,0
3866,2026-09-24 08:28:00,12,LINE_B,L,299.4,307.6,1726,35.2,174,0
3867,2026-09-24 09:03:00,6,LINE_A,M,298.3,308.1,1426,39.3,113,0
3868,2026-09-24 09:18:00,14,LINE_B,L,300.7,310.4,1667,29.0,102,0
3869,2026-09-24 09:22:00,14,LINE_B,M,299.4,310.9,1632,50.0,14,0
3870,2026-09-24 09:22:00,13,LINE_B,L,299.5,309.3,1533,43.7,12,0
3871,2026-09-24 09:31:00,1,LINE_A,L,299.8,310.4,1621,44.2,115,0
3872,2026-09-24 09:43:00,15,LINE_B,L,301.1,309.3,1524,43.7,210,0
3873,2026-09-24 09:46:00,1,LINE_A,L,298.9,308.5,1669,44.0,115,0
3874,2026-09-24 09:58:00,19,LINE_B,L,298.5,307.6,1933,21.0,236,1
3875,2026-09-24 10:04:00,18,LINE_B,H,300.9,313.3,1299,47.9,50,0
3876,2026-09-24 10:05:00,12,LINE_B,L,293.9,303.3,1150,55.7,152,0
3877,2026-09-24 10:06:00,13,LINE_B,L,298.8,308.9,1465,52.6,18,0
3878,2026-09-24 10:09:00,2,LINE_A,H,297.7,307.8,1453,64.0,74,1
3879,2026-09-24 10:29:00,18,LINE_B,L,302.4,310.8,1472,45.3,213,0
3880,2026-09-24 10:33:00,6,LINE_A,L,299.1,308.6,1373,39.7,121,0
3881,2026-09-24 10:39:00,6,LINE_A,M,298.9,309.3,1697,25.7,130,0
3882,2026-09-24 10:58:00,15,LINE_B,H,299.9,310.0,1291,40.2,22,0
3883,2026-09-24 11:01:00,19,LINE_B,M,298.8,306.5,1621,31.4,70,0
3884,2026-09-24 11:10:00,10,LINE_A,L,299.2,308.6,1655,13.3,218,1
3885,2026-09-24 11:14:00,11,LINE_B,H,300.2,311.2,1597,32.9,58,0
3886,2026-09-24 11:16:00,11,LINE_B,L,299.2,309.7,1628,43.1,165,0
3887,2026-09-24 11:48:00,6,LINE_A,H,299.1,310.4,1711,35.5,38,0
3888,2026-09-24 11:50:00,12,LINE_B,H,298.0,307.0,1550,37.6,52,0
3889,2026-09-24 12:25:00,20,LINE_B,H,297.7,309.0,1478,28.9,36,0
3890,2026-09-24 12:27:00,8,LINE_A,L,300.1,310.1,1628,45.8,163,0
3891,2026-09-24 12:28:00,16,LINE_B,L,300.6,312.2,1648,40.9,13,0
3892,2026-09-24 12:31:00,16,LINE_B,M,297.1,307.1,1700,35.1,73,0
3893,2026-09-24 12:35:00,18,LINE_B,M,301.5,309.5,1232,31.6,134,1
3894,2026-09-24 12:49:00,15,LINE_B,M,301.5,312.4,1507,37.1,8,0
3895,2026-09-24 12:52:00,19,LINE_B,H,301.9,311.5,1348,49.2,43,0
3896,2026-09-24 12:56:00,15,LINE_B,M,300.6,310.2,1641,36.7,95,0
3897,2026-09-24 12:58:00,20,LINE_B,L,301.3,309.8,1671,37.6,20,0
3898,2026-09-24 13:01:00,15,LINE_B,L,304.4,316.0,1491,47.0,1,0
3899,2026-09-24 13:01:00,17,LINE_B,L,299.4,308.9,1409,45.2,39,0
3900,2026-09-24 13:06:00,18,LINE_B,L,297.9,309.5,1647,42.0,52,0
3901,2026-09-24 13:12:00,20,LINE_B,L,296.9,306.5,1516,34.0,210,0
3902,2026-09-24 13:23:00,12,LINE_B,H,303.5,312.6,1797,22.5,15,0
3903,2026-09-24 13:37:00,15,LINE_B,M,303.5,314.9,1859,34.2,92,0
3904,2026-09-24 13:43:00,20,LINE_B,M,298.2,308.1,1720,40.1,49,0
3905,2026-09-24 13:47:00,8,LINE_A,L,298.5,308.5,1582,42.9,128,0
3906,2026-09-24 14:04:00,3,LINE_A,M,299.4,308.1,1869,31.2,130,0
3907,2026-09-24 14:11:00,18,LINE_B,H,302.4,312.0,1583,36.1,82,0
3908,2026-09-24 14:17:00,13,LINE_B,H,297.4,307.9,1454,44.3,8,0
3909,2026-09-24 14:21:00,9,LINE_A,M,296.1,304.8,1418,46.7,13,0
3910,2026-09-24 14:23:00,15,LINE_B,H,304.3,313.8,1413,47.3,34,0
3911,2026-09-24 14:27:00,1,LINE_A,M,300.6,310.2,1539,60.9,116,1
3912,2026-09-24 14:32:00,10,LINE_A,L,300.9,311.0,1623,30.1,182,0
3913,2026-09-24 14:38:00,6,LINE_A,H,299.6,311.1,1285,73.4,59,1
3914,2026-09-24 15:15:00,6,LINE_A,L,300.9,310.6,1459,32.4,207,0
3915,2026-09-24 15:19:00,20,LINE_B,L,297.0,306.3,1578,41.9,43,0
3916,2026-09-24 15:23:00,12,LINE_B,L,298.3,311.1,1656,27.0,176,0
3917,2026-09-24 15:28:00,3,LINE_A,M,300.2,309.8,1535,42.6,139,0
3918,2026-09-24 16:09:00,8,LINE_A,M,295.5,305.3,1584,46.5,139,0
3919,2026-09-24 16:28:00,5,LINE_A,M,299.4,309.0,1317,46.9,102,0
3920,2026-09-24 16:30:00,19,LINE_B,L,299.3,309.0,1376,52.7,167,0
3921,2026-09-24 16:31:00,6,LINE_A,L,299.4,309.5,1529,36.9,53,0
3922,2026-09-24 16:37:00,8,LINE_A,H,298.9,309.8,1632,20.8,71,0
3923,2026-09-24 16:42:00,7,LINE_A,L,298.0,308.4,1582,,59,0
3924,2026-09-24 16:58:00,4,LINE_A,H,296.4,307.4,1387,44.8,40,0
3925,2026-09-24 17:06:00,16,LINE_B,L,300.3,311.3,1497,37.4,28,0
3926,2026-09-24 17:06:00,12,LINE_B,M,299.4,309.6,1812,28.6,43,0
3927,2026-09-24 17:13:00,9,LINE_A,M,297.2,307.6,1638,40.3,11,0
3928,2026-09-24 17:14:00,8,LINE_A,H,300.1,311.2,1511,34.4,44,0
3929,2026-09-24 17:16:00,14,LINE_B,L,299.4,308.3,1355,48.5,17,0
3930,2026-09-24 17:25:00,2,LINE_A,H,299.1,311.6,1412,53.4,74,0
3931,2026-09-24 17:26:00,19,LINE_B,M,295.7,305.2,1541,56.4,94,1
3932,2026-09-24 17:36:00,12,LINE_B,M,301.4,311.0,1590,49.7,94,0
3933,2026-09-24 17:38:00,5,LINE_A,M,297.5,306.3,1642,38.2,101,0
3934,2026-09-24 17:45:00,11,LINE_B,L,300.1,308.9,1610,40.0,185,0
3935,2026-09-24 17:55:00,18,LINE_B,L,298.4,309.4,1473,38.8,162,0
3936,2026-09-24 17:56:00,4,LINE_A,L,299.2,311.5,1448,39.0,150,0
3937,2026-09-24 17:56:00,11,LINE_B,L,302.3,311.7,1908,35.9,43,0
3938,2026-09-24 18:02:00,12,LINE_B,M,301.1,311.4,1440,40.5,105,0
3939,2026-09-24 18:33:00,17,LINE_B,L,302.3,312.5,1307,49.9,116,0
3940,2026-09-24 18:37:00,12,LINE_B,L,300.7,311.7,1245,41.1,37,0
3941,2026-09-24 18:47:00,15,LINE_B,L,300.8,313.0,1476,52.9,115,0
3942,2026-09-24 18:52:00,16,LINE_B,L,296.4,308.0,1709,32.3,77,0
3943,2026-09-24 19:09:00,18,LINE_B,L,299.4,309.1,1436,51.8,47,0
3944,2026-09-24 19:10:00,8,LINE_A,M,299.6,310.1,1806,26.4,80,0
3945,2026-09-24 19:11:00,15,LINE_B,L,302.4,313.1,1539,34.0,214,0
3946,2026-09-24 19:14:00,5,LINE_A,H,299.0,309.0,1740,44.6,1,0
3947,2026-09-24 19:17:00,17,LINE_B,L,300.5,309.4,1404,39.1,32,0
3948,2026-09-24 19:17:00,20,LINE_B,L,300.5,309.7,1406,31.5,218,0
3949,2026-09-24 19:19:00,6,LINE_A,H,302.3,313.5,1556,31.2,66,0
3950,2026-09-24 19:21:00,12,LINE_B,L,299.7,311.0,1627,44.2,57,0
3951,2026-09-24 19:21:00,17,LINE_B,L,301.7,311.4,1508,47.1,88,0
3952,2026-09-24 19:30:00,1,LINE_A,H,296.6,306.9,1593,32.3,8,0
3953,2026-09-24 19:36:00,15,LINE_B,H,296.8,308.0,1646,31.8,81,0
3954,2026-09-24 19:52:00,17,LINE_B,M,295.4,303.7,1284,53.1,95,1
3955,2026-09-24 19:58:00,18,LINE_B,L,301.6,311.1,1479,52.4,55,0
3956,2026-09-24 20:01:00,4,LINE_A,M,301.3,313.4,1447,42.3,28,0
3957,2026-09-24 20:02:00,16,LINE_B,H,301.8,312.1,1455,47.0,66,0
3958,2026-09-24 20:04:00,16,LINE_B,H,298.6,307.5,1613,44.8,54,0
3959,2026-09-24 20:05:00,1,LINE_A,L,298.9,309.0,1449,59.9,179,1
3960,2026-09-24 20:11:00,15,LINE_B,L,299.8,310.8,1179,41.6,59,0
3961,2026-09-24 20:12:00,13,LINE_B,L,302.9,310.3,1497,35.9,238,0
3962,2026-09-24 20:40:00,20,LINE_B,L,303.4,313.6,1348,41.7,39,0
3963,2026-09-24 20:46:00,1,LINE_A,M,301.6,311.2,1629,43.9,25,0
3964,2026-09-24 21:45:00,20,LINE_B,L,300.7,309.0,1685,33.6,176,0
3965,2026-09-24 21:46:00,12,LINE_B,L,302.7,312.8,1150,54.2,135,0
3966,2026-09-24 21:59:00,6,LINE_A,L,299.5,309.4,1401,45.2,93,0
3967,2026-09-24 22:05:00,8,LINE_A,L,299.2,309.2,1604,38.1,176,0
3968,2026-09-24 22:20:00,16,LINE_B,L,299.7,309.4,1286,48.5,137,0
3969,2026-09-24 22:21:00,20,LINE_B,L,298.0,307.0,1681,44.0,96,0
3970,2026-09-24 22:31:00,7,LINE_A,L,299.6,308.2,1729,26.6,51,0
3971,2026-09-24 22:49:00,20,LINE_B,H,297.8,307.1,1511,39.7,69,0
3972,2026-09-24 22:51:00,13,LINE_B,L,302.1,312.9,1401,34.5,132,0
3973,2026-09-24 22:53:00,4,LINE_A,M,301.1,311.3,1150,53.5,128,0
3974,2026-09-24 23:11:00,12,LINE_B,L,302.9,312.8,1687,34.0,101,0
3975,2026-09-24 23:17:00,17,LINE_B,L,296.7,305.7,1900,,63,0
3976,2026-09-24 23:36:00,2,LINE_A,L,303.8,313.4,1863,30.3,12,0
3977,2026-09-24 23:39:00,2,LINE_A,L,296.9,307.6,1505,37.5,65,0
3978,2026-09-24 23:47:00,1,LINE_A,L,297.6,308.1,1343,43.9,174,0
3979,2026-09-24 23:54:00,12,LINE_B,L,298.8,308.3,1691,49.3,68,0
3980,2026-09-24 23:57:00,2,LINE_A,M,302.6,310.0,1517,28.1,79,0
3981,2026-09-24 23:59:00,19,LINE_B,L,300.5,309.8,1626,32.4,51,0
3982,2026-09-25 00:05:00,3,LINE_A,L,299.5,309.0,1594,38.7,222,0
3983,2026-09-25 00:09:00,2,LINE_A,M,298.4,307.5,1557,34.4,130,0
3984,2026-09-25 00:28:00,6,LINE_A,L,297.2,306.8,1725,38.4,193,0
3985,2026-09-25 00:34:00,16,LINE_B,L,302.3,313.1,1732,33.8,175,0
3986,2026-09-25 00:41:00,19,LINE_B,L,301.6,311.6,1446,44.9,137,0
3987,2026-09-25 01:06:00,6,LINE_A,L,302.7,313.7,1374,45.9,1,0
3988,2026-09-25 01:24:00,11,LINE_B,L,300.8,309.3,1150,50.9,10,1
3989,2026-09-25 01:25:00,16,LINE_B,H,294.7,304.4,1478,31.5,42,0
3990,2026-09-25 01:39:00,16,LINE_B,H,297.5,305.6,1343,47.3,72,1
3991,2026-09-25 01:43:00,4,LINE_A,H,300.9,310.5,1615,23.6,12,0
3992,2026-09-25 01:47:00,17,LINE_B,L,299.3,308.2,1480,36.4,131,0
3993,2026-09-25 01:49:00,18,LINE_B,L,298.9,310.2,1499,45.1,229,0
3994,2026-09-25 01:57:00,15,LINE_B,L,297.8,308.2,1686,45.1,200,0
3995,2026-09-25 02:03:00,11,LINE_B,L,301.9,312.9,1612,56.7,132,1
3996,2026-09-25 02:07:00,8,LINE_A,L,300.9,310.5,1519,37.2,138,0
3997,2026-09-25 02:17:00,18,LINE_B,L,301.0,310.0,1844,24.0,15,0
3998,2026-09-25 02:23:00,18,LINE_B,L,298.7,307.7,1673,40.2,0,0
3999,2026-09-25 02:33:00,11,LINE_B,L,300.4,310.6,1465,57.2,75,0
4000,2026-09-25 02:42:00,15,LINE_B,L,297.3,309.1,1473,54.3,195,0
4001,2026-09-25 02:45:00,8,LINE_A,M,299.7,310.2,1682,27.5,1,0
4002,2026-09-25 03:17:00,15,LINE_B,L,294.9,304.6,1577,37.8,191,0
4003,2026-09-25 03:29:00,2,LINE_A,H,296.9,306.7,1338,52.9,24,0
4004,2026-09-25 03:40:00,19,LINE_B,L,299.4,309.3,1701,42.5,23,0
4005,2026-09-25 03:53:00,11,LINE_B,M,304.8,316.8,1766,37.9,13,0
4006,2026-09-25 03:59:00,12,LINE_B,L,296.4,307.6,1753,30.0,164,0
4007,2026-09-25 04:03:00,4,LINE_A,L,297.5,307.8,1818,36.3,10,0
4008,2026-09-25 04:03:00,11,LINE_B,L,300.4,310.5,1912,36.3,126,0
4009,2026-09-25 04:04:00,1,LINE_A,L,303.5,313.8,1851,23.2,224,0
4010,2026-09-25 04:05:00,18,LINE_B,M,300.4,310.9,1601,48.8,85,0
4011,2026-09-25 04:12:00,15,LINE_B,L,301.4,311.0,1502,49.1,80,0
4012,2026-09-25 04:34:00,10,LINE_A,L,299.3,308.5,1211,43.9,213,0
4013,2026-09-25 04:34:00,17,LINE_B,H,299.0,310.0,1542,47.3,7,0
4014,2026-09-25 04:51:00,17,LINE_B,L,300.2,310.2,1633,43.7,59,0
4015,2026-09-25 04:52:00,3,LINE_A,M,298.7,309.6,1548,46.6,25,0
4016,2026-09-25 05:06:00,2,LINE_A,M,301.4,313.1,1200,62.8,2,0
4017,2026-09-25 05:12:00,6,LINE_A,L,296.8,307.3,1488,41.5,229,0
4018,2026-09-25 05:17:00,1,LINE_A,L,301.8,312.1,1656,39.2,50,0
4019,2026-09-25 05:22:00,12,LINE_B,L,300.1,313.3,1355,24.4,17,1
4020,2026-09-25 05:35:00,11,LINE_B,M,299.6,309.8,1570,48.0,131,0
4021,2026-09-25 05:45:00,11,LINE_B,L,296.7,305.6,1618,45.8,230,0
4022,2026-09-25 06:03:00,2,LINE_A,L,298.0,307.8,1741,44.8,50,0
4023,2026-09-25 06:04:00,19,LINE_B,L,302.4,313.9,1848,23.3,96,0
4024,2026-09-25 06:33:00,20,LINE_B,H,299.6,308.3,1472,49.7,64,0
4025,2026-09-25 06:38:00,12,LINE_B,M,300.6,309.8,1573,47.2,61,0
4026,2026-09-25 06:41:00,1,LINE_A,H,298.2,309.3,1579,33.6,76,0
4027,2026-09-25 06:49:00,8,LINE_A,M,299.9,309.7,1657,44.9,35,0
4028,2026-09-25 06:52:00,15,LINE_B,M,297.3,307.1,1637,40.8,117,0
4029,2026-09-25 06:54:00,15,LINE_B,L,300.2,311.3,1797,18.7,134,0
4030,2026-09-25 06:59:00,5,LINE_A,H,300.7,310.0,1150,56.4,1,0
4031,2026-09-25 07:08:00,17,LINE_B,M,300.6,309.2,1615,31.6,89,0
4032,2026-09-25 07:16:00,20,LINE_B,L,298.2,306.8,1628,24.0,2,0
4033,2026-09-25 07:19:00,11,LINE_B,M,299.3,309.9,1498,44.2,122,0
4034,2026-09-25 07:21:00,8,LINE_A,M,301.1,311.3,1150,51.2,142,0
4035,2026-09-25 07:30:00,11,LINE_B,L,299.6,308.9,1529,51.6,37,0
4036,2026-09-25 07:33:00,1,LINE_A,L,299.4,308.3,1412,45.3,126,0
4037,2026-09-25 07:38:00,11,LINE_B,L,303.8,313.5,1842,37.2,80,0
4038,2026-09-25 08:00:00,1,LINE_A,H,298.1,309.2,1608,42.0,6,0
4039,2026-09-25 08:02:00,1,LINE_A,L,302.2,311.3,1397,52.5,162,0
4040,2026-09-25 08:04:00,12,LINE_B,H,297.7,307.0,1171,44.0,2,0
4041,2026-09-25 08:05:00,11,LINE_B,L,301.3,310.1,1646,38.4,5,0
4042,2026-09-25 08:13:00,20,LINE_B,M,301.4,311.0,1665,35.1,116,0
4043,2026-09-25 08:23:00,11,LINE_B,L,299.0,309.3,1501,46.4,67,0
4044,2026-09-25 08:32:00,20,LINE_B,H,297.6,309.7,1649,38.8,87,0
4045,2026-09-25 08:32:00,17,LINE_B,L,296.1,306.3,1477,37.0,142,0
4046,2026-09-25 08:34:00,7,LINE_A,L,298.8,308.7,1732,31.5,125,0
4047,2026-09-25 08:37:00,19,LINE_B,L,301.1,311.9,1719,47.8,98,0
4048,2026-09-25 08:40:00,10,LINE_A,L,297.8,308.5,1245,35.3,89,0
4049,2026-09-25 08:52:00,12,LINE_B,L,300.2,309.6,1289,53.2,53,0
4050,2026-09-25 08:56:00,3,LINE_A,M,297.0,309.3,1906,39.0,101,0
4051,2026-09-25 09:02:00,5,LINE_A,H,299.5,309.5,1708,39.6,58,0
4052,2026-09-25 09:07:00,11,LINE_B,M,297.7,307.9,1313,62.6,3,0
4053,2026-09-25 09:33:00,6,LINE_A,M,299.8,310.4,1257,56.0,46,0
4054,2026-09-25 09:35:00,12,LINE_B,L,299.0,309.3,1577,42.0,215,0
4055,2026-09-25 09:45:00,2,LINE_A,H,297.6,309.1,1334,42.4,47,0
4056,2026-09-25 09:51:00,6,LINE_A,H,298.7,308.1,1483,44.9,24,0
4057,2026-09-25 09:52:00,14,LINE_B,L,298.1,308.9,1531,45.7,55,0
4058,2026-09-25 09:58:00,13,LINE_B,H,297.4,307.5,1524,40.5,18,0
4059,2026-09-25 10:39:00,20,LINE_B,L,302.2,313.1,1743,28.0,206,0
4060,2026-09-25 10:39:00,18,LINE_B,H,299.3,309.1,1870,20.5,30,0
4061,2026-09-25 10:44:00,17,LINE_B,H,295.6,305.2,1454,44.1,28,0
4062,2026-09-25 10:46:00,1,LINE_A,M,298.8,309.5,1336,34.3,9,0
4063,2026-09-25 10:50:00,13,LINE_B,L,301.8,312.2,1610,34.1,213,0
4064,2026-09-25 11:18:00,5,LINE_A,M,298.5,307.7,1834,11.7,56,1
4065,2026-09-25 11:28:00,6,LINE_A,L,303.0,314.3,1467,48.8,169,0
4066,2026-09-25 11:29:00,5,LINE_A,M,298.3,309.0,1693,44.6,103,0
4067,2026-09-25 11:30:00,10,LINE_A,L,301.0,310.9,1389,45.2,84,0
4068,2026-09-25 11:35:00,3,LINE_A,M,302.1,311.6,1544,54.5,71,0
4069,2026-09-25 11:43:00,11,LINE_B,H,300.9,311.3,1331,57.1,10,0
4070,2026-09-25 11:55:00,4,LINE_A,L,297.3,307.9,1542,43.8,160,0
4071,2026-09-25 12:04:00,11,LINE_B,L,298.1,306.5,1519,39.7,161,0
4072,2026-09-25 12:07:00,13,LINE_B,M,302.3,312.7,1649,33.9,31,0
4073,2026-09-25 12:19:00,4,LINE_A,L,298.4,309.0,1860,34.9,46,0
4074,2026-09-25 12:32:00,3,LINE_A,L,302.0,309.6,1470,41.0,95,0
4075,2026-09-25 12:46:00,17,LINE_B,L,299.1,309.3,1180,55.2,166,0
4076,2026-09-25 12:48:00,15,LINE_B,L,300.3,311.0,1504,46.1,124,0
4077,2026-09-25 13:09:00,6,LINE_A,M,297.2,307.8,1594,36.5,8,0
4078,2026-09-25 13:19:00,18,LINE_B,M,298.8,309.6,1576,47.7,82,0
4079,2026-09-25 13:23:00,5,LINE_A,L,298.2,307.9,1512,39.0,169,0
4080,2026-09-25 13:29:00,19,LINE_B,L,300.5,309.4,1808,32.1,44,0
4081,2026-09-25 13:29:00,3,LINE_A,L,300.2,308.4,1565,31.4,106,0
4082,2026-09-25 13:43:00,14,LINE_B,L,300.9,312.0,1521,38.4,193,0
4083,2026-09-25 13:59:00,1,LINE_A,M,299.0,309.7,1400,61.5,46,1
4084,2026-09-25 14:12:00,4,LINE_A,L,298.1,309.3,1226,42.2,21,0
4085,2026-09-25 14:24:00,9,LINE_A,M,300.4,309.6,1599,41.7,133,0
4086,2026-09-25 14:27:00,2,LINE_A,H,297.9,308.7,1584,35.0,9,0
4087,2026-09-25 14:46:00,10,LINE_A,M,302.2,310.7,1349,28.0,8,1
4088,2026-09-25 14:47:00,5,LINE_A,M,299.8,308.9,1532,44.7,35,0
4089,2026-09-25 14:51:00,2,LINE_A,L,299.3,309.5,1514,36.3,180,0
4090,2026-09-25 15:18:00,20,LINE_B,L,300.9,311.6,1428,45.9,157,0
4091,2026-09-25 15:18:00,20,LINE_B,L,299.8,311.5,1397,52.2,56,0
4092,2026-09-25 15:23:00,20,LINE_B,M,296.7,306.4,1613,39.7,11,0
4093,2026-09-25 15:25:00,4,LINE_A,H,297.9,307.0,1499,43.8,92,0
4094,2026-09-25 15:29:00,8,LINE_A,L,302.1,311.2,1434,36.2,1,0
4095,2026-09-25 15:37:00,7,LINE_A,L,300.2,309.5,1385,50.3,221,1
4096,2026-09-25 15:41:00,7,LINE_A,L,296.6,308.9,1517,39.2,113,0
4097,2026-09-25 15:59:00,9,LINE_A,M,300.7,311.5,1706,19.0,28,1
4098,2026-09-25 16:26:00,11,LINE_B,M,298.9,310.0,1577,45.5,50,0
4099,2026-09-25 16:26:00,10,LINE_A,M,298.3,308.0,1497,50.3,44,0
4100,2026-09-25 16:30:00,6,LINE_A,H,297.7,307.7,1596,50.2,15,0
4101,2026-09-25 16:56:00,20,LINE_B,L,302.0,312.7,1786,50.0,103,1
4102,2026-09-25 16:57:00,20,LINE_B,M,296.1,305.6,1628,43.5,94,0
4103,2026-09-25 16:58:00,7,LINE_A,M,298.3,308.0,1587,42.7,68,0
4104,2026-09-25 17:10:00,5,LINE_A,L,300.2,309.6,1655,45.3,153,0
4105,2026-09-25 17:10:00,11,LINE_B,H,303.2,312.7,1512,33.8,93,0
4106,2026-09-25 17:13:00,8,LINE_A,L,301.1,311.2,1573,25.6,29,0
4107,2026-09-25 17:16:00,20,LINE_B,M,298.3,307.5,1452,38.8,106,0
4108,2026-09-25 17:25:00,9,LINE_A,M,303.1,313.3,1261,58.6,33,0
4109,2026-09-25 17:31:00,1,LINE_A,H,297.3,307.6,1602,32.9,2,0
4110,2026-09-25 17:35:00,3,LINE_A,M,300.5,310.4,1602,41.9,52,0
4111,2026-09-25 17:39:00,2,LINE_A,L,301.0,310.1,1488,46.1,94,0
4112,2026-09-25 17:52:00,8,LINE_A,H,298.2,308.3,1726,36.4,95,0
4113,2026-09-25 17:56:00,7,LINE_A,M,301.4,310.9,1410,33.7,49,0
4114,2026-09-25 18:06:00,18,LINE_B,M,299.0,309.0,1221,52.3,110,0
4115,2026-09-25 18:28:00,18,LINE_B,M,301.4,312.5,1415,40.4,134,0
4116,2026-09-25 18:34:00,3,LINE_A,L,296.3,305.1,1263,61.9,80,0
4117,2026-09-25 18:44:00,19,LINE_B,M,300.7,312.8,1601,47.3,25,0
4118,2026-09-25 18:48:00,12,LINE_B,H,299.2,309.1,1405,41.0,92,0
4119,2026-09-25 18:49:00,7,LINE_A,L,302.3,312.7,1717,48.8,109,0
4120,2026-09-25 18:53:00,9,LINE_A,L,299.9,309.2,1713,37.5,109,0
4121,2026-09-25 19:09:00,9,LINE_A,H,302.5,313.6,1374,31.6,70,0
4122,2026-09-25 19:17:00,4,LINE_A,M,301.0,310.9,1395,43.7,55,0
4123,2026-09-25 19:34:00,18,LINE_B,H,299.7,309.4,1636,50.2,52,0
4124,2026-09-25 19:38:00,1,LINE_A,L,301.6,311.0,1716,28.2,226,1
4125,2026-09-25 19:55:00,2,LINE_A,H,301.6,311.3,1178,50.3,4,0
4126,2026-09-25 19:55:00,6,LINE_A,L,300.9,311.4,1591,27.6,176,0
4127,2026-09-25 20:04:00,3,LINE_A,M,295.4,305.6,1150,42.1,57,0
4128,2026-09-25 20:07:00,2,LINE_A,L,298.0,308.0,1441,36.3,131,0
4129,2026-09-25 20:11:00,8,LINE_A,M,302.8,312.1,1737,24.3,131,0
4130,2026-09-25 20:28:00,8,LINE_A,H,297.5,306.7,2082,18.8,58,0
4131,2026-09-25 20:28:00,3,LINE_A,M,301.8,311.3,1497,55.2,60,0
4132,2026-09-25 20:30:00,17,LINE_B,M,301.4,311.9,1316,46.4,140,0
4133,2026-09-25 20:33:00,18,LINE_B,L,298.5,309.2,1448,49.1,145,0
4134,2026-09-25 20:45:00,15,LINE_B,M,296.0,306.8,1552,48.4,22,0
4135,2026-09-25 20:54:00,11,LINE_B,M,298.9,308.9,1419,34.8,13,0
4136,2026-09-25 20:56:00,19,LINE_B,L,304.2,314.5,1374,38.3,83,0
4137,2026-09-25 21:01:00,8,LINE_A,M,298.3,308.1,1463,48.4,103,0
4138,2026-09-25 21:05:00,9,LINE_A,H,298.4,306.7,1611,32.8,40,0
4139,2026-09-25 21:50:00,1,LINE_A,M,298.0,307.8,1510,46.5,24,0
4140,2026-09-25 22:10:00,15,LINE_B,M,302.4,312.1,1381,58.2,142,0
4141,2026-09-25 22:11:00,2,LINE_A,L,299.5,308.5,1419,32.0,47,0
4142,2026-09-25 22:21:00,14,LINE_B,M,298.7,308.2,1466,39.4,12,0
4143,2026-09-25 22:29:00,16,LINE_B,L,302.8,313.0,1360,43.8,91,0
4144,2026-09-25 22:30:00,5,LINE_A,L,301.2,310.0,1413,39.6,26,0
4145,2026-09-25 22:35:00,13,LINE_B,L,298.2,307.5,1656,31.7,142,0
4146,2026-09-25 22:47:00,7,LINE_A,L,297.6,309.1,1499,37.3,104,0
4147,2026-09-25 22:49:00,8,LINE_A,L,302.3,310.7,1224,49.3,222,1
4148,2026-09-25 22:52:00,11,LINE_B,M,300.0,309.9,1724,35.8,24,0
4149,2026-09-25 22:58:00,5,LINE_A,L,296.9,305.7,1615,45.4,64,0
4150,2026-09-25 22:59:00,16,LINE_B,L,296.4,305.7,1291,47.3,164,0
4151,2026-09-25 22:59:00,8,LINE_A,L,297.8,307.6,1474,50.9,167,0
4152,2026-09-25 23:04:00,10,LINE_A,M,297.5,306.5,1397,39.5,52,0
4153,2026-09-25 23:04:00,17,LINE_B,L,295.9,306.5,1662,26.7,221,0
4154,2026-09-25 23:15:00,5,LINE_A,L,297.8,309.2,1473,39.6,203,0
4155,2026-09-25 23:18:00,10,LINE_A,M,298.2,309.0,1527,44.1,88,0
4156,2026-09-25 23:23:00,20,LINE_B,L,299.1,310.1,1506,47.9,179,0
4157,2026-09-25 23:32:00,8,LINE_A,H,303.4,312.0,1274,59.7,51,0
4158,2026-09-25 23:50:00,3,LINE_A,L,299.5,309.2,1793,34.7,112,0
4159,2026-09-25 23:54:00,6,LINE_A,L,299.7,310.1,1659,42.4,130,0
4160,2026-09-26 00:09:00,20,LINE_B,L,301.0,311.9,1405,55.0,202,1
4161,2026-09-26 00:27:00,16,LINE_B,M,299.5,311.3,1575,32.7,2,0
4162,2026-09-26 00:55:00,17,LINE_B,L,300.8,311.9,1715,33.1,24,0
4163,2026-09-26 01:45:00,6,LINE_A,H,300.6,311.5,1550,61.9,45,1
4164,2026-09-26 01:58:00,17,LINE_B,L,300.2,312.9,1820,38.4,139,0
4165,2026-09-26 02:11:00,8,LINE_A,M,305.5,315.6,2065,28.3,26,0
4166,2026-09-26 02:11:00,16,LINE_B,L,301.8,311.5,1517,47.8,145,0
4167,2026-09-26 02:21:00,18,LINE_B,L,297.8,308.0,1435,32.5,5,0
4168,2026-09-26 02:30:00,5,LINE_A,L,300.7,309.8,1362,40.2,59,0
4169,2026-09-26 02:35:00,19,LINE_B,M,298.4,308.5,1150,43.6,66,0
4170,2026-09-26 02:43:00,13,LINE_B,L,300.9,309.2,1765,36.6,11,0
4171,2026-09-26 02:48:00,15,LINE_B,H,297.2,306.7,1476,39.0,61,0
4172,2026-09-26 02:49:00,16,LINE_B,M,297.8,307.7,1698,36.0,77,0
4173,2026-09-26 02:59:00,4,LINE_A,H,300.7,311.6,1734,31.7,54,0
4174,2026-09-26 03:09:00,15,LINE_B,L,302.0,313.1,1345,32.8,123,0
4175,2026-09-26 03:13:00,5,LINE_A,M,301.0,310.0,1372,52.1,99,0
4176,2026-09-26 03:21:00,6,LINE_A,M,301.7,313.8,1854,16.5,94,1
4177,2026-09-26 03:26:00,3,LINE_A,M,300.7,310.9,1527,34.6,95,0
4178,2026-09-26 03:42:00,4,LINE_A,H,300.3,310.6,1421,33.0,20,0
4179,2026-09-26 03:42:00,20,LINE_B,M,299.0,307.4,1352,38.6,98,1
4180,2026-09-26 03:42:00,7,LINE_A,H,301.6,311.0,1515,42.4,17,0
4181,2026-09-26 03:45:00,8,LINE_A,M,302.0,313.1,1811,41.7,3,0
4182,2026-09-26 03:46:00,10,LINE_A,L,299.9,310.0,1663,23.8,234,0
4183,2026-09-26 03:47:00,15,LINE_B,M,299.8,309.9,1573,34.6,25,0
4184,2026-09-26 04:14:00,12,LINE_B,L,303.2,313.4,1826,17.4,27,1
4185,2026-09-26 04:15:00,11,LINE_B,H,300.0,308.5,1791,27.6,29,0
4186,2026-09-26 04:22:00,17,LINE_B,H,300.2,310.1,1600,38.8,96,0
4187,2026-09-26 04:36:00,10,LINE_A,L,301.0,312.4,2040,31.1,207,0
4188,2026-09-26 04:44:00,16,LINE_B,L,299.8,310.9,1495,24.4,172,0
4189,2026-09-26 05:01:00,19,LINE_B,L,298.4,308.2,1738,38.5,45,0
4190,2026-09-26 05:07:00,14,LINE_B,L,300.8,312.3,1469,34.3,151,0
4191,2026-09-26 05:23:00,1,LINE_A,L,299.9,308.7,1703,25.4,199,0
4192,2026-09-26 05:41:00,6,LINE_A,M,303.7,312.7,1495,41.9,49,0
4193,2026-09-26 05:44:00,13,LINE_B,M,301.6,313.4,1623,42.5,37,0
4194,2026-09-26 05:45:00,10,LINE_A,H,298.8,309.4,1970,26.3,83,0
4195,2026-09-26 05:50:00,6,LINE_A,L,301.5,311.2,1711,26.1,31,0
4196,2026-09-26 05:59:00,7,LINE_A,M,300.6,310.6,1626,36.6,131,0
4197,2026-09-26 06:08:00,2,LINE_A,L,302.6,311.8,1401,38.4,114,0
4198,2026-09-26 06:42:00,5,LINE_A,H,299.0,309.2,1574,43.8,69,0
4199,2026-09-26 06:49:00,16,LINE_B,L,300.4,310.6,1359,54.0,89,0
4200,2026-09-26 07:04:00,1,LINE_A,L,299.8,309.8,1700,43.3,170,0
4201,2026-09-26 07:04:00,17,LINE_B,L,300.1,309.0,1695,35.2,221,0
4202,2026-09-26 07:18:00,7,LINE_A,H,298.2,308.5,1508,50.0,47,0
4203,2026-09-26 07:19:00,17,LINE_B,L,301.2,310.6,1839,22.8,50,0
4204,2026-09-26 07:19:00,6,LINE_A,M,300.8,309.8,1814,46.0,11,0
4205,2026-09-26 07:20:00,17,LINE_B,M,302.6,313.8,1567,31.0,133,0
4206,2026-09-26 07:25:00,12,LINE_B,M,300.0,312.1,1642,20.7,143,0
4207,2026-09-26 07:30:00,18,LINE_B,L,299.2,311.1,1434,54.1,156,0
4208,2026-09-26 07:36:00,2,LINE_A,L,301.6,312.2,1491,35.8,3,0
4209,2026-09-26 07:39:00,16,LINE_B,L,298.4,308.1,1346,46.8,212,0
4210,2026-09-26 08:14:00,6,LINE_A,L,302.2,312.1,1454,34.3,118,0
4211,2026-09-26 08:16:00,8,LINE_A,M,302.2,312.6,1521,59.5,34,1
4212,2026-09-26 08:18:00,1,LINE_A,L,302.5,312.1,1241,63.5,88,0
4213,2026-09-26 08:22:00,20,LINE_B,L,300.8,312.1,1644,49.3,226,1
4214,2026-09-26 08:25:00,13,LINE_B,L,299.0,307.0,1724,35.2,186,0
4215,2026-09-26 08:49:00,20,LINE_B,M,300.2,309.9,1539,47.9,86,0
4216,2026-09-26 08:52:00,12,LINE_B,L,300.8,311.6,1150,51.3,176,0
4217,2026-09-26 09:11:00,4,LINE_A,M,298.9,308.0,1494,50.3,122,0
4218,2026-09-26 09:14:00,7,LINE_A,L,302.7,312.4,1289,44.2,150,0
4219,2026-09-26 09:14:00,9,LINE_A,H,301.2,311.8,1430,56.0,30,0
4220,2026-09-26 09:21:00,3,LINE_A,M,298.2,309.7,1801,,10,0
4221,2026-09-26 09:21:00,19,LINE_B,L,303.8,312.5,1150,48.9,29,0
4222,2026-09-26 09:45:00,20,LINE_B,L,300.2,308.8,1393,40.7,56,0
4223,2026-09-26 09:49:00,12,LINE_B,L,297.8,306.9,1689,37.1,184,0
4224,2026-09-26 09:57:00,12,LINE_B,L,298.3,306.8,1414,40.7,22,0
4225,2026-09-26 09:57:00,15,LINE_B,L,303.0,311.5,1400,48.1,30,0
4226,2026-09-26 10:17:00,14,LINE_B,H,303.6,312.7,1906,25.2,94,0
4227,2026-09-26 10:20:00,2,LINE_A,M,302.0,313.3,1608,44.3,58,0
4228,2026-09-26 10:28:00,11,LINE_B,L,302.6,312.3,1708,47.1,30,0
4229,2026-09-26 10:34:00,16,LINE_B,M,302.4,312.5,1629,37.9,125,0
4230,2026-09-26 10:36:00,17,LINE_B,L,301.1,310.2,1569,56.9,232,1
4231,2026-09-26 11:02:00,12,LINE_B,H,300.7,311.3,1768,42.2,48,0
4232,2026-09-26 11:06:00,18,LINE_B,L,301.1,313.0,1883,46.8,27,1
4233,2026-09-26 11:09:00,12,LINE_B,M,301.5,310.6,1237,48.6,90,0
4234,2026-09-26 11:13:00,8,LINE_A,M,298.5,310.2,1534,26.9,124,0
4235,2026-09-26 11:13:00,9,LINE_A,L,301.5,311.8,1532,34.6,231,1
4236,2026-09-26 11:23:00,14,LINE_B,L,302.9,312.9,1463,37.5,137,0
4237,2026-09-26 11:29:00,18,LINE_B,L,299.6,310.0,1717,27.1,226,0
4238,2026-09-26 11:30:00,5,LINE_A,H,299.4,309.8,1586,21.0,80,1
4239,2026-09-26 11:33:00,6,LINE_A,M,301.0,312.8,1887,37.8,23,0
4240,2026-09-26 12:06:00,14,LINE_B,M,298.7,309.2,1738,19.2,91,1
4241,2026-09-26 12:09:00,16,LINE_B,M,297.4,307.9,1786,40.1,95,0
4242,2026-09-26 12:17:00,8,LINE_A,H,302.3,311.9,1324,64.0,74,0
4243,2026-09-26 12:28:00,13,LINE_B,L,299.1,309.9,1395,38.1,127,0
4244,2026-09-26 12:35:00,1,LINE_A,M,300.0,309.1,1410,47.0,105,0
4245,2026-09-26 12:45:00,6,LINE_A,M,298.8,308.9,1778,29.7,84,0
4246,2026-09-26 12:50:00,20,LINE_B,L,302.6,315.4,1366,51.8,62,0
4247,2026-09-26 12:57:00,12,LINE_B,H,301.7,309.2,1371,35.5,46,1
4248,2026-09-26 12:59:00,18,LINE_B,L,299.5,309.8,1338,45.0,224,0
4249,2026-09-26 13:04:00,5,LINE_A,L,297.6,307.9,2036,34.1,202,0
4250,2026-09-26 13:09:00,6,LINE_A,H,299.3,309.1,1514,40.4,62,0
4251,2026-09-26 13:11:00,20,LINE_B,L,301.1,310.9,1635,24.1,77,0
4252,2026-09-26 13:26:00,20,LINE_B,L,300.4,310.5,1335,56.1,48,0
4253,2026-09-26 13:30:00,18,LINE_B,L,300.2,310.0,1713,24.5,68,0
4254,2026-09-26 14:04:00,7,LINE_A,M,300.4,310.6,1221,50.2,44,0
4255,2026-09-26 14:08:00,17,LINE_B,H,301.5,311.0,1364,49.9,92,0
4256,2026-09-26 14:14:00,10,LINE_A,L,299.9,311.9,1408,44.9,127,0
4257,2026-09-26 14:16:00,17,LINE_B,L,300.9,310.6,1579,59.1,93,1
4258,2026-09-26 14:27:00,18,LINE_B,L,298.0,308.6,1397,50.2,211,0
4259,2026-09-26 14:38:00,9,LINE_A,H,305.1,314.4,1814,30.2,35,0
4260,2026-09-26 14:42:00,7,LINE_A,L,299.4,310.4,1631,42.1,191,0
4261,2026-09-26 14:51:00,20,LINE_B,H,300.4,311.1,1416,45.4,61,0
4262,2026-09-26 14:51:00,10,LINE_A,H,301.1,311.6,1720,35.0,29,0
4263,2026-09-26 15:06:00,9,LINE_A,L,299.2,308.2,1469,44.1,230,1
4264,2026-09-26 15:18:00,14,LINE_B,H,300.0,309.3,1434,39.7,66,0
4265,2026-09-26 15:18:00,19,LINE_B,M,300.0,311.7,1701,36.9,142,0
4266,2026-09-26 15:27:00,3,LINE_A,M,298.2,307.4,1150,47.7,0,0
4267,2026-09-26 15:36:00,20,LINE_B,L,300.9,311.5,1672,20.9,67,0
4268,2026-09-26 15:44:00,9,LINE_A,H,296.7,305.8,1412,53.0,32,0
4269,2026-09-26 15:53:00,1,LINE_A,M,303.5,314.5,1411,39.3,97,0
4270,2026-09-26 16:16:00,7,LINE_A,M,301.6,310.9,1892,30.6,121,0
4271,2026-09-26 16:21:00,10,LINE_A,H,301.3,310.3,1444,36.8,12,0
4272,2026-09-26 16:22:00,14,LINE_B,L,296.5,305.8,1712,29.0,36,0
4273,2026-09-26 16:22:00,12,LINE_B,H,298.4,307.9,1590,30.2,64,0
4274,2026-09-26 16:35:00,3,LINE_A,H,302.8,313.2,1609,45.5,34,0
4275,2026-09-26 16:35:00,10,LINE_A,L,308.3,318.4,1495,50.9,167,0
4276,2026-09-26 16:36:00,5,LINE_A,L,302.4,311.3,1486,41.8,0,0
4277,2026-09-26 16:57:00,6,LINE_A,L,302.1,312.0,1815,27.5,125,0
4278,2026-09-26 16:58:00,15,LINE_B,H,301.0,309.9,1707,21.4,2,0
4279,2026-09-26 17:04:00,17,LINE_B,L,298.3,308.9,1450,49.1,228,1
4280,2026-09-26 17:12:00,4,LINE_A,M,302.0,312.8,1352,40.2,21,0
4281,2026-09-26 17:19:00,13,LINE_B,L,297.8,307.8,1435,34.2,42,0
4282,2026-09-26 17:41:00,9,LINE_A,L,297.6,307.9,1717,34.9,24,0
4283,2026-09-26 17:51:00,7,LINE_A,M,297.5,309.2,1752,31.0,31,0
4284,2026-09-26 18:24:00,15,LINE_B,L,302.0,311.8,1640,24.9,117,0
4285,2026-09-26 18:41:00,5,LINE_A,H,299.9,308.9,1249,37.7,59,0
4286,2026-09-26 18:48:00,16,LINE_B,L,300.2,310.8,1676,38.6,216,0
4287,2026-09-26 18:54:00,9,LINE_A,H,300.0,308.8,1775,27.7,84,0
4288,2026-09-26 19:21:00,2,LINE_A,L,297.7,307.5,1571,43.1,20,0
4289,2026-09-26 19:23:00,16,LINE_B,H,298.7,308.1,1896,30.5,41,0
4290,2026-09-26 19:24:00,18,LINE_B,M,298.8,308.1,1302,55.5,125,0
4291,2026-09-26 19:28:00,12,LINE_B,L,297.2,306.9,1663,29.6,39,0
4292,2026-09-26 19:46:00,15,LINE_B,L,299.0,309.9,1356,47.4,160,0
4293,2026-09-26 19:50:00,3,LINE_A,L,297.8,308.9,1731,39.4,102,0
4294,2026-09-26 19:53:00,7,LINE_A,M,301.2,312.1,1650,31.7,24,0
4295,2026-09-26 20:00:00,7,LINE_A,H,301.3,311.7,1864,39.3,6,0
4296,2026-09-26 20:14:00,16,LINE_B,L,297.4,307.2,1630,24.0,69,0
4297,2026-09-26 20:18:00,8,LINE_A,L,299.4,307.0,1467,35.5,0,0
4298,2026-09-26 20:19:00,15,LINE_B,M,303.7,314.1,1452,29.0,28,0
4299,2026-09-26 20:21:00,7,LINE_A,M,298.0,305.8,1495,35.5,79,0
4300,2026-09-26 20:26:00,13,LINE_B,M,300.9,308.9,1448,41.5,113,0
4301,2026-09-26 20:27:00,5,LINE_A,L,300.2,310.0,1782,39.4,121,0
4302,2026-09-26 20:29:00,12,LINE_B,M,302.2,312.5,1770,31.9,104,0
4303,2026-09-26 20:29:00,2,LINE_A,H,300.6,310.1,1271,43.3,7,0
4304,2026-09-26 20:34:00,15,LINE_B,L,299.1,310.7,1547,27.4,73,0
4305,2026-09-26 20:34:00,1,LINE_A,L,300.1,310.6,1551,29.9,158,0
4306,2026-09-26 20:40:00,20,LINE_B,L,300.2,309.9,1399,46.7,13,0
4307,2026-09-26 20:49:00,17,LINE_B,M,299.8,311.2,1619,44.7,84,0
4308,2026-09-26 20:55:00,12,LINE_B,L,297.4,308.9,1803,28.8,40,0
4309,2026-09-26 21:04:00,19,LINE_B,H,302.5,313.0,1701,44.9,40,0
4310,2026-09-26 21:07:00,17,LINE_B,M,302.1,311.4,1782,25.1,91,0
4311,2026-09-26 21:16:00,3,LINE_A,M,297.9,307.4,1411,40.8,142,0
4312,2026-09-26 21:47:00,15,LINE_B,M,299.4,308.0,1547,37.4,13,0
4313,2026-09-26 21:55:00,8,LINE_A,L,299.5,309.5,1402,56.4,132,0
4314,2026-09-26 22:04:00,18,LINE_B,H,297.7,306.6,1583,39.8,51,0
4315,2026-09-26 22:12:00,18,LINE_B,L,296.3,305.9,1599,23.8,15,0
4316,2026-09-26 22:13:00,20,LINE_B,M,298.7,308.9,1713,42.4,88,0
4317,2026-09-26 22:52:00,10,LINE_A,H,299.3,307.3,1776,47.7,7,0
4318,2026-09-26 23:09:00,4,LINE_A,M,297.1,305.9,1664,34.3,99,0
4319,2026-09-26 23:37:00,3,LINE_A,H,300.4,309.8,1385,37.5,20,0
4320,2026-09-26 23:44:00,4,LINE_A,L,302.3,312.3,1297,54.2,30,0
4321,2026-09-26 23:46:00,20,LINE_B,H,301.7,311.2,1634,52.9,7,1
4322,2026-09-26 23:46:00,12,LINE_B,M,299.7,309.5,1810,38.7,66,0
4323,2026-09-27 00:23:00,8,LINE_A,M,296.3,305.6,1536,27.1,34,0
4324,2026-09-27 00:35:00,9,LINE_A,L,301.4,310.0,1265,54.3,111,1
4325,2026-09-27 00:38:00,4,LINE_A,L,300.3,309.8,1915,32.0,214,0
4326,2026-09-27 00:39:00,12,LINE_B,M,300.8,310.6,1628,29.7,120,0
4327,2026-09-27 00:43:00,9,LINE_A,L,303.9,313.6,1571,49.4,180,0
4328,2026-09-27 00:46:00,16,LINE_B,M,298.4,308.5,1330,49.8,67,0
4329,2026-09-27 01:03:00,1,LINE_A,H,294.3,304.7,1543,50.4,10,0
4330,2026-09-27 01:26:00,19,LINE_B,H,297.9,308.6,1664,27.8,39,0
4331,2026-09-27 01:28:00,2,LINE_A,L,301.0,310.3,1631,40.5,5,0
4332,2026-09-27 01:33:00,9,LINE_A,H,300.1,308.5,1418,36.5,12,0
4333,2026-09-27 01:40:00,7,LINE_A,L,297.6,308.8,1530,42.3,72,0
4334,2026-09-27 01:45:00,15,LINE_B,L,297.2,307.5,1429,55.1,166,0
4335,2026-09-27 02:02:00,14,LINE_B,H,299.3,308.3,1840,19.6,76,0
4336,2026-09-27 02:03:00,4,LINE_A,L,297.5,307.8,1701,24.2,148,0
4337,2026-09-27 02:08:00,10,LINE_A,L,301.0,312.1,1446,50.5,61,0
4338,2026-09-27 02:17:00,11,LINE_B,L,299.2,310.9,1330,46.2,172,0
4339,2026-09-27 02:36:00,10,LINE_A,M,298.7,309.0,1590,47.9,143,0
4340,2026-09-27 02:37:00,1,LINE_A,H,298.5,309.5,1451,36.2,63,0
4341,2026-09-27 02:52:00,4,LINE_A,L,300.5,309.3,1465,42.7,182,0
4342,2026-09-27 02:57:00,11,LINE_B,L,300.1,310.0,1336,51.6,210,0
4343,2026-09-27 03:12:00,6,LINE_A,M,300.4,310.1,1358,47.1,103,0
4344,2026-09-27 03:21:00,11,LINE_B,L,300.4,310.7,1569,24.8,210,0
4345,2026-09-27 03:27:00,4,LINE_A,M,299.9,311.5,1492,64.0,43,1
4346,2026-09-27 03:33:00,15,LINE_B,H,297.9,308.2,1989,28.2,29,0
4347,2026-09-27 03:34:00,4,LINE_A,M,298.5,307.6,1647,26.1,25,0
4348,2026-09-27 03:40:00,13,LINE_B,H,299.2,307.9,1333,48.7,17,0
4349,2026-09-27 03:46:00,17,LINE_B,M,304.1,315.8,1264,51.7,79,0
4350,2026-09-27 03:48:00,8,LINE_A,H,297.3,307.8,1612,45.8,89,0
4351,2026-09-27 03:53:00,3,LINE_A,L,299.2,309.6,1469,49.6,53,0
4352,2026-09-27 04:32:00,1,LINE_A,L,300.2,309.9,1780,31.1,171,0
4353,2026-09-27 04:34:00,8,LINE_A,M,299.4,309.7,1591,24.7,11,0
4354,2026-09-27 04:35:00,3,LINE_A,L,302.1,311.2,1183,54.4,233,1
4355,2026-09-27 04:40:00,18,LINE_B,H,299.4,309.8,1357,32.4,50,0
4356,2026-09-27 05:19:00,20,LINE_B,M,299.5,308.4,1418,53.4,71,0
4357,2026-09-27 05:29:00,20,LINE_B,H,301.6,311.3,1620,31.8,34,0
4358,2026-09-27 05:36:00,19,LINE_B,L,303.6,313.0,1351,50.8,230,1
4359,2026-09-27 05:46:00,12,LINE_B,L,302.8,309.6,1568,33.9,100,0
4360,2026-09-27 06:03:00,7,LINE_A,M,299.7,309.4,1299,43.3,17,0
4361,2026-09-27 06:18:00,9,LINE_A,L,299.9,309.0,1541,33.6,135,0
4362,2026-09-27 06:33:00,6,LINE_A,M,300.1,309.9,1607,43.7,85,0
4363,2026-09-27 06:38:00,17,LINE_B,M,300.3,310.3,1803,27.1,107,0
4364,2026-09-27 06:40:00,9,LINE_A,H,298.3,310.1,1584,44.8,48,0
4365,2026-09-27 06:45:00,8,LINE_A,M,301.9,312.2,1393,39.6,40,0
4366,2026-09-27 06:49:00,14,LINE_B,L,300.4,310.7,1809,30.1,0,0
4367,2026-09-27 06:49:00,8,LINE_A,L,299.9,310.4,1507,41.3,236,1
4368,2026-09-27 07:16:00,8,LINE_A,M,297.5,308.3,1679,37.1,28,0
4369,2026-09-27 07:24:00,5,LINE_A,L,300.1,310.6,1430,35.9,84,0
4370,2026-09-27 07:24:00,2,LINE_A,L,296.2,306.5,1556,45.1,36,0
4371,2026-09-27 07:35:00,1,LINE_A,L,298.8,309.5,1396,42.2,56,0
4372,2026-09-27 07:45:00,9,LINE_A,L,298.9,306.4,1598,42.6,14,0
4373,2026-09-27 07:46:00,20,LINE_B,M,300.6,312.7,1685,35.5,49,0
4374,2026-09-27 07:50:00,6,LINE_A,L,303.8,315.3,1451,47.4,227,0
4375,2026-09-27 07:53:00,13,LINE_B,M,301.1,311.4,1441,39.7,32,0
4376,2026-09-27 08:04:00,7,LINE_A,L,302.9,311.5,1604,31.8,231,0
4377,2026-09-27 08:08:00,7,LINE_A,M,301.3,312.5,1391,47.9,91,0
4378,2026-09-27 08:32:00,4,LINE_A,L,302.3,311.6,1267,44.2,214,0
4379,2026-09-27 08:41:00,12,LINE_B,H,303.7,314.2,1604,49.8,59,0
4380,2026-09-27 08:43:00,14,LINE_B,L,298.5,307.3,1521,41.1,237,0
4381,2026-09-27 08:48:00,8,LINE_A,M,298.4,310.6,1517,29.7,79,0
4382,2026-09-27 08:52:00,11,LINE_B,L,301.3,309.9,1634,32.5,199,0
4383,2026-09-27 09:20:00,10,LINE_A,L,300.0,310.1,1659,28.4,8,0
4384,2026-09-27 09:22:00,6,LINE_A,L,300.4,308.3,1511,49.5,223,1
4385,2026-09-27 09:23:00,14,LINE_B,H,299.5,309.5,1338,52.3,2,0
4386,2026-09-27 09:25:00,12,LINE_B,H,298.8,308.4,1425,43.0,19,0
4387,2026-09-27 09:27:00,2,LINE_A,L,303.2,314.4,1645,39.2,177,0
4388,2026-09-27 09:40:00,10,LINE_A,L,297.8,307.4,1565,38.6,61,0
4389,2026-09-27 09:47:00,8,LINE_A,M,301.4,312.5,1441,49.9,6,0
4390,2026-09-27 09:51:00,16,LINE_B,M,301.0,310.0,1399,48.4,124,0
4391,2026-09-27 09:55:00,7,LINE_A,L,296.8,306.6,1651,42.3,123,0
4392,2026-09-27 09:56:00,20,LINE_B,M,298.3,308.1,1500,39.7,69,0
4393,2026-09-27 10:16:00,13,LINE_B,M,298.7,309.2,1675,30.9,45,0
4394,2026-09-27 10:17:00,3,LINE_A,M,301.1,311.5,1698,40.6,103,0
4395,2026-09-27 10:21:00,9,LINE_A,L,299.3,310.0,1484,54.1,75,0
4396,2026-09-27 10:27:00,18,LINE_B,L,299.8,310.1,1711,43.7,134,0
4397,2026-09-27 10:39:00,6,LINE_A,L,297.1,307.7,1565,51.9,31,0
4398,2026-09-27 10:40:00,15,LINE_B,M,304.7,313.8,1588,39.9,44,0
4399,2026-09-27 10:41:00,16,LINE_B,L,300.1,310.5,1150,43.9,6,0
4400,2026-09-27 10:55:00,14,LINE_B,M,301.0,312.6,1365,38.2,41,0
4401,2026-09-27 10:58:00,2,LINE_A,M,298.9,307.2,1375,56.0,55,1
4402,2026-09-27 11:05:00,8,LINE_A,M,298.7,309.2,1483,26.8,107,0
4403,2026-09-27 11:06:00,7,LINE_A,L,303.8,314.5,1561,51.4,197,0
4404,2026-09-27 11:15:00,7,LINE_A,L,296.2,307.6,1568,32.9,127,0
4405,2026-09-27 11:25:00,18,LINE_B,L,300.6,311.3,1591,53.8,222,1
4406,2026-09-27 11:44:00,1,LINE_A,M,297.6,307.7,1417,43.1,52,0
4407,2026-09-27 12:04:00,11,LINE_B,H,299.2,309.6,1664,42.0,47,0
4408,2026-09-27 12:16:00,20,LINE_B,L,298.7,308.0,1866,49.3,148,1
4409,2026-09-27 12:25:00,18,LINE_B,H,298.0,307.6,1476,39.3,17,0
4410,2026-09-27 12:36:00,13,LINE_B,L,300.1,308.7,1421,40.8,100,0
4411,2026-09-27 12:37:00,20,LINE_B,L,294.9,306.4,1417,38.1,215,0
4412,2026-09-27 12:38:00,9,LINE_A,L,299.4,309.8,1555,31.5,114,0
4413,2026-09-27 12:41:00,13,LINE_B,M,299.8,308.9,1445,40.2,134,0
4414,2026-09-27 12:47:00,11,LINE_B,L,297.3,307.6,1229,44.9,162,0
4415,2026-09-27 13:14:00,1,LINE_A,L,303.0,314.2,1278,37.9,40,0
4416,2026-09-27 13:19:00,1,LINE_A,M,298.8,309.8,1724,32.8,65,0
4417,2026-09-27 13:26:00,18,LINE_B,M,299.5,308.6,1771,36.7,52,0
4418,2026-09-27 13:30:00,4,LINE_A,L,298.8,305.7,1828,24.2,227,0
4419,2026-09-27 13:32:00,8,LINE_A,L,299.8,310.2,1581,37.5,80,0
4420,2026-09-27 13:32:00,13,LINE_B,M,302.6,311.7,1362,56.6,70,0
4421,2026-09-27 13:34:00,12,LINE_B,L,304.9,315.6,1461,31.0,165,0
4422,2026-09-27 13:46:00,11,LINE_B,L,301.5,312.4,1272,63.5,230,1
4423,2026-09-27 14:06:00,20,LINE_B,M,302.2,313.3,1265,,79,0
4424,2026-09-27 14:11:00,16,LINE_B,L,303.4,315.2,1586,40.2,203,0
4425,2026-09-27 14:19:00,19,LINE_B,M,300.5,311.7,1637,47.3,17,0
4426,2026-09-27 14:36:00,14,LINE_B,L,303.1,314.9,1893,42.1,213,0
4427,2026-09-27 14:37:00,20,LINE_B,L,301.6,313.0,1525,44.2,49,0
4428,2026-09-27 14:40:00,13,LINE_B,L,300.3,311.8,1296,41.8,183,0
4429,2026-09-27 14:44:00,11,LINE_B,L,300.7,310.7,1518,34.4,128,0
4430,2026-09-27 14:55:00,17,LINE_B,L,296.4,305.1,1489,36.9,145,0
4431,2026-09-27 14:59:00,18,LINE_B,L,300.6,313.1,1452,57.8,22,0
4432,2026-09-27 15:05:00,2,LINE_A,H,296.9,307.0,1602,35.1,51,0
4433,2026-09-27 15:13:00,19,LINE_B,H,296.7,308.0,1321,49.1,8,0
4434,2026-09-27 15:22:00,14,LINE_B,L,300.4,309.8,1564,30.9,132,0
4435,2026-09-27 15:33:00,18,LINE_B,M,297.8,308.7,1657,27.2,58,0
4436,2026-09-27 15:52:00,15,LINE_B,M,300.0,307.5,1796,32.5,29,0
4437,2026-09-27 15:57:00,19,LINE_B,H,300.3,309.9,1596,35.7,47,0
4438,2026-09-27 16:00:00,6,LINE_A,L,300.4,310.3,1728,32.4,51,0
4439,2026-09-27 16:01:00,4,LINE_A,L,298.2,308.7,1460,30.6,19,0
4440,2026-09-27 16:04:00,4,LINE_A,L,301.8,312.9,1485,41.1,8,0
4441,2026-09-27 16:09:00,6,LINE_A,L,299.8,308.7,1783,45.1,81,0
4442,2026-09-27 16:27:00,5,LINE_A,L,300.9,311.5,1293,40.6,178,0
4443,2026-09-27 16:49:00,9,LINE_A,H,297.6,308.8,1467,49.4,55,0
4444,2026-09-27 16:56:00,4,LINE_A,H,299.6,312.0,1743,6.2,12,1
4445,2026-09-27 17:07:00,4,LINE_A,L,302.2,312.9,1502,34.7,106,0
4446,2026-09-27 17:28:00,11,LINE_B,L,301.9,311.5,1489,26.3,139,0
4447,2026-09-27 18:08:00,16,LINE_B,L,298.4,307.1,1492,51.3,56,0
4448,2026-09-27 18:10:00,3,LINE_A,L,298.9,310.7,1561,46.4,33,0
4449,2026-09-27 18:22:00,11,LINE_B,M,298.0,308.8,1735,25.9,35,0
4450,2026-09-27 18:27:00,14,LINE_B,L,298.7,308.7,1706,37.3,15,0
4451,2026-09-27 18:39:00,15,LINE_B,H,297.2,305.6,1542,49.6,23,0
4452,2026-09-27 18:45:00,3,LINE_A,H,299.7,308.8,1737,45.0,51,0
4453,2026-09-27 18:46:00,15,LINE_B,M,301.3,311.9,1602,34.9,115,0
4454,2026-09-27 18:47:00,1,LINE_A,M,298.4,308.8,1695,17.7,125,1
4455,2026-09-27 18:58:00,5,LINE_A,M,299.8,307.9,1355,38.4,97,1
4456,2026-09-27 19:18:00,7,LINE_A,L,299.6,310.2,1853,36.7,85,0
4457,2026-09-27 20:00:00,18,LINE_B,L,302.1,310.5,1580,55.6,224,1
4458,2026-09-27 20:01:00,4,LINE_A,M,298.8,310.1,1150,51.3,132,0
4459,2026-09-27 20:05:00,16,LINE_B,L,298.8,309.1,1839,26.2,85,0
4460,2026-09-27 20:06:00,20,LINE_B,H,298.3,307.8,1541,,1,1
4461,2026-09-27 20:27:00,20,LINE_B,L,297.7,308.7,1469,45.4,104,0
4462,2026-09-27 20:29:00,7,LINE_A,L,301.1,311.4,1431,33.4,111,0
4463,2026-09-27 20:31:00,2,LINE_A,L,299.7,311.1,1619,36.7,162,0
4464,2026-09-27 20:40:00,5,LINE_A,H,300.1,310.2,1380,52.8,14,0
4465,2026-09-27 20:40:00,16,LINE_B,L,302.5,312.7,1436,42.6,130,0
4466,2026-09-27 20:44:00,4,LINE_A,L,302.7,312.4,1440,49.3,75,0
4467,2026-09-27 20:54:00,13,LINE_B,L,296.7,307.0,1487,28.7,118,0
4468,2026-09-27 21:00:00,8,LINE_A,M,301.3,313.0,1447,31.3,3,0
4469,2026-09-27 21:01:00,16,LINE_B,H,300.5,309.9,1694,29.5,50,0
4470,2026-09-27 21:15:00,13,LINE_B,L,299.1,309.7,1589,36.3,8,0
4471,2026-09-27 21:20:00,12,LINE_B,H,300.7,309.8,1611,40.5,82,0
4472,2026-09-27 21:21:00,16,LINE_B,L,296.5,304.5,1650,41.8,171,0
4473,2026-09-27 21:21:00,20,LINE_B,M,302.9,313.1,1523,60.2,132,1
4474,2026-09-27 21:37:00,8,LINE_A,L,301.0,311.4,1356,39.6,157,0
4475,2026-09-27 21:41:00,11,LINE_B,L,298.3,308.2,1865,27.7,234,0
4476,2026-09-27 21:45:00,13,LINE_B,M,298.8,307.3,1707,29.3,30,0
4477,2026-09-27 21:47:00,17,LINE_B,M,296.6,306.9,1830,39.9,1,0
4478,2026-09-27 22:01:00,10,LINE_A,L,299.4,309.6,1726,43.5,216,0
4479,2026-09-27 22:07:00,8,LINE_A,H,299.0,308.1,1457,38.9,63,0
4480,2026-09-27 22:30:00,17,LINE_B,H,297.3,306.0,1150,68.2,66,0
4481,2026-09-27 22:36:00,20,LINE_B,L,301.6,311.3,1319,41.0,69,0
4482,2026-09-27 22:39:00,12,LINE_B,M,302.6,313.2,1655,44.8,48,0
4483,2026-09-27 22:45:00,3,LINE_A,M,299.9,310.4,1522,52.2,97,0
4484,2026-09-27 22:46:00,6,LINE_A,L,299.4,308.5,1464,31.4,97,0
4485,2026-09-27 23:25:00,10,LINE_A,H,300.9,311.0,1150,56.3,7,0
4486,2026-09-27 23:29:00,15,LINE_B,L,300.0,310.8,1538,18.3,70,1
4487,2026-09-27 23:29:00,14,LINE_B,M,297.8,306.7,1345,52.4,55,0
4488,2026-09-27 23:33:00,17,LINE_B,L,298.7,308.8,1410,35.1,199,0
4489,2026-09-27 23:50:00,1,LINE_A,L,299.4,310.7,1693,39.9,82,0
4490,2026-09-28 00:17:00,10,LINE_A,M,300.5,309.2,1355,51.6,71,0
4491,2026-09-28 00:28:00,15,LINE_B,M,300.0,311.2,1372,54.0,86,0
4492,2026-09-28 00:28:00,20,LINE_B,H,300.4,312.0,1573,46.1,13,0
4493,2026-09-28 00:31:00,3,LINE_A,H,297.0,306.7,1697,35.7,56,0
4494,2026-09-28 00:31:00,18,LINE_B,L,301.3,311.0,1468,39.1,48,0
4495,2026-09-28 00:37:00,1,LINE_A,L,300.0,311.0,1804,31.5,210,0
4496,2026-09-28 00:37:00,4,LINE_A,L,305.1,314.9,1310,38.0,71,0
4497,2026-09-28 00:42:00,17,LINE_B,L,299.2,306.9,1278,46.2,73,1
4498,2026-09-28 00:43:00,16,LINE_B,L,300.6,310.5,1263,46.0,96,0
4499,2026-09-28 00:48:00,20,LINE_B,H,305.7,316.1,1243,42.6,34,0
4500,2026-09-28 00:48:00,13,LINE_B,M,300.4,311.1,1601,24.3,85,0
4501,2026-09-28 01:03:00,13,LINE_B,L,299.9,309.0,1364,35.1,173,0
4502,2026-09-28 01:12:00,11,LINE_B,L,298.0,307.8,1286,22.4,231,1
4503,2026-09-28 01:18:00,11,LINE_B,M,303.1,314.0,1608,35.5,128,0
4504,2026-09-28 01:20:00,11,LINE_B,L,297.7,307.6,1688,38.4,62,0
4505,2026-09-28 01:22:00,6,LINE_A,L,300.9,309.3,1729,12.9,144,1
4506,2026-09-28 01:24:00,18,LINE_B,L,299.1,310.3,1698,37.2,78,0
4507,2026-09-28 01:25:00,8,LINE_A,L,299.6,309.4,1375,44.0,193,0
4508,2026-09-28 01:29:00,13,LINE_B,L,297.2,308.2,1590,29.1,5,0
4509,2026-09-28 01:30:00,14,LINE_B,M,302.7,311.3,1629,33.9,143,0
4510,2026-09-28 01:31:00,11,LINE_B,L,299.4,309.3,1455,51.0,89,0
4511,2026-09-28 01:32:00,13,LINE_B,M,297.6,308.1,1570,31.3,107,0
4512,2026-09-28 01:44:00,1,LINE_A,M,302.5,312.4,1315,47.4,97,0
4513,2026-09-28 01:48:00,7,LINE_A,H,299.0,307.8,1427,46.2,35,0
4514,2026-09-28 01:55:00,9,LINE_A,L,300.7,308.3,1607,31.4,231,0
4515,2026-09-28 02:05:00,8,LINE_A,L,301.7,313.2,1811,,64,0
4516,2026-09-28 02:25:00,19,LINE_B,L,300.9,311.2,1747,37.0,177,0
4517,2026-09-28 02:28:00,18,LINE_B,L,295.6,306.8,1659,34.4,222,0
4518,2026-09-28 02:32:00,15,LINE_B,L,301.4,312.3,1554,58.5,28,1
4519,2026-09-28 02:50:00,8,LINE_A,M,299.8,310.4,1526,48.5,132,0
4520,2026-09-28 02:54:00,2,LINE_A,L,299.3,309.0,1279,34.3,213,0
4521,2026-09-28 03:02:00,16,LINE_B,L,299.8,310.3,1390,41.4,91,0
4522,2026-09-28 03:05:00,18,LINE_B,L,296.8,308.2,1395,64.1,201,1
4523,2026-09-28 03:16:00,10,LINE_A,M,300.4,310.5,1643,29.0,1,0
4524,2026-09-28 03:32:00,17,LINE_B,H,297.3,309.2,1710,35.4,18,0
4525,2026-09-28 03:37:00,19,LINE_B,M,299.4,307.9,1673,45.9,108,0
4526,2026-09-28 03:37:00,11,LINE_B,M,300.3,308.7,1753,38.8,134,0
4527,2026-09-28 03:39:00,5,LINE_A,M,302.1,313.1,1553,46.0,18,0
4528,2026-09-28 03:40:00,1,LINE_A,M,298.4,307.5,1363,51.2,103,0
4529,2026-09-28 03:47:00,16,LINE_B,L,302.9,314.9,1531,40.5,24,0
4530,2026-09-28 03:57:00,12,LINE_B,M,301.9,313.2,1410,37.6,112,0
4531,2026-09-28 04:01:00,4,LINE_A,M,299.1,310.7,1658,39.9,129,0
4532,2026-09-28 04:09:00,2,LINE_A,L,297.8,308.7,1475,38.7,110,0
4533,2026-09-28 04:19:00,20,LINE_B,M,297.1,306.2,1522,36.7,14,0
4534,2026-09-28 04:26:00,7,LINE_A,L,300.5,308.9,1665,48.1,48,0
4535,2026-09-28 04:28:00,7,LINE_A,M,298.5,310.0,1407,41.0,73,0
4536,2026-09-28 04:29:00,13,LINE_B,L,302.4,310.9,1714,48.4,191,0
4537,2026-09-28 04:29:00,8,LINE_A,M,298.6,310.2,1297,49.3,74,0
4538,2026-09-28 04:41:00,19,LINE_B,H,298.2,308.9,1595,37.1,46,0
4539,2026-09-28 04:50:00,14,LINE_B,L,300.5,310.4,1524,26.0,144,0
4540,2026-09-28 04:50:00,8,LINE_A,L,298.6,309.1,1689,52.5,232,1
4541,2026-09-28 05:19:00,6,LINE_A,L,300.0,310.5,1293,47.4,189,0
4542,2026-09-28 05:34:00,18,LINE_B,L,302.0,311.8,1264,30.1,36,0
4543,2026-09-28 05:38:00,12,LINE_B,H,300.2,311.7,1675,43.9,19,0
4544,2026-09-28 05:44:00,19,LINE_B,L,300.2,311.6,1470,41.7,85,0
4545,2026-09-28 05:44:00,7,LINE_A,L,300.4,310.6,1524,33.0,65,0
4546,2026-09-28 06:03:00,1,LINE_A,L,296.6,306.0,1421,51.0,176,0
4547,2026-09-28 06:05:00,18,LINE_B,H,300.8,312.1,1704,14.7,95,1
4548,2026-09-28 06:08:00,5,LINE_A,L,300.3,308.3,1594,32.7,137,0
4549,2026-09-28 06:14:00,17,LINE_B,M,301.8,312.2,1583,36.3,128,0
4550,2026-09-28 06:33:00,15,LINE_B,L,301.2,312.0,1329,53.1,103,0
4551,2026-09-28 06:34:00,5,LINE_A,L,299.6,308.8,1630,55.2,165,1
4552,2026-09-28 06:37:00,16,LINE_B,M,302.1,313.0,1361,43.4,101,0
4553,2026-09-28 06:43:00,2,LINE_A,L,299.4,309.4,1421,47.2,70,0
4554,2026-09-28 07:00:00,8,LINE_A,M,300.5,309.9,1294,69.4,106,1
4555,2026-09-28 07:31:00,8,LINE_A,L,299.4,310.3,1512,40.9,128,0
4556,2026-09-28 07:36:00,14,LINE_B,M,300.9,309.8,1732,38.0,83,0
4557,2026-09-28 07:56:00,11,LINE_B,M,299.2,310.1,1581,28.9,36,0
4558,2026-09-28 08:01:00,13,LINE_B,M,303.3,311.3,1460,58.1,46,0
4559,2026-09-28 08:16:00,10,LINE_A,L,304.0,314.3,1560,33.7,205,0
4560,2026-09-28 08:24:00,15,LINE_B,M,301.7,311.8,1559,,89,0
4561,2026-09-28 08:30:00,4,LINE_A,H,303.1,312.5,1552,41.6,12,0
4562,2026-09-28 08:36:00,15,LINE_B,L,296.9,307.3,1572,39.7,130,0
4563,2026-09-28 08:43:00,2,LINE_A,L,297.2,307.1,1353,42.1,148,0
4564,2026-09-28 08:44:00,2,LINE_A,H,299.4,310.4,1559,41.4,76,0
4565,2026-09-28 08:52:00,15,LINE_B,L,300.1,310.6,1224,63.5,204,1
4566,2026-09-28 08:52:00,4,LINE_A,M,299.6,310.1,1644,55.1,94,1
4567,2026-09-28 08:54:00,16,LINE_B,M,296.7,307.0,1342,44.6,1,0
4568,2026-09-28 08:56:00,3,LINE_A,L,302.3,311.8,1752,30.0,119,0
4569,2026-09-28 09:21:00,3,LINE_A,M,304.3,314.0,1150,45.2,29,0
4570,2026-09-28 09:27:00,19,LINE_B,M,302.6,312.8,1841,52.4,2,1
4571,2026-09-28 09:39:00,4,LINE_A,L,302.2,312.0,1245,49.9,221,1
4572,2026-09-28 09:42:00,19,LINE_B,H,300.5,311.6,1324,55.4,16,0
4573,2026-09-28 09:57:00,7,LINE_A,L,298.3,308.4,1594,44.0,58,0
4574,2026-09-28 10:02:00,16,LINE_B,L,300.1,310.5,1651,54.3,80,1
4575,2026-09-28 10:03:00,19,LINE_B,H,304.2,312.8,1489,39.5,44,0
4576,2026-09-28 10:04:00,3,LINE_A,L,299.3,310.2,1701,26.3,144,0
4577,2026-09-28 10:12:00,7,LINE_A,H,299.1,308.5,1397,59.2,30,0
4578,2026-09-28 10:27:00,12,LINE_B,L,302.2,311.2,1468,49.4,190,0
4579,2026-09-28 10:34:00,18,LINE_B,L,302.3,314.0,1486,45.3,37,0
4580,2026-09-28 10:50:00,4,LINE_A,L,298.3,309.0,1443,55.2,230,1
4581,2026-09-28 11:19:00,4,LINE_A,M,299.5,310.5,1192,54.6,123,0
4582,2026-09-28 11:52:00,8,LINE_A,M,299.0,309.5,1536,52.7,86,0
4583,2026-09-28 11:54:00,5,LINE_A,H,300.1,310.0,1519,42.6,4,0
4584,2026-09-28 12:02:00,6,LINE_A,H,302.2,311.9,1734,41.4,70,0
4585,2026-09-28 12:05:00,3,LINE_A,M,298.4,309.2,1309,51.2,101,0
4586,2026-09-28 12:16:00,17,LINE_B,M,302.2,313.3,1425,40.9,89,0
4587,2026-09-28 12:21:00,16,LINE_B,M,300.2,310.1,1757,31.9,40,0
4588,2026-09-28 12:21:00,3,LINE_A,H,304.7,316.7,1593,35.3,41,0
4589,2026-09-28 12:37:00,11,LINE_B,M,300.6,310.4,1639,39.2,59,0
4590,2026-09-28 12:45:00,13,LINE_B,H,299.8,308.4,1622,33.9,58,0
4591,2026-09-28 12:46:00,13,LINE_B,L,301.1,309.4,1622,41.0,79,0
4592,2026-09-28 12:48:00,20,LINE_B,L,299.3,307.6,1868,33.4,96,0
4593,2026-09-28 12:49:00,13,LINE_B,M,296.4,306.0,1556,41.1,130,0
4594,2026-09-28 12:50:00,14,LINE_B,L,299.5,309.3,1358,47.2,108,0
4595,2026-09-28 12:51:00,1,LINE_A,L,299.5,310.2,1655,32.0,142,0
4596,2026-09-28 13:24:00,2,LINE_A,H,296.8,306.8,1438,40.8,87,0
4597,2026-09-28 13:26:00,13,LINE_B,L,299.9,310.7,1520,27.2,226,0
4598,2026-09-28 13:30:00,19,LINE_B,L,295.9,305.9,1607,37.0,135,0
4599,2026-09-28 13:45:00,8,LINE_A,L,299.3,309.3,1392,36.5,63,0
4600,2026-09-28 14:02:00,13,LINE_B,L,300.5,309.9,1448,43.6,24,0
4601,2026-09-28 14:07:00,5,LINE_A,M,300.2,311.6,1626,31.7,124,0
4602,2026-09-28 14:08:00,10,LINE_A,H,299.2,307.6,1441,26.6,50,0
4603,2026-09-28 14:16:00,16,LINE_B,H,299.8,310.1,1715,52.8,54,1
4604,2026-09-28 14:17:00,14,LINE_B,M,298.4,308.3,1362,43.5,137,0
4605,2026-09-28 14:20:00,3,LINE_A,M,300.0,310.8,1362,56.9,53,0
4606,2026-09-28 14:26:00,18,LINE_B,L,300.1,310.1,1883,25.5,24,0
4607,2026-09-28 14:28:00,19,LINE_B,H,298.2,308.2,1265,61.8,64,0
4608,2026-09-28 14:34:00,10,LINE_A,L,300.5,310.3,1535,30.9,233,1
4609,2026-09-28 14:37:00,7,LINE_A,L,300.5,311.9,1873,31.4,40,0
4610,2026-09-28 14:41:00,11,LINE_B,H,299.7,309.7,1535,31.4,95,0
4611,2026-09-28 14:45:00,17,LINE_B,H,304.8,316.8,1782,53.5,52,1
4612,2026-09-28 14:52:00,10,LINE_A,L,299.7,310.0,1657,34.5,134,0
4613,2026-09-28 15:01:00,1,LINE_A,M,299.4,309.5,1539,46.7,138,0
4614,2026-09-28 15:02:00,2,LINE_A,L,299.2,309.0,1516,44.3,79,0
4615,2026-09-28 15:13:00,17,LINE_B,L,298.1,308.6,1159,51.2,178,0
4616,2026-09-28 15:25:00,16,LINE_B,L,301.4,310.8,1483,45.9,2,0
4617,2026-09-28 15:29:00,16,LINE_B,L,298.6,308.8,1582,49.6,161,0
4618,2026-09-28 15:29:00,3,LINE_A,M,298.9,308.9,1582,44.1,2,0
4619,2026-09-28 15:35:00,4,LINE_A,L,298.9,309.2,1984,28.0,1,0
4620,2026-09-28 15:38:00,8,LINE_A,M,298.0,308.4,1591,42.6,56,0
4621,2026-09-28 15:47:00,5,LINE_A,L,296.5,306.9,1653,51.9,89,0
4622,2026-09-28 15:50:00,8,LINE_A,H,299.1,309.2,1750,30.4,75,0
4623,2026-09-28 15:52:00,12,LINE_B,M,301.7,313.3,1637,22.3,128,0
4624,2026-09-28 16:18:00,6,LINE_A,H,300.4,310.8,1525,31.7,90,0
4625,2026-09-28 16:22:00,3,LINE_A,L,303.1,315.7,1525,32.3,149,0
4626,2026-09-28 16:24:00,9,LINE_A,M,301.5,311.6,1477,34.8,22,0
4627,2026-09-28 16:34:00,15,LINE_B,H,301.0,312.0,1620,30.8,64,0
4628,2026-09-28 16:49:00,13,LINE_B,L,303.8,313.0,1509,40.7,117,0
4629,2026-09-28 16:51:00,7,LINE_A,L,299.8,311.2,1652,38.6,127,0
4630,2026-09-28 16:52:00,7,LINE_A,L,300.1,309.4,1358,47.3,120,0
4631,2026-09-28 16:56:00,12,LINE_B,L,300.0,310.4,1566,33.4,211,0
4632,2026-09-28 16:57:00,4,LINE_A,L,303.1,312.8,1819,39.6,91,0
4633,2026-09-28 16:57:00,17,LINE_B,L,300.0,310.5,1500,45.5,231,0
4634,2026-09-28 17:13:00,18,LINE_B,L,298.7,308.5,1872,42.7,129,0
4635,2026-09-28 17:13:00,1,LINE_A,M,301.2,310.4,1569,45.9,99,0
4636,2026-09-28 17:15:00,20,LINE_B,L,298.4,308.1,1530,37.5,222,0
4637,2026-09-28 17:33:00,1,LINE_A,L,301.1,312.6,1561,49.8,195,0
4638,2026-09-28 17:34:00,10,LINE_A,M,300.8,311.3,1484,43.9,63,0
4639,2026-09-28 17:40:00,14,LINE_B,L,299.6,308.3,1183,57.1,49,0
4640,2026-09-28 17:47:00,7,LINE_A,L,301.1,312.2,1698,41.0,33,0
4641,2026-09-28 17:52:00,5,LINE_A,L,297.0,306.1,1935,27.2,87,0
4642,2026-09-28 17:54:00,1,LINE_A,L,300.3,311.1,1626,38.2,159,0
4643,2026-09-28 18:00:00,15,LINE_B,L,299.1,309.6,1637,36.0,191,0
4644,2026-09-28 18:08:00,1,LINE_A,L,305.7,316.3,1507,34.2,7,0
4645,2026-09-28 18:09:00,10,LINE_A,L,300.3,312.2,1748,16.6,110,1
4646,2026-09-28 18:13:00,8,LINE_A,H,298.8,308.0,1533,34.7,90,0
4647,2026-09-28 18:13:00,20,LINE_B,H,297.2,307.9,1588,40.2,79,0
4648,2026-09-28 18:16:00,19,LINE_B,L,302.6,313.9,1258,57.1,225,1
4649,2026-09-28 18:25:00,17,LINE_B,L,299.3,308.7,1445,49.2,229,1
4650,2026-09-28 18:31:00,15,LINE_B,L,298.4,307.7,1606,35.8,22,0
4651,2026-09-28 19:03:00,11,LINE_B,H,300.7,310.4,1703,29.7,65,0
4652,2026-09-28 19:05:00,7,LINE_A,H,301.3,311.6,1708,33.5,53,0
4653,2026-09-28 19:12:00,4,LINE_A,L,301.3,309.9,1256,40.7,114,1
4654,2026-09-28 19:20:00,20,LINE_B,L,300.0,310.6,1274,31.1,191,0
4655,2026-09-28 19:21:00,8,LINE_A,L,300.3,308.9,1645,24.5,224,0
4656,2026-09-28 19:31:00,9,LINE_A,H,300.5,311.8,1406,55.0,44,0
4657,2026-09-28 19:41:00,3,LINE_A,H,300.7,311.2,1701,50.0,62,0
4658,2026-09-28 19:43:00,6,LINE_A,L,300.8,312.8,1247,54.8,114,0
4659,2026-09-28 20:03:00,13,LINE_B,M,302.2,312.9,1522,40.1,91,0
4660,2026-09-28 20:04:00,9,LINE_A,L,300.1,309.8,1534,29.0,232,0
4661,2026-09-28 20:06:00,12,LINE_B,M,298.4,307.6,1626,36.1,116,0
4662,2026-09-28 20:11:00,5,LINE_A,H,299.7,310.0,1354,50.5,22,0
4663,2026-09-28 20:42:00,2,LINE_A,L,301.5,311.5,1186,,208,1
4664,2026-09-28 20:45:00,18,LINE_B,L,296.4,307.6,1571,44.6,126,0
4665,2026-09-28 20:49:00,9,LINE_A,M,296.4,305.5,1635,46.8,84,0
4666,2026-09-28 21:00:00,8,LINE_A,L,301.8,313.9,1721,50.1,27,1
4667,2026-09-28 21:03:00,6,LINE_A,H,303.0,314.3,1475,38.7,42,0
4668,2026-09-28 21:17:00,14,LINE_B,L,297.5,307.3,1680,58.3,72,1
4669,2026-09-28 21:20:00,12,LINE_B,H,300.2,312.0,1627,21.2,8,0
4670,2026-09-28 21:21:00,8,LINE_A,L,299.2,308.4,1778,26.6,204,0
4671,2026-09-28 21:39:00,19,LINE_B,L,299.5,309.7,1530,,30,0
4672,2026-09-28 21:40:00,19,LINE_B,L,300.6,309.3,1229,53.7,171,0
4673,2026-09-28 21:58:00,4,LINE_A,L,297.4,309.3,1528,38.9,178,0
4674,2026-09-28 22:13:00,13,LINE_B,L,297.8,306.1,1556,35.6,146,0
4675,2026-09-28 22:17:00,20,LINE_B,M,299.4,308.0,1633,54.8,121,1
4676,2026-09-28 22:25:00,10,LINE_A,L,299.7,309.1,1264,43.9,27,0
4677,2026-09-28 22:28:00,1,LINE_A,L,297.7,309.1,1484,33.5,3,0
4678,2026-09-28 22:29:00,3,LINE_A,L,301.6,312.5,1696,48.8,204,0
4679,2026-09-28 22:34:00,14,LINE_B,L,299.2,309.3,1521,47.4,43,0
4680,2026-09-28 22:43:00,19,LINE_B,H,299.2,310.2,1485,50.4,28,0
4681,2026-09-28 22:47:00,3,LINE_A,H,300.6,310.4,1883,31.3,66,0
4682,2026-09-28 22:52:00,11,LINE_B,L,299.7,310.2,1347,34.8,128,0
4683,2026-09-28 22:54:00,10,LINE_A,M,301.7,313.3,1762,34.0,29,0
4684,2026-09-28 23:02:00,6,LINE_A,M,298.1,307.9,1724,22.4,34,0
4685,2026-09-28 23:12:00,13,LINE_B,H,297.2,306.4,1499,43.2,80,0
4686,2026-09-28 23:15:00,18,LINE_B,L,299.4,309.9,1534,45.4,124,0
4687,2026-09-28 23:16:00,5,LINE_A,L,300.1,310.9,1533,48.8,221,0
4688,2026-09-28 23:37:00,2,LINE_A,L,297.5,307.6,1573,38.3,134,0
4689,2026-09-28 23:41:00,8,LINE_A,H,297.2,308.2,1433,49.2,64,0
4690,2026-09-28 23:56:00,7,LINE_A,M,300.4,310.2,1463,35.1,49,0
4691,2026-09-29 00:02:00,15,LINE_B,L,298.5,308.6,1476,49.7,7,0
4692,2026-09-29 00:10:00,11,LINE_B,L,297.1,307.5,1482,47.1,121,0
4693,2026-09-29 00:28:00,1,LINE_A,M,301.9,312.2,1484,35.3,105,0
4694,2026-09-29 00:33:00,7,LINE_A,H,298.7,310.3,1150,55.9,39,0
4695,2026-09-29 00:35:00,15,LINE_B,L,302.3,312.7,1558,48.2,206,0
4696,2026-09-29 00:35:00,10,LINE_A,M,300.1,309.8,1445,43.5,100,0
4697,2026-09-29 00:37:00,12,LINE_B,L,300.6,311.1,1204,43.5,121,0
4698,2026-09-29 00:57:00,6,LINE_A,L,299.6,310.6,1477,43.3,130,0
4699,2026-09-29 01:11:00,7,LINE_A,M,294.7,305.5,1471,46.5,32,0
4700,2026-09-29 01:19:00,3,LINE_A,M,297.7,308.4,1770,26.5,126,0
4701,2026-09-29 01:21:00,2,LINE_A,H,299.7,308.3,1443,34.9,6,0
4702,2026-09-29 01:37:00,1,LINE_A,L,300.7,308.2,1660,40.6,11,0
4703,2026-09-29 01:51:00,13,LINE_B,L,296.4,307.7,1789,39.1,188,0
4704,2026-09-29 01:59:00,4,LINE_A,L,299.9,310.3,1427,60.6,6,1
4705,2026-09-29 01:59:00,12,LINE_B,L,297.8,307.7,1531,45.6,122,0
4706,2026-09-29 02:02:00,20,LINE_B,L,300.5,311.2,1851,21.0,45,0
4707,2026-09-29 02:24:00,14,LINE_B,L,300.0,311.9,1581,55.1,163,1
4708,2026-09-29 02:26:00,12,LINE_B,L,301.5,312.9,1607,46.4,28,0
4709,2026-09-29 02:30:00,3,LINE_A,L,302.1,313.1,1467,26.2,63,0
4710,2026-09-29 02:35:00,10,LINE_A,L,300.9,310.0,1664,28.0,126,0
4711,2026-09-29 02:42:00,18,LINE_B,M,301.7,311.0,1533,36.3,54,0
4712,2026-09-29 02:42:00,8,LINE_A,L,299.3,306.9,1210,56.6,48,1
4713,2026-09-29 02:46:00,17,LINE_B,M,305.6,316.3,1476,22.9,8,0
4714,2026-09-29 02:59:00,15,LINE_B,H,297.6,308.7,1327,45.4,1,1
4715,2026-09-29 03:42:00,6,LINE_A,M,298.9,310.1,1560,45.6,28,0
4716,2026-09-29 03:58:00,3,LINE_A,L,301.8,312.5,1375,22.3,67,1
4717,2026-09-29 04:04:00,1,LINE_A,L,301.5,311.4,1626,43.4,28,0
4718,2026-09-29 04:06:00,6,LINE_A,M,301.0,310.4,1548,46.7,73,0
4719,2026-09-29 04:20:00,7,LINE_A,M,301.4,310.5,1315,40.0,127,0
4720,2026-09-29 04:36:00,14,LINE_B,L,295.8,305.7,1451,33.4,171,0
4721,2026-09-29 04:40:00,12,LINE_B,L,303.2,312.2,1652,29.8,73,0
4722,2026-09-29 04:47:00,10,LINE_A,M,299.6,311.3,1747,12.4,63,1
4723,2026-09-29 04:56:00,15,LINE_B,L,302.5,311.2,1378,42.3,184,0
4724,2026-09-29 05:05:00,16,LINE_B,M,295.9,305.7,1342,47.7,139,0
4725,2026-09-29 05:13:00,15,LINE_B,L,300.5,308.6,1891,19.7,132,0
4726,2026-09-29 05:19:00,18,LINE_B,L,298.9,309.2,1538,47.8,47,0
4727,2026-09-29 05:27:00,8,LINE_A,H,301.1,311.1,1556,40.3,83,0
4728,2026-09-29 05:34:00,17,LINE_B,L,300.6,310.3,1407,46.1,123,0
4729,2026-09-29 05:48:00,9,LINE_A,M,300.7,309.8,1579,35.6,4,0
4730,2026-09-29 06:03:00,4,LINE_A,L,297.9,307.9,1849,36.7,60,0
4731,2026-09-29 06:05:00,3,LINE_A,L,299.9,309.3,1586,49.0,127,0
4732,2026-09-29 06:08:00,2,LINE_A,H,299.6,309.5,1732,31.0,77,0
4733,2026-09-29 06:22:00,20,LINE_B,L,301.0,312.9,1545,45.9,204,0
4734,2026-09-29 06:27:00,4,LINE_A,L,302.0,312.2,1355,51.7,45,0
4735,2026-09-29 06:34:00,17,LINE_B,H,300.3,310.8,1417,47.0,69,0
4736,2026-09-29 06:38:00,16,LINE_B,M,297.4,307.0,1339,59.5,138,0
4737,2026-09-29 06:49:00,9,LINE_A,M,300.2,309.4,1579,33.0,115,0
4738,2026-09-29 07:00:00,19,LINE_B,L,305.2,315.2,1760,30.0,171,0
4739,2026-09-29 07:30:00,19,LINE_B,L,303.3,315.8,1569,32.9,191,0
4740,2026-09-29 07:33:00,19,LINE_B,M,294.1,303.8,1485,47.5,80,0
4741,2026-09-29 07:51:00,10,LINE_A,L,300.1,310.5,1398,42.1,145,0
4742,2026-09-29 07:57:00,6,LINE_A,L,301.9,311.0,1604,32.5,127,0
4743,2026-09-29 07:59:00,1,LINE_A,M,299.6,306.9,1317,60.0,137,1
4744,2026-09-29 08:18:00,17,LINE_B,L,299.1,308.3,1336,60.6,86,0
4745,2026-09-29 08:35:00,18,LINE_B,L,299.5,311.8,1702,32.5,186,0
4746,2026-09-29 08:35:00,11,LINE_B,L,301.1,311.7,1490,30.6,5,0
4747,2026-09-29 08:48:00,2,LINE_A,L,297.7,309.3,1486,56.5,100,0
4748,2026-09-29 09:04:00,17,LINE_B,M,302.4,312.0,1510,44.7,131,0
4749,2026-09-29 09:05:00,6,LINE_A,H,299.9,307.5,1671,39.4,23,0
4750,2026-09-29 09:08:00,11,LINE_B,L,298.1,307.0,1570,39.9,190,0
4751,2026-09-29 09:08:00,14,LINE_B,L,302.2,312.6,1406,37.6,120,0
4752,2026-09-29 09:12:00,3,LINE_A,M,296.9,307.1,1413,40.5,19,0
4753,2026-09-29 09:15:00,2,LINE_A,L,298.9,308.9,1505,46.5,25,0
4754,2026-09-29 09:17:00,2,LINE_A,L,298.9,308.3,1594,34.8,29,0
4755,2026-09-29 09:25:00,20,LINE_B,H,304.3,315.2,1534,43.7,44,0
4756,2026-09-29 09:38:00,20,LINE_B,M,298.6,308.1,1518,40.8,44,0
4757,2026-09-29 09:45:00,9,LINE_A,L,295.7,306.0,1548,31.3,214,0
4758,2026-09-29 09:47:00,9,LINE_A,H,298.8,309.0,1533,53.2,73,0
4759,2026-09-29 09:49:00,9,LINE_A,L,300.9,310.5,1400,49.0,34,0
4760,2026-09-29 09:58:00,8,LINE_A,H,301.6,310.7,1739,36.7,48,0
4761,2026-09-29 10:34:00,11,LINE_B,M,304.6,314.1,1453,47.0,110,0
4762,2026-09-29 10:35:00,8,LINE_A,M,302.8,314.7,1563,25.0,94,0
4763,2026-09-29 10:47:00,13,LINE_B,H,300.4,311.5,1169,47.2,1,0
4764,2026-09-29 11:15:00,8,LINE_A,M,298.2,309.2,1501,28.9,1,0
4765,2026-09-29 11:29:00,13,LINE_B,L,303.2,312.5,1342,46.9,140,0
4766,2026-09-29 11:36:00,19,LINE_B,L,299.3,307.8,1364,47.9,221,1
4767,2026-09-29 11:39:00,5,LINE_A,M,298.7,309.8,1976,28.1,7,0
4768,2026-09-29 12:07:00,2,LINE_A,M,299.2,310.1,1585,48.1,23,0
4769,2026-09-29 12:24:00,11,LINE_B,L,297.5,307.6,1761,21.4,45,0
4770,2026-09-29 12:30:00,3,LINE_A,M,299.1,308.7,1694,29.0,46,0
4771,2026-09-29 12:37:00,5,LINE_A,M,299.5,308.1,1717,38.0,128,0
4772,2026-09-29 12:54:00,16,LINE_B,L,301.5,312.3,1504,43.2,227,0
4773,2026-09-29 12:58:00,9,LINE_A,L,299.2,310.4,1829,20.8,73,0
4774,2026-09-29 12:59:00,11,LINE_B,L,297.5,306.8,1692,45.0,175,0
4775,2026-09-29 13:01:00,16,LINE_B,L,296.8,306.0,1547,52.1,2,0
4776,2026-09-29 13:27:00,3,LINE_A,L,300.4,311.7,1587,42.0,122,0
4777,2026-09-29 13:41:00,10,LINE_A,L,300.1,309.5,1515,28.7,150,0
4778,2026-09-29 14:12:00,1,LINE_A,L,298.9,310.7,1549,41.0,207,0
4779,2026-09-29 14:28:00,10,LINE_A,L,299.1,309.0,1532,43.0,197,0
4780,2026-09-29 14:34:00,5,LINE_A,M,300.8,310.4,1609,35.8,8,0
4781,2026-09-29 14:39:00,19,LINE_B,L,302.8,312.8,1853,41.4,99,0
4782,2026-09-29 14:57:00,6,LINE_A,H,298.4,308.1,1323,45.6,7,0
4783,2026-09-29 15:01:00,5,LINE_A,H,300.2,311.3,1746,50.7,1,1
4784,2026-09-29 15:10:00,1,LINE_A,M,301.9,312.8,1474,48.3,22,0
4785,2026-09-29 15:17:00,3,LINE_A,H,298.4,309.5,1769,35.4,89,0
4786,2026-09-29 15:42:00,5,LINE_A,H,300.0,310.2,1480,49.2,25,0
4787,2026-09-29 15:44:00,5,LINE_A,L,299.9,309.5,1614,50.0,177,0
4788,2026-09-29 15:56:00,15,LINE_B,M,297.4,307.4,1511,48.1,102,0
4789,2026-09-29 15:57:00,18,LINE_B,L,300.3,309.9,1228,48.7,208,0
4790,2026-09-29 16:34:00,18,LINE_B,M,300.1,311.5,1853,25.3,76,0
4791,2026-09-29 16:39:00,20,LINE_B,L,301.1,312.1,1370,36.1,234,0
4792,2026-09-29 16:40:00,18,LINE_B,L,297.6,307.5,1555,20.0,102,1
4793,2026-09-29 16:42:00,10,LINE_A,L,300.0,309.1,1351,47.1,189,0
4794,2026-09-29 16:43:00,8,LINE_A,H,302.8,314.3,1299,44.1,75,0
4795,2026-09-29 16:48:00,13,LINE_B,L,304.2,314.3,1503,38.4,130,0
4796,2026-09-29 16:55:00,7,LINE_A,L,302.6,312.4,1433,51.4,76,0
4797,2026-09-29 17:03:00,13,LINE_B,L,297.6,309.2,1330,45.4,38,0
4798,2026-09-29 17:05:00,20,LINE_B,L,300.9,310.4,1534,55.4,20,0
4799,2026-09-29 17:13:00,4,LINE_A,H,299.0,308.7,1273,43.4,48,0
4800,2026-09-29 17:22:00,16,LINE_B,M,300.6,310.3,1563,31.6,57,0
4801,2026-09-29 17:23:00,19,LINE_B,L,298.5,307.1,1517,30.6,50,0
4802,2026-09-29 17:23:00,11,LINE_B,L,296.6,306.9,1150,57.5,183,0
4803,2026-09-29 17:41:00,8,LINE_A,L,299.3,308.5,1446,52.0,39,0
4804,2026-09-29 17:51:00,6,LINE_A,L,301.4,310.9,1624,32.7,113,0
4805,2026-09-29 18:02:00,4,LINE_A,H,300.6,309.9,1349,37.2,41,0
4806,2026-09-29 18:02:00,7,LINE_A,M,300.8,310.2,1632,49.5,140,0
4807,2026-09-29 18:05:00,15,LINE_B,L,300.4,309.6,1618,26.1,25,0
4808,2026-09-29 18:07:00,11,LINE_B,M,300.8,311.1,1357,53.6,123,0
4809,2026-09-29 18:30:00,5,LINE_A,L,301.1,310.9,1538,35.5,164,0
4810,2026-09-29 18:46:00,11,LINE_B,M,299.5,309.5,1688,38.7,113,0
4811,2026-09-29 18:46:00,17,LINE_B,M,300.2,312.5,1382,53.3,112,0
4812,2026-09-29 18:52:00,1,LINE_A,M,303.5,313.3,1503,44.9,111,0
4813,2026-09-29 18:55:00,1,LINE_A,M,300.3,310.9,1747,31.4,62,0
4814,2026-09-29 19:04:00,20,LINE_B,H,300.1,310.8,1386,55.8,56,0
4815,2026-09-29 19:13:00,15,LINE_B,L,300.2,310.1,1623,39.8,87,0
4816,2026-09-29 19:13:00,12,LINE_B,L,299.6,309.8,1346,75.3,216,1
4817,2026-09-29 19:13:00,19,LINE_B,L,299.1,309.1,1511,27.2,54,0
4818,2026-09-29 19:16:00,12,LINE_B,M,300.4,310.6,1620,23.8,85,0
4819,2026-09-29 19:20:00,11,LINE_B,M,299.0,308.4,1150,59.7,30,0
4820,2026-09-29 19:28:00,5,LINE_A,M,299.7,309.2,1444,42.6,53,0
4821,2026-09-29 19:32:00,17,LINE_B,M,298.4,308.4,1617,44.0,139,0
4822,2026-09-29 20:29:00,16,LINE_B,L,300.2,308.2,1581,30.0,47,0
4823,2026-09-29 20:48:00,6,LINE_A,M,301.2,312.7,1446,43.3,127,0
4824,2026-09-29 21:05:00,15,LINE_B,M,299.6,311.7,1341,49.6,117,0
4825,2026-09-29 21:11:00,15,LINE_B,L,296.0,306.2,1653,32.3,87,0
4826,2026-09-29 21:13:00,2,LINE_A,L,301.2,311.8,1482,43.6,89,0
4827,2026-09-29 21:15:00,4,LINE_A,L,300.2,311.3,1638,26.2,1,0
4828,2026-09-29 21:32:00,12,LINE_B,L,298.0,306.7,1608,41.1,189,0
4829,2026-09-29 21:33:00,13,LINE_B,M,301.5,312.5,1459,54.0,95,0
4830,2026-09-29 21:54:00,14,LINE_B,H,297.2,306.8,1733,24.3,94,0
4831,2026-09-29 22:01:00,8,LINE_A,M,302.1,314.4,1433,32.8,41,0
4832,2026-09-29 22:14:00,17,LINE_B,L,299.9,309.7,1754,43.1,95,0
4833,2026-09-29 22:15:00,9,LINE_A,M,295.5,306.4,1778,22.3,98,0
4834,2026-09-29 22:21:00,5,LINE_A,M,300.4,310.2,1729,41.1,49,0
4835,2026-09-29 22:26:00,3,LINE_A,L,299.2,311.4,1507,41.4,76,0
4836,2026-09-29 22:27:00,18,LINE_B,H,298.9,308.4,1998,22.9,16,0
4837,2026-09-29 22:34:00,15,LINE_B,L,298.5,309.7,1567,50.9,237,1
4838,2026-09-29 22:36:00,10,LINE_A,L,299.7,310.4,1583,46.1,114,0
4839,2026-09-29 23:18:00,5,LINE_A,L,299.0,309.4,1536,42.4,184,0
4840,2026-09-29 23:36:00,2,LINE_A,L,296.3,306.5,1337,28.9,156,0
4841,2026-09-29 23:43:00,4,LINE_A,H,302.5,311.9,1773,38.7,57,0
4842,2026-09-29 23:43:00,3,LINE_A,L,299.5,306.9,1437,34.5,75,0
4843,2026-09-29 23:59:00,11,LINE_B,L,298.5,309.6,1706,33.3,75,0
4844,2026-09-30 00:08:00,4,LINE_A,L,297.7,307.3,1749,33.8,116,0
4845,2026-09-30 00:12:00,3,LINE_A,L,301.5,312.7,1649,51.9,32,0
4846,2026-09-30 00:29:00,6,LINE_A,L,297.4,307.8,1415,41.7,128,0
4847,2026-09-30 00:31:00,14,LINE_B,L,300.3,311.5,1479,30.5,21,0
4848,2026-09-30 00:38:00,10,LINE_A,M,298.8,309.6,1150,63.5,40,0
4849,2026-09-30 00:42:00,4,LINE_A,L,298.9,306.5,1519,46.4,151,0
4850,2026-09-30 00:55:00,15,LINE_B,M,297.8,308.4,1684,41.8,3,0
4851,2026-09-30 00:57:00,10,LINE_A,L,298.8,308.4,1497,53.2,10,0
4852,2026-09-30 01:04:00,4,LINE_A,M,300.0,311.2,1434,57.0,31,0
4853,2026-09-30 01:16:00,14,LINE_B,H,300.5,311.1,1486,34.5,72,0
4854,2026-09-30 01:17:00,20,LINE_B,L,298.4,309.0,1759,22.3,192,0
4855,2026-09-30 01:24:00,11,LINE_B,L,299.8,309.5,1530,47.0,0,0
4856,2026-09-30 01:40:00,4,LINE_A,H,301.8,310.9,1874,27.9,26,0
4857,2026-09-30 02:15:00,7,LINE_A,L,296.7,306.2,1437,41.7,13,0
4858,2026-09-30 02:20:00,12,LINE_B,M,300.0,308.2,1579,29.9,2,0
4859,2026-09-30 02:34:00,20,LINE_B,L,298.1,307.5,1462,47.0,226,0
4860,2026-09-30 02:45:00,19,LINE_B,L,297.9,306.4,1913,32.0,101,0
4861,2026-09-30 02:46:00,19,LINE_B,M,300.5,309.1,1572,37.8,114,0
4862,2026-09-30 02:51:00,17,LINE_B,H,298.9,309.0,1923,17.4,65,0
4863,2026-09-30 02:55:00,12,LINE_B,L,297.6,308.1,1464,51.9,107,0
4864,2026-09-30 02:56:00,13,LINE_B,M,302.6,312.6,1815,33.8,108,0
4865,2026-09-30 03:03:00,15,LINE_B,M,301.8,311.3,1561,48.3,35,0
4866,2026-09-30 03:16:00,15,LINE_B,L,296.1,305.2,1691,18.7,99,1
4867,2026-09-30 03:20:00,13,LINE_B,L,297.1,306.7,1320,47.0,90,0
4868,2026-09-30 03:23:00,3,LINE_A,L,301.2,310.4,1603,32.4,137,0
4869,2026-09-30 03:47:00,18,LINE_B,L,299.4,309.4,1348,46.1,50,0
4870,2026-09-30 03:50:00,1,LINE_A,M,303.0,311.5,1586,46.2,107,0
4871,2026-09-30 04:09:00,9,LINE_A,L,301.2,311.9,1267,51.2,202,0
4872,2026-09-30 04:10:00,9,LINE_A,L,300.6,310.0,1523,40.7,213,0
4873,2026-09-30 04:23:00,20,LINE_B,M,298.0,308.3,1737,,128,0
4874,2026-09-30 04:25:00,2,LINE_A,M,301.0,311.9,1639,24.6,92,0
4875,2026-09-30 04:34:00,10,LINE_A,M,297.4,307.8,1318,39.4,115,0
4876,2026-09-30 04:37:00,8,LINE_A,M,302.6,313.4,1198,59.2,99,0
4877,2026-09-30 04:44:00,2,LINE_A,L,300.8,308.8,1629,33.3,228,0
4878,2026-09-30 04:47:00,5,LINE_A,M,298.4,307.9,1825,40.6,14,0
4879,2026-09-30 04:53:00,9,LINE_A,L,301.6,312.7,1366,51.8,47,0
4880,2026-09-30 04:59:00,19,LINE_B,L,304.5,315.0,1918,35.7,100,0
4881,2026-09-30 05:09:00,8,LINE_A,L,299.6,311.4,1539,42.7,149,0
4882,2026-09-30 05:11:00,18,LINE_B,M,301.1,312.8,1187,47.1,128,0
4883,2026-09-30 05:22:00,15,LINE_B,M,299.1,309.4,1259,47.2,13,0
4884,2026-09-30 05:40:00,17,LINE_B,L,300.2,309.9,1679,41.0,38,0
4885,2026-09-30 05:40:00,18,LINE_B,H,297.0,306.0,1563,22.3,82,0
4886,2026-09-30 05:42:00,15,LINE_B,H,300.0,309.5,1807,41.9,30,0
4887,2026-09-30 05:47:00,15,LINE_B,L,300.1,309.7,1324,42.5,4,0
4888,2026-09-30 06:07:00,4,LINE_A,M,303.6,313.0,1561,38.7,97,0
4889,2026-09-30 06:07:00,15,LINE_B,L,296.4,305.5,1541,39.3,210,0
4890,2026-09-30 06:18:00,1,LINE_A,H,299.4,309.8,1514,40.5,86,0
4891,2026-09-30 06:23:00,15,LINE_B,L,302.6,314.3,1471,31.6,205,0
4892,2026-09-30 06:25:00,14,LINE_B,L,299.5,310.4,1475,43.2,14,0
4893,2026-09-30 06:27:00,16,LINE_B,L,299.7,309.3,1571,43.8,32,0
4894,2026-09-30 06:41:00,13,LINE_B,L,298.3,309.3,1594,22.0,208,0
4895,2026-09-30 06:45:00,8,LINE_A,M,298.1,308.5,1585,28.2,100,0
4896,2026-09-30 07:04:00,8,LINE_A,L,296.3,306.3,1757,40.7,52,0
4897,2026-09-30 07:20:00,12,LINE_B,L,298.7,308.6,1324,52.2,93,0
4898,2026-09-30 07:25:00,10,LINE_A,M,298.0,307.8,1214,52.2,124,0
4899,2026-09-30 07:42:00,7,LINE_A,H,300.2,310.9,1723,29.1,89,0
4900,2026-09-30 07:45:00,10,LINE_A,M,298.4,308.6,1370,50.8,128,0
4901,2026-09-30 07:47:00,11,LINE_B,L,299.0,308.3,1472,32.4,110,0
4902,2026-09-30 07:49:00,5,LINE_A,L,299.1,308.3,1430,42.2,186,0
4903,2026-09-30 07:53:00,13,LINE_B,L,299.9,310.2,1426,33.0,10,0
4904,2026-09-30 07:53:00,7,LINE_A,H,298.9,309.4,1278,46.6,88,0
4905,2026-09-30 07:56:00,6,LINE_A,M,297.9,307.6,1437,34.8,32,0
4906,2026-09-30 08:04:00,9,LINE_A,M,300.2,309.0,1657,42.5,138,0
4907,2026-09-30 08:04:00,3,LINE_A,H,302.1,313.4,1539,43.5,1,0
4908,2026-09-30 08:25:00,13,LINE_B,L,300.3,311.3,1631,32.7,222,0
4909,2026-09-30 08:28:00,15,LINE_B,M,298.8,306.8,1451,51.4,76,0
4910,2026-09-30 08:36:00,20,LINE_B,L,299.8,311.1,1703,27.5,123,0
4911,2026-09-30 08:50:00,6,LINE_A,L,295.9,305.7,1448,42.5,162,0
4912,2026-09-30 08:58:00,11,LINE_B,L,299.7,309.9,1160,46.5,111,0
4913,2026-09-30 09:03:00,11,LINE_B,L,299.2,310.3,1597,44.2,228,1
4914,2026-09-30 09:11:00,15,LINE_B,H,298.1,309.8,1678,41.0,10,0
4915,2026-09-30 09:56:00,13,LINE_B,L,298.5,309.5,1439,53.4,157,0
4916,2026-09-30 10:07:00,17,LINE_B,H,299.2,309.4,1756,34.2,20,0
4917,2026-09-30 10:44:00,18,LINE_B,M,302.0,310.6,1387,20.9,5,1
4918,2026-09-30 11:05:00,3,LINE_A,M,302.2,310.2,1661,32.9,94,0
4919,2026-09-30 11:14:00,8,LINE_A,H,298.1,309.0,1854,43.1,65,0
4920,2026-09-30 11:32:00,14,LINE_B,L,299.0,310.3,1547,37.2,30,0
4921,2026-09-30 11:32:00,11,LINE_B,L,299.0,308.2,1499,25.9,174,0
4922,2026-09-30 11:47:00,10,LINE_A,L,301.6,311.3,1521,44.2,226,0
4923,2026-09-30 11:48:00,4,LINE_A,L,300.3,309.7,1833,35.4,166,0
4924,2026-09-30 11:52:00,12,LINE_B,H,300.2,309.6,1613,32.0,22,0
4925,2026-09-30 12:04:00,15,LINE_B,L,301.1,312.1,1926,26.4,20,0
4926,2026-09-30 12:05:00,1,LINE_A,L,298.8,309.0,1590,31.7,21,0
4927,2026-09-30 12:14:00,12,LINE_B,L,302.7,312.5,1422,47.7,148,0
4928,2026-09-30 12:14:00,19,LINE_B,L,300.0,312.7,1435,43.6,56,0
4929,2026-09-30 12:14:00,12,LINE_B,M,298.3,306.9,1551,30.3,53,0
4930,2026-09-30 12:18:00,20,LINE_B,L,299.5,310.1,1173,50.9,11,0
4931,2026-09-30 12:35:00,8,LINE_A,M,302.5,311.4,1455,36.7,63,0
4932,2026-09-30 13:02:00,1,LINE_A,M,299.1,309.0,1458,54.1,23,0
4933,2026-09-30 13:12:00,14,LINE_B,M,301.9,312.0,1583,45.9,61,0
4934,2026-09-30 13:12:00,5,LINE_A,L,298.7,309.6,1890,28.5,141,0
4935,2026-09-30 13:14:00,1,LINE_A,M,298.5,308.2,1550,40.4,138,0
4936,2026-09-30 13:38:00,4,LINE_A,L,301.3,311.0,1194,58.5,69,0
4937,2026-09-30 13:50:00,19,LINE_B,L,298.3,308.0,1375,43.5,77,0
4938,2026-09-30 13:51:00,16,LINE_B,M,301.6,310.6,1587,44.7,115,0
4939,2026-09-30 13:52:00,6,LINE_A,M,300.7,311.3,1557,51.3,137,0
4940,2026-09-30 13:55:00,12,LINE_B,L,298.3,308.5,1832,27.3,97,0
4941,2026-09-30 13:57:00,7,LINE_A,H,299.9,310.3,1713,48.0,33,0
4942,2026-09-30 14:11:00,4,LINE_A,L,298.9,308.8,1707,45.8,171,0
4943,2026-09-30 14:11:00,20,LINE_B,M,300.7,310.5,1501,43.2,108,0
4944,2026-09-30 14:20:00,17,LINE_B,H,303.8,315.0,1738,30.5,68,0
4945,2026-09-30 14:39:00,8,LINE_A,M,299.3,310.3,1379,46.7,92,0
4946,2026-09-30 14:42:00,8,LINE_A,H,301.1,312.5,1714,32.8,13,0
4947,2026-09-30 14:46:00,17,LINE_B,M,300.0,310.4,1489,35.2,37,0
4948,2026-09-30 14:48:00,10,LINE_A,M,300.0,311.4,1279,52.1,8,0
4949,2026-09-30 14:51:00,8,LINE_A,M,299.7,309.3,1647,28.6,56,0
4950,2026-09-30 15:10:00,8,LINE_A,M,298.3,308.1,1792,29.7,121,0
4951,2026-09-30 15:11:00,9,LINE_A,L,300.7,311.9,1467,39.6,53,0
4952,2026-09-30 15:33:00,11,LINE_B,M,299.4,310.3,1821,20.6,101,0
4953,2026-09-30 15:36:00,1,LINE_A,L,298.2,307.9,1242,54.2,101,0
4954,2026-09-30 15:36:00,10,LINE_A,H,302.0,311.0,1325,44.6,16,0
4955,2026-09-30 16:05:00,9,LINE_A,L,300.2,310.0,1514,51.2,53,0
4956,2026-09-30 16:09:00,6,LINE_A,L,299.5,308.9,1473,40.0,163,0
4957,2026-09-30 16:13:00,8,LINE_A,H,302.7,314.4,1420,40.3,76,0
4958,2026-09-30 16:25:00,9,LINE_A,L,296.3,307.1,1564,32.0,79,0
4959,2026-09-30 16:58:00,8,LINE_A,L,302.5,311.8,1445,43.2,220,0
4960,2026-09-30 17:10:00,19,LINE_B,M,298.2,307.2,1475,42.3,8,0
4961,2026-09-30 17:16:00,11,LINE_B,L,300.4,309.6,1590,44.4,137,0
4962,2026-09-30 17:22:00,11,LINE_B,L,298.8,308.3,1420,44.1,54,0
4963,2026-09-30 17:24:00,6,LINE_A,L,298.2,308.0,1521,57.3,214,1
4964,2026-09-30 17:46:00,19,LINE_B,L,302.6,313.7,1424,47.1,181,0
4965,2026-09-30 17:47:00,1,LINE_A,L,303.7,312.7,1323,38.6,14,0
4966,2026-09-30 17:49:00,12,LINE_B,L,299.6,311.8,1677,27.3,93,0
4967,2026-09-30 18:17:00,4,LINE_A,L,300.7,309.7,1847,35.1,179,0
4968,2026-09-30 18:20:00,16,LINE_B,L,300.1,308.7,1732,26.1,130,0
4969,2026-09-30 18:21:00,8,LINE_A,L,303.5,315.1,1600,43.0,117,0
4970,2026-09-30 18:24:00,6,LINE_A,M,295.8,307.1,1425,50.6,19,0
4971,2026-09-30 18:41:00,2,LINE_A,M,300.8,310.6,1488,48.9,82,0
4972,2026-09-30 18:43:00,16,LINE_B,L,298.5,308.9,1730,27.3,22,0
4973,2026-09-30 18:49:00,8,LINE_A,L,295.3,305.7,1150,59.1,76,0
4974,2026-09-30 19:01:00,6,LINE_A,H,299.3,309.4,1475,44.5,23,0
4975,2026-09-30 19:04:00,17,LINE_B,M,303.7,312.4,1672,31.2,94,0
4976,2026-09-30 19:16:00,1,LINE_A,L,298.7,306.2,1335,44.9,113,1
4977,2026-09-30 19:26:00,10,LINE_A,L,301.6,310.7,1616,41.5,102,0
4978,2026-09-30 19:33:00,4,LINE_A,L,302.4,314.2,1608,32.6,203,0
4979,2026-09-30 19:37:00,3,LINE_A,H,300.0,311.8,1278,50.3,37,0
4980,2026-09-30 20:10:00,1,LINE_A,H,300.2,310.0,1556,51.1,73,0
4981,2026-09-30 20:12:00,4,LINE_A,H,296.6,305.6,1429,51.0,85,0
4982,2026-09-30 20:17:00,19,LINE_B,L,298.6,308.8,1615,38.4,38,1
4983,2026-09-30 20:26:00,9,LINE_A,L,301.8,312.3,1661,38.3,178,0
4984,2026-09-30 20:49:00,20,LINE_B,L,300.1,310.7,1612,33.5,17,0
4985,2026-09-30 20:52:00,6,LINE_A,L,300.7,308.2,1553,35.5,153,0
4986,2026-09-30 21:03:00,16,LINE_B,L,300.3,313.4,1592,26.1,54,0
4987,2026-09-30 21:12:00,2,LINE_A,M,304.4,315.5,1328,48.4,37,0
4988,2026-09-30 21:13:00,3,LINE_A,L,299.1,308.9,1534,45.6,204,0
4989,2026-09-30 21:56:00,1,LINE_A,H,303.2,312.5,1397,43.7,18,0
4990,2026-09-30 21:57:00,18,LINE_B,L,300.3,311.3,1726,27.4,123,0
4991,2026-09-30 22:03:00,14,LINE_B,L,303.4,313.9,1663,36.8,187,0
4992,2026-09-30 22:09:00,15,LINE_B,H,297.6,307.6,1662,47.1,77,0
4993,2026-09-30 22:23:00,19,LINE_B,M,300.4,310.8,1848,37.9,29,0
4994,2026-09-30 22:46:00,7,LINE_A,L,299.2,309.1,1481,41.5,88,0
4995,2026-09-30 22:47:00,15,LINE_B,M,300.3,310.7,1441,59.3,80,0
4996,2026-09-30 23:03:00,11,LINE_B,L,302.4,313.2,1476,63.5,141,1
4997,2026-09-30 23:14:00,11,LINE_B,L,300.8,311.1,1252,44.8,39,0
4998,2026-09-30 23:17:00,14,LINE_B,L,302.4,312.7,1266,46.3,142,0
4999,2026-09-30 23:24:00,10,LINE_A,L,298.7,310.1,1652,42.2,0,0
5000,2026-09-30 23:28:00,1,LINE_A,M,298.4,306.8,1289,40.2,90,1
